name,rss_url,domain,category,tier,authority,reason
FCC.gov - News Releases,https://www.fcc.gov/rss/news-releases,fcc.gov,Government,1,100.0,dead/unreachable feed
FCC.gov - Headlines,https://www.fcc.gov/rss/headlines,fcc.gov,Government,1,100.0,dead/unreachable feed
Telco Magazine,https://www.telcomagazine.com/feed/,telcomagazine.com,Telecom Trade,3,82.0,dead/unreachable feed
Wireless Week,https://www.wirelessweek.com/rss.xml,wirelessweek.com,Telecom Trade,3,82.0,dead/unreachable feed
TeleGeography,https://www.telegeography.com/feed/,telegeography.com,Telecom Trade,3,82.0,dead/unreachable feed
Vanilla Plus,https://www.vanillaplus.com/feed/,vanillaplus.com,Telecom Trade,3,82.0,dead/unreachable feed
Developing Telecoms,https://developingtelecoms.com/feed,developingtelecoms.com,Telecom Trade,3,82.0,dead/unreachable feed
Comms Update,https://www.commsupdate.com/feed/,commsupdate.com,Telecom Trade,3,82.0,dead/unreachable feed
Network World,https://www.networkworld.com/index.rss,networkworld.com,Telecom Trade,3,82.0,dead/unreachable feed
TV Technology,https://www.tvtechnology.com/rss.xml,tvtechnology.com,Broadcast/Radio,5,72.0,dead/unreachable feed
NextTV,https://www.nexttv.com/rss.xml,nexttv.com,Broadcast/Radio,5,72.0,dead/unreachable feed
Inside Radio,https://www.insideradio.com/rss.xml,insideradio.com,Broadcast/Radio,5,72.0,dead/unreachable feed
Talkers,https://talkers.com/feed/,talkers.com,Broadcast/Radio,5,72.0,dead/unreachable feed
Cord Cutters News,https://cordcuttersnews.com/feed/,cordcuttersnews.com,Broadcast/Radio,5,72.0,dead/unreachable feed
TechFreedom,https://techfreedom.org/feed/,techfreedom.org,Government,1,95.0,dead/unreachable feed
EFF,https://www.eff.org/rss/updates.xml,eff.org,Government,1,95.0,dead/unreachable feed
Law360,https://www.law360.com/rss/articles,law360.com,Government,1,95.0,dead/unreachable feed
National Law Review,https://www.natlawreview.com/recent/feed,natlawreview.com,Government,1,95.0,dead/unreachable feed
Yale JREG,https://www.yalejreg.com/feed/,yalejreg.com,Government,1,95.0,dead/unreachable feed
ITIF,https://itif.org/feed/,itif.org,Government,1,95.0,dead/unreachable feed
CSIS,https://www.csis.org/rss.xml,csis.org,Government,1,95.0,dead/unreachable feed
Politico,https://www.politico.com/rss/technology.xml,politico.com,Government,1,95.0,dead/unreachable feed
The Verge,https://www.theverge.com/rss/index.xml,theverge.com,Technology,4,76.0,dead/unreachable feed
TechRadar,https://www.techradar.com/feeds/,techradar.com,Technology,4,76.0,dead/unreachable feed
PCMag,https://www.pcmag.com/feeds/latest,pcmag.com,Technology,4,76.0,dead/unreachable feed
CRN,https://www.crn.com/rss,crn.com,Technology,4,76.0,dead/unreachable feed
Reuters Technology,https://feeds.reuters.com/reuters/technologyNews,feeds.reuters.com,Major News/Wire,2,92.0,dead/unreachable feed
Reuters Business,https://feeds.reuters.com/reuters/businessNews,feeds.reuters.com,Major News/Wire,2,92.0,dead/unreachable feed
Wall Street Journal Tech,https://feeds.content.dowjones.io/public/rss/mw_technology,feeds.content.dowjones.io,Major News/Wire,2,92.0,dead/unreachable feed
Washington Post Tech,https://feeds.washingtonpost.com/rss/business/technology,feeds.washingtonpost.com,Major News/Wire,2,92.0,dead/unreachable feed
CNN Tech,https://rss.cnn.com/rss/cnn_tech.rss,rss.cnn.com,Major News/Wire,2,92.0,dead/unreachable feed
Multichannel News,https://www.nexttv.com/rss/multichannel,nexttv.com,General,8,40.0,dead/unreachable feed
Broadcasting & Cable,https://www.nexttv.com/rss/broadcasting-cable,nexttv.com,General,8,40.0,dead/unreachable feed
Communications Daily,https://communicationsdaily.com/feed/,communicationsdaily.com,General,8,40.0,unclassified/community/low-value — content-farm risk
IEEE Spectrum,https://spectrum.ieee.org/feeds/feed.rss,spectrum.ieee.org,General,8,40.0,unclassified/community/low-value — content-farm risk
MIT Tech Review,https://www.technologyreview.com/feed/,technologyreview.com,General,8,40.0,unclassified/community/low-value — content-farm risk
Oped News Telecom,https://www.opednews.com/populum/rss_telecom.php,opednews.com,General,8,40.0,dead/unreachable feed
Tech Policy Press,https://techpolicy.press/feed/,techpolicy.press,General,8,40.0,unclassified/community/low-value — content-farm risk
Protocol,https://www.protocol.com/feeds/feed.rss,protocol.com,General,8,40.0,dead/unreachable feed
Morning Consult Tech,https://morningconsult.com/feed/,morningconsult.com,General,8,40.0,dead/unreachable feed
Pew Research Tech,https://www.pewresearch.org/feed/,pewresearch.org,General,8,40.0,unclassified/community/low-value — content-farm risk
Government Executive,https://www.govexec.com/rss/all/,govexec.com,General,8,40.0,unclassified/community/low-value — content-farm risk
Federal Computer Week,https://fcw.com/rss/rss.ashx,fcw.com,General,8,40.0,dead/unreachable feed
Defense One Tech,https://www.defenseone.com/rss/technology/,defenseone.com,General,8,40.0,unclassified/community/low-value — content-farm risk
Inside Cybersecurity,https://insidecybersecurity.com/rss.xml,insidecybersecurity.com,General,8,40.0,unclassified/community/low-value — content-farm risk
Access Intelligence,https://www.accessintel.com/feed/,accessintel.com,General,8,40.0,unclassified/community/low-value — content-farm risk
Telecom Ramblings,https://www.telecomramblings.com/feed/,telecomramblings.com,General,8,40.0,unclassified/community/low-value — content-farm risk
CircleID,https://www.circleid.com/rss/posts/,circleid.com,General,8,40.0,unclassified/community/low-value — content-farm risk
IP Watch,https://www.ip-watch.org/feed/,ip-watch.org,General,8,40.0,dead/unreachable feed
Multichannel Merchant,https://multichannelmerchant.com/feed/,multichannelmerchant.com,General,8,40.0,unclassified/community/low-value — content-farm risk
Satellite Today,https://www.satellitetoday.com/feed/,satellitetoday.com,General,8,40.0,unclassified/community/low-value — content-farm risk
Via Satellite,https://www.satellitetoday.com/via-satellite/feed/,satellitetoday.com,General,8,40.0,unclassified/community/low-value — content-farm risk
Space News,https://spacenews.com/feed/,spacenews.com,General,8,40.0,unclassified/community/low-value — content-farm risk
Broadband Communities,https://www.bbcmag.com/rss/,bbcmag.com,General,8,40.0,dead/unreachable feed
ISP Review UK,https://www.ispreview.co.uk/index.php/feed,ispreview.co.uk,General,8,40.0,unclassified/community/low-value — content-farm risk
Telecom Asia,https://www.telecomasia.net/rss.xml,telecomasia.net,General,8,40.0,unclassified/community/low-value — content-farm risk
Telecom Lead,https://www.telecomlead.com/feed,telecomlead.com,General,8,40.0,unclassified/community/low-value — content-farm risk
Enterprise Networking Planet,https://www.enterprisenetworkingplanet.com/feed/,enterprisenetworkingplanet.com,General,8,40.0,unclassified/community/low-value — content-farm risk
Data Center Knowledge,https://www.datacenterknowledge.com/rss.xml,datacenterknowledge.com,General,8,40.0,unclassified/community/low-value — content-farm risk
Fierce Healthcare IT,https://www.fiercehealthcare.com/rss/xml,fiercehealthcare.com,General,8,40.0,unclassified/community/low-value — content-farm risk
Fierce Education,https://www.fierceeducation.com/rss/xml,fierceeducation.com,General,8,40.0,unclassified/community/low-value — content-farm risk
E-Commerce Times,https://www.ecommercetimes.com/rss-feed/,ecommercetimes.com,General,8,40.0,unclassified/community/low-value — content-farm risk
LinuxInsider,https://linuxinsider.com/rss-feed/,linuxinsider.com,General,8,40.0,unclassified/community/low-value — content-farm risk
TechNewsWorld,https://www.technewsworld.com/rss-feed/,technewsworld.com,General,8,40.0,unclassified/community/low-value — content-farm risk
MacNewsWorld,https://www.macnewsworld.com/rss-feed/,macnewsworld.com,General,8,40.0,dead/unreachable feed
Tech Republic,https://www.techrepublic.com/rssfeeds/articles/,techrepublic.com,General,8,40.0,unclassified/community/low-value — content-farm risk
InformationWeek,https://www.informationweek.com/rss_simple.asp,informationweek.com,General,8,40.0,unclassified/community/low-value — content-farm risk
Computerworld,https://www.computerworld.com/index.rss,computerworld.com,General,8,40.0,dead/unreachable feed
InfoWorld,https://www.infoworld.com/index.rss,infoworld.com,General,8,40.0,dead/unreachable feed
CSO Online,https://www.csoonline.com/index.rss,csoonline.com,General,8,40.0,dead/unreachable feed
IT World Canada,https://www.itworldcanada.com/blog/feed,itworldcanada.com,General,8,40.0,dead/unreachable feed
ZD Net UK,https://www.zdnet.com/topic/networking/rss.xml,zdnet.com,General,8,40.0,dead/unreachable feed
The Register,https://www.theregister.com/headlines.atom,theregister.com,General,8,40.0,unclassified/community/low-value — content-farm risk
Ars UK,https://arstechnica.co.uk/feed/,arstechnica.co.uk,General,8,40.0,unclassified/community/low-value — content-farm risk
Hot Hardware,https://hothardware.com/rss/news.aspx,hothardware.com,General,8,40.0,unclassified/community/low-value — content-farm risk
Extreme Tech,https://www.extremetech.com/feed,extremetech.com,General,8,40.0,unclassified/community/low-value — content-farm risk
Hack Read,https://www.hackread.com/feed/,hackread.com,General,8,40.0,unclassified/community/low-value — content-farm risk
Bleeping Computer,https://www.bleepingcomputer.com/feed/,bleepingcomputer.com,General,8,40.0,unclassified/community/low-value — content-farm risk
Krebs on Security,https://krebsonsecurity.com/feed/,krebsonsecurity.com,General,8,40.0,dead/unreachable feed
Threatpost,https://threatpost.com/feed/,threatpost.com,General,8,40.0,unclassified/community/low-value — content-farm risk
The Record,https://therecord.media/feed,therecord.media,General,8,40.0,unclassified/community/low-value — content-farm risk
CyberWire,https://thecyberwire.com/feeds/rss.xml,thecyberwire.com,General,8,40.0,unclassified/community/low-value — content-farm risk
Lawfare,https://www.lawfaremedia.org/feed,lawfaremedia.org,General,8,40.0,unclassified/community/low-value — content-farm risk
Just Security,https://www.justsecurity.org/feed/,justsecurity.org,General,8,40.0,unclassified/community/low-value — content-farm risk
Above the Law,https://abovethelaw.com/feed/,abovethelaw.com,General,8,40.0,dead/unreachable feed
JD Supra Telecom,https://www.jdsupra.com/topics/telecommunications/rss/,jdsupra.com,General,8,40.0,unclassified/community/low-value — content-farm risk
JD Supra FCC,https://www.jdsupra.com/topics/fcc/rss/,jdsupra.com,General,8,40.0,unclassified/community/low-value — content-farm risk
Lexology Telecom,https://www.lexology.com/rss/latest?topic=telecom,lexology.com,General,8,40.0,unclassified/community/low-value — content-farm risk
Mondaq Telecom,https://www.mondaq.com/rss/telecommunications/,mondaq.com,General,8,40.0,dead/unreachable feed
Inside Privacy,https://www.insideprivacy.com/feed/,insideprivacy.com,General,8,40.0,unclassified/community/low-value — content-farm risk
IAPP News,https://iapp.org/news/rss/,iapp.org,General,8,40.0,dead/unreachable feed
Future of Privacy Forum,https://fpf.org/feed/,fpf.org,General,8,40.0,unclassified/community/low-value — content-farm risk
CDT,https://cdt.org/feed/,cdt.org,General,8,40.0,unclassified/community/low-value — content-farm risk
Free Press,https://freepress.net/rss.xml,freepress.net,General,8,40.0,dead/unreachable feed
Media Alliance,https://www.media-alliance.org/feed/,media-alliance.org,General,8,40.0,unclassified/community/low-value — content-farm risk
Common Cause,https://www.commoncause.org/feed/,commoncause.org,General,8,40.0,unclassified/community/low-value — content-farm risk
Consumer Reports Tech,https://www.consumerreports.org/cro/news/index.htm,consumerreports.org,General,8,40.0,unclassified/community/low-value — content-farm risk
FTC News,https://www.ftc.gov/feeds/press-release-rss.xml,ftc.gov,General,8,40.0,dead/unreachable feed
DOJ Press,https://www.justice.gov/feeds/opa/justice-news.xml,justice.gov,General,8,40.0,dead/unreachable feed
FTC Business,https://www.ftc.gov/feeds/business-guidance.xml,ftc.gov,General,8,40.0,dead/unreachable feed
NTIA,https://www.ntia.gov/rss.xml,ntia.gov,General,8,40.0,dead/unreachable feed
USAC,https://www.usac.org/rss/,usac.org,General,8,40.0,unclassified/community/low-value — content-farm risk
RUS USDA,https://www.rd.usda.gov/rss/updates,rd.usda.gov,General,8,40.0,unclassified/community/low-value — content-farm risk
FCC Watch,https://fccwatch.com/feed/,fccwatch.com,General,8,40.0,dead/unreachable feed
Communications Lawyer,https://communicationslawyer.net/feed/,communicationslawyer.net,General,8,40.0,dead/unreachable feed
Telecom Policy,https://telepolicyblog.wordpress.com/feed/,telepolicyblog.wordpress.com,General,8,40.0,unclassified/community/low-value — content-farm risk
Technology Liberation Front,https://techliberation.com/feed/,techliberation.com,General,8,40.0,unclassified/community/low-value — content-farm risk
Truth on the Market,https://truthonthemarket.com/feed/,truthonthemarket.com,General,8,40.0,unclassified/community/low-value — content-farm risk
Competition Policy Intl,https://www.competitionpolicyinternational.com/feed/,competitionpolicyinternational.com,General,8,40.0,unclassified/community/low-value — content-farm risk
Reason Tech,https://reason.com/tag/technology/feed/,reason.com,General,8,40.0,dead/unreachable feed
The American Prospect,https://prospect.org/feeds/rss/,prospect.org,General,8,40.0,dead/unreachable feed
The Atlantic Tech,https://www.theatlantic.com/feed/channel/technology/,theatlantic.com,General,8,40.0,unclassified/community/low-value — content-farm risk
The Nation,https://www.thenation.com/subject/tech/feed/,thenation.com,General,8,40.0,dead/unreachable feed
Salon Tech,https://www.salon.com/topic/tech/feed,salon.com,General,8,40.0,unclassified/community/low-value — content-farm risk
Slate Tech,https://slate.com/technology.rss,slate.com,General,8,40.0,dead/unreachable feed
Vox Tech,https://www.vox.com/rss/technology/index.xml,vox.com,General,8,40.0,unclassified/community/low-value — content-farm risk
Medium Tech Policy,https://medium.com/feed/topic/technology,medium.com,General,8,40.0,unclassified/community/low-value — content-farm risk
Substack Broadband,https://broadbandbreakfast.substack.com/feed,broadbandbreakfast.substack.com,General,8,40.0,unclassified/community/low-value — content-farm risk
FCC - All Recent Releases,https://www.fcc.gov/rss/releases,fcc.gov,Government,1,100.0,dead/unreachable feed
FCC - Commissioner Statements,https://www.fcc.gov/rss/commissioner-statements,fcc.gov,Government,1,100.0,dead/unreachable feed
FCC - Commissioner Speeches,https://www.fcc.gov/rss/speeches,fcc.gov,Government,1,100.0,dead/unreachable feed
FCC - Orders,https://www.fcc.gov/rss/orders,fcc.gov,Government,1,100.0,dead/unreachable feed
FCC - Public Notices,https://www.fcc.gov/rss/public-notices,fcc.gov,Government,1,100.0,dead/unreachable feed
FCC - Notices of Proposed Rules,https://www.fcc.gov/rss/nprm,fcc.gov,Government,1,100.0,dead/unreachable feed
FCC - Reports,https://www.fcc.gov/rss/reports,fcc.gov,Government,1,100.0,dead/unreachable feed
FCC - Enforcement Bureau,https://www.fcc.gov/rss/enforcement-bureau,fcc.gov,Government,1,100.0,dead/unreachable feed
FCC - Media Bureau,https://www.fcc.gov/rss/media-bureau,fcc.gov,Government,1,100.0,dead/unreachable feed
FCC - Wireless Bureau,https://www.fcc.gov/rss/wireless-telecommunications-bureau,fcc.gov,Government,1,100.0,dead/unreachable feed
FCC - Wireline Bureau,https://www.fcc.gov/rss/wireline-competition-bureau,fcc.gov,Government,1,100.0,dead/unreachable feed
FCC - Consumer Affairs Bureau,https://www.fcc.gov/rss/consumer-governmental-affairs-bureau,fcc.gov,Government,1,100.0,dead/unreachable feed
FCC - Space Bureau,https://www.fcc.gov/rss/space-bureau,fcc.gov,Government,1,100.0,dead/unreachable feed
FCC - Public Safety Bureau,https://www.fcc.gov/rss/public-safety-homeland-security-bureau,fcc.gov,Government,1,100.0,dead/unreachable feed
FCC - Office of Engineering,https://www.fcc.gov/rss/office-engineering-technology,fcc.gov,Government,1,100.0,dead/unreachable feed
FCC - Office of Economics,https://www.fcc.gov/rss/office-economics-analytics,fcc.gov,Government,1,100.0,dead/unreachable feed
FCC - General Counsel,https://www.fcc.gov/rss/office-general-counsel,fcc.gov,Government,1,100.0,dead/unreachable feed
FCC - Inspector General,https://www.fcc.gov/rss/office-inspector-general,fcc.gov,Government,1,100.0,dead/unreachable feed
FCC - Broadcast Actions,https://www.fcc.gov/rss/broadcast-actions,fcc.gov,Government,1,100.0,dead/unreachable feed
FCC - Broadcast Applications,https://www.fcc.gov/rss/broadcast-applications,fcc.gov,Government,1,100.0,dead/unreachable feed
FCC - Notices of Liability,https://www.fcc.gov/rss/notices-apparent-liability,fcc.gov,Government,1,100.0,dead/unreachable feed
FCC - Fact Sheets,https://www.fcc.gov/rss/fact-sheets,fcc.gov,Government,1,100.0,dead/unreachable feed
FCC - Court Filings,https://www.fcc.gov/rss/court-filings,fcc.gov,Government,1,100.0,dead/unreachable feed
FCC - International Bureau,https://www.fcc.gov/rss/international-bureau,fcc.gov,Government,1,100.0,dead/unreachable feed
Senate Commerce Committee,https://www.commerce.senate.gov/rss/feeds/?type=news,commerce.senate.gov,Government,1,95.0,dead/unreachable feed
House Energy Commerce Comm,https://energycommerce.house.gov/rss.xml,energycommerce.house.gov,Government,1,95.0,dead/unreachable feed
Congressional Research Service,https://www.everycrsreport.com/feeds/all.rss,everycrsreport.com,Government,1,95.0,dead/unreachable feed
Nextgov - IT,https://www.nextgov.com/rss/technology/,nextgov.com,Telecom Trade,3,82.0,dead/unreachable feed
CTIA Blog,https://api.ctia.org/news/feed/,api.ctia.org,Major News/Wire,2,92.0,dead/unreachable feed
FCC Wireless Bureau,https://www.fcc.gov/wireless-bureau/rss,fcc.gov,Major News/Wire,2,92.0,dead/unreachable feed
Spectrum Policy News,https://spectropolis.blogspot.com/feeds/posts/default,spectropolis.blogspot.com,Major News/Wire,2,92.0,dead/unreachable feed
Sasha Javid Spectrum,https://www.spectrumfutures.org/feed/,spectrumfutures.org,Major News/Wire,2,92.0,dead/unreachable feed
NTIA Spectrum,https://www.ntia.gov/category/spectrum/feed,ntia.gov,Major News/Wire,2,92.0,dead/unreachable feed
NIST AI,https://www.nist.gov/artificial-intelligence/rss.xml,nist.gov,AI/ML,4,76.0,dead/unreachable feed
Center for AI Safety,https://www.safe.ai/feed,safe.ai,AI/ML,4,76.0,dead/unreachable feed
The Markup AI,https://themarkup.org/series/automated-influence/feed/,themarkup.org,AI/ML,4,76.0,dead/unreachable feed
FCW AI,https://fcw.com/artificial-intelligence/rss,fcw.com,AI/ML,4,76.0,dead/unreachable feed
Nextgov AI,https://www.nextgov.com/artificial-intelligence/rss,nextgov.com,AI/ML,4,76.0,dead/unreachable feed
Defense One AI,https://www.defenseone.com/topic/artificial-intelligence/rss/,defenseone.com,AI/ML,4,76.0,dead/unreachable feed
Open Technology Institute,https://www.newamerica.org/oti/feed/,newamerica.org,Policy/Legal,3,80.0,dead/unreachable feed
Multichannel News,https://www.nexttv.com/rss/multichannel-news,nexttv.com,Policy/Legal,3,80.0,dead/unreachable feed
Recode Vox,https://www.vox.com/recode/rss/index.xml,vox.com,Policy/Legal,3,80.0,dead/unreachable feed
Business Insider Tech,https://feeds.businessinsider.com/custom/tech,feeds.businessinsider.com,Policy/Legal,3,80.0,dead/unreachable feed
TechTarget Networking,https://www.techtarget.com/rss/SearchNetworking-News.xml,techtarget.com,Policy/Legal,3,80.0,dead/unreachable feed
TechTarget Telecom,https://www.techtarget.com/rss/SearchTelecom-News.xml,techtarget.com,Policy/Legal,3,80.0,dead/unreachable feed
TechTarget Security,https://www.techtarget.com/rss/SearchSecurity-News.xml,techtarget.com,Policy/Legal,3,80.0,dead/unreachable feed
SearchEnterpriseAI,https://www.techtarget.com/rss/SearchEnterpriseAI-News.xml,techtarget.com,Policy/Legal,3,80.0,dead/unreachable feed
MediaPost,https://www.mediapost.com/rss/,mediapost.com,Broadcast/Radio,5,72.0,dead/unreachable feed
5G Technology World,https://www.5gtechnologyworld.com/feed/,5gtechnologyworld.com,Major News/Wire,2,92.0,dead/unreachable feed
Nokia Bell Labs Blog,https://www.bell-labs.com/institute/feed/,bell-labs.com,Major News/Wire,2,92.0,dead/unreachable feed
Qualcomm Blog,https://www.qualcomm.com/news/blog/rss,qualcomm.com,Major News/Wire,2,92.0,dead/unreachable feed
Verizon News,https://www.verizon.com/about/news/rss,verizon.com,Major News/Wire,2,92.0,dead/unreachable feed
Comcast Newsroom,https://corporate.comcast.com/news-information/news-feed/rss,corporate.comcast.com,Major News/Wire,2,92.0,dead/unreachable feed
Charter Communications,https://corporate.charter.com/newsroom/rss,corporate.charter.com,Major News/Wire,2,92.0,dead/unreachable feed
CTIA Wireless,https://www.ctia.org/rss/,ctia.org,Major News/Wire,2,92.0,dead/unreachable feed
NCTA Cable,https://www.ncta.com/rss.xml,ncta.com,Major News/Wire,2,92.0,dead/unreachable feed
NTCA Rural Broadband,https://www.ntca.org/feed/,ntca.org,Major News/Wire,2,92.0,dead/unreachable feed
WISPA Wireless ISP,https://www.wispa.org/feed/,wispa.org,Major News/Wire,2,92.0,dead/unreachable feed
Reuters - Media,https://feeds.reuters.com/reuters/mediaNews,feeds.reuters.com,Major News/Wire,2,92.0,dead/unreachable feed
Bloomberg - Telecom,https://feeds.bloomberg.com/industries/TelecommunicationsServices.rss,feeds.bloomberg.com,Major News/Wire,2,92.0,dead/unreachable feed
Wall Street Journal - Media,https://feeds.content.dowjones.io/public/rss/mw_media,feeds.content.dowjones.io,Major News/Wire,2,92.0,dead/unreachable feed
Ars Technica - Telecom,https://feeds.arstechnica.com/arstechnica/telecom,feeds.arstechnica.com,Major News/Wire,2,92.0,dead/unreachable feed
Axios - Media Trends,https://api.axios.com/feed/axios/media-trends,api.axios.com,Major News/Wire,2,92.0,dead/unreachable feed
Axios - Technology,https://api.axios.com/feed/axios/technology,api.axios.com,Major News/Wire,2,92.0,dead/unreachable feed
Axios - Login,https://api.axios.com/feed/axios/login,api.axios.com,Major News/Wire,2,92.0,dead/unreachable feed
Stanford Internet Observatory,https://stacks.stanford.edu/feed,stacks.stanford.edu,Major News/Wire,2,92.0,dead/unreachable feed
Duke Law Tech,https://law.duke.edu/news/rss/,law.duke.edu,Major News/Wire,2,92.0,dead/unreachable feed
Yale Law - Tech,https://law.yale.edu/rss/news,law.yale.edu,Major News/Wire,2,92.0,dead/unreachable feed
George Washington Law,https://www.law.gwu.edu/news/rss,law.gwu.edu,Major News/Wire,2,92.0,dead/unreachable feed
American University Law,https://www.wcl.american.edu/impact/rss/,wcl.american.edu,Major News/Wire,2,92.0,dead/unreachable feed
Chicago Tribune,https://www.chicagotribune.com/feed/,chicagotribune.com,General,8,40.0,dead/unreachable feed
Los Angeles Times,https://www.latimes.com/local/rss2.0.xml,latimes.com,General,8,40.0,unclassified/community/low-value — content-farm risk
New York Times (Home),https://rss.nytimes.com/services/xml/rss/nyt/HomePage.xml,rss.nytimes.com,General,8,40.0,unclassified/community/low-value — content-farm risk
Philadelphia Inquirer,https://www.inquirer.com/arcio/rss/,inquirer.com,General,8,40.0,dead/unreachable feed
SF Gate,https://www.sfgate.com/default/feed/SFGate-Latest-News-2960713.php,sfgate.com,General,8,40.0,dead/unreachable feed
USA Today (Top Stories),https://rssfeeds.usatoday.com/usatoday-NewsTopStories,rssfeeds.usatoday.com,General,8,40.0,unclassified/community/low-value — content-farm risk
Washington Post (National),https://feeds.washingtonpost.com/rss/national,feeds.washingtonpost.com,General,8,40.0,dead/unreachable feed
Atlanta Journal-Constitution,https://www.ajc.com/news/rss.xml,ajc.com,General,8,40.0,dead/unreachable feed
Austin American-Statesman,https://www.statesman.com/arc/outboundfeeds/rss/,statesman.com,General,8,40.0,dead/unreachable feed
Baltimore Sun,https://www.baltimoresun.com/arcio/rss/,baltimoresun.com,General,8,40.0,unclassified/community/low-value — content-farm risk
Boston Globe,https://www.bostonglobe.com/rss/homepage,bostonglobe.com,General,8,40.0,dead/unreachable feed
Boston Herald,https://www.bostonherald.com/feed/,bostonherald.com,General,8,40.0,dead/unreachable feed
Chicago Sun-Times,https://chicago.suntimes.com/rss/index.xml,chicago.suntimes.com,General,8,40.0,unclassified/community/low-value — content-farm risk
Cleveland Plain Dealer,https://www.cleveland.com/arc/outboundfeeds/rss/,cleveland.com,General,8,40.0,unclassified/community/low-value — content-farm risk
Dallas Morning News,https://www.dallasnews.com/arc/outboundfeeds/rss/,dallasnews.com,General,8,40.0,dead/unreachable feed
Detroit Free Press,https://www.freep.com/arcio/rss/,freep.com,General,8,40.0,dead/unreachable feed
Houston Chronicle,https://www.houstonchronicle.com/arc/outboundfeeds/rss/,houstonchronicle.com,General,8,40.0,dead/unreachable feed
Kansas City Star,https://www.kansascity.com/arc/outboundfeeds/rss/,kansascity.com,General,8,40.0,dead/unreachable feed
Miami Herald,https://www.miamiherald.com/arc/outboundfeeds/rss/,miamiherald.com,General,8,40.0,dead/unreachable feed
Minneapolis Star Tribune,https://www.startribune.com/local/rss,startribune.com,General,8,40.0,unclassified/community/low-value — content-farm risk
NY Daily News,https://www.nydailynews.com/arc/outboundfeeds/rss/,nydailynews.com,General,8,40.0,unclassified/community/low-value — content-farm risk
New York Post,https://nypost.com/feed/,nypost.com,General,8,40.0,unclassified/community/low-value — content-farm risk
NJ.com,https://www.nj.com/arc/outboundfeeds/rss/,nj.com,General,8,40.0,unclassified/community/low-value — content-farm risk
Oregonian,https://www.oregonlive.com/arc/outboundfeeds/rss/,oregonlive.com,General,8,40.0,unclassified/community/low-value — content-farm risk
Pittsburgh Post-Gazette,https://www.post-gazette.com/rss/homepage,post-gazette.com,General,8,40.0,dead/unreachable feed
San Jose Mercury News,https://www.mercurynews.com/arc/outboundfeeds/rss/,mercurynews.com,General,8,40.0,unclassified/community/low-value — content-farm risk
Seattle Times,https://www.seattletimes.com/feed/,seattletimes.com,General,8,40.0,unclassified/community/low-value — content-farm risk
Tampa Bay Times,https://www.tampabay.com/feed/,tampabay.com,General,8,40.0,dead/unreachable feed
Arizona Republic,https://www.azcentral.com/arc/outboundfeeds/rss/,azcentral.com,General,8,40.0,dead/unreachable feed
Washington Times,https://www.washingtontimes.com/rss/headlines/news/,washingtontimes.com,General,8,40.0,unclassified/community/low-value — content-farm risk
AP News (Top),https://feeds.apnews.com/rss/topnews,feeds.apnews.com,General,8,40.0,dead/unreachable feed
Ad Age,https://adage.com/rss/technology,adage.com,General,8,40.0,dead/unreachable feed
Daily Beast,https://feeds.thedailybeast.com/rss/articles,feeds.thedailybeast.com,General,8,40.0,dead/unreachable feed
Economist Tech,https://www.economist.com/technology/rss.xml,economist.com,General,8,40.0,unclassified/community/low-value — content-farm risk
Fierce Cable,https://www.fiercecable.com/rss/xml,fiercecable.com,General,8,40.0,unclassified/community/low-value — content-farm risk
Fierce Telecom,https://www.fiercetelecom.com/rss/xml,fiercetelecom.com,General,8,40.0,unclassified/community/low-value — content-farm risk
Hollywood Reporter,https://www.hollywoodreporter.com/feed/,hollywoodreporter.com,General,8,40.0,unclassified/community/low-value — content-farm risk
Roll Call,https://rollcall.com/feed/,rollcall.com,General,8,40.0,unclassified/community/low-value — content-farm risk
Variety,https://variety.com/feed/,variety.com,General,8,40.0,unclassified/community/low-value — content-farm risk
The Wrap,https://www.thewrap.com/feed/,thewrap.com,General,8,40.0,unclassified/community/low-value — content-farm risk
Fast Company,https://www.fastcompany.com/latest/rss?x=1,fastcompany.com,General,8,40.0,unclassified/community/low-value — content-farm risk
HuffPost,https://www.huffpost.com/section/front-page/feed,huffpost.com,General,8,40.0,unclassified/community/low-value — content-farm risk
Vice Motherboard,https://www.vice.com/en/section/tech/rss,vice.com,General,8,40.0,dead/unreachable feed
Telecompetitor,https://www.telecompetitor.com/feed/,telecompetitor.com,General,8,40.0,unclassified/community/low-value — content-farm risk
Awful Announcing,https://awfulannouncing.com/feed/,awfulannouncing.com,General,8,40.0,unclassified/community/low-value — content-farm risk
Democracy Now,https://www.democracynow.org/democracynow.rss,democracynow.org,General,8,40.0,unclassified/community/low-value — content-farm risk
NPR Homepage,https://feeds.npr.org/1001/rss.xml,feeds.npr.org,General,8,40.0,unclassified/community/low-value — content-farm risk
National Journal,https://www.nationaljournal.com/rss,nationaljournal.com,General,8,40.0,dead/unreachable feed
DSLReports,https://www.dslreports.com/rss,dslreports.com,General,8,40.0,unclassified/community/low-value — content-farm risk
AL - Anniston Star,https://www.annistonstar.com/search/?f=rss&t=article&l=50&s=start_time&sd=desc,annistonstar.com,Regional,6,50.0,weak/low-authority regional — not promoted
AL - Birmingham News,https://www.al.com/news/birmingham/index.ssf/rss2.0.xml,al.com,Regional,6,50.0,dead/unreachable feed
AL - Decatur Daily,https://www.decaturdaily.com/search/?f=rss&t=article&l=50&s=start_time&sd=desc,decaturdaily.com,Regional,6,50.0,weak/low-authority regional — not promoted
AL - Dothan Eagle,https://www.dothaneagle.com/search/?f=rss&t=article&l=50&s=start_time&sd=desc,dothaneagle.com,Regional,6,50.0,weak/low-authority regional — not promoted
AL - Gadsden Times,https://www.gadsdentimes.com/search/?f=rss&t=article&l=50&s=start_time&sd=desc,gadsdentimes.com,Regional,6,50.0,dead/unreachable feed
AL - Huntsville Times,https://www.al.com/news/huntsville/index.ssf/rss2.0.xml,al.com,Regional,6,50.0,dead/unreachable feed
AL - Mobile Press-Register,https://www.al.com/news/mobile/index.ssf/rss2.0.xml,al.com,Regional,6,50.0,dead/unreachable feed
AL - Montgomery Advertiser,https://www.montgomeryadvertiser.com/rss/,montgomeryadvertiser.com,Regional,6,50.0,dead/unreachable feed
AL - Tuscaloosa News,https://www.tuscaloosanews.com/rss/,tuscaloosanews.com,Regional,6,50.0,dead/unreachable feed
AL - Florence Times Daily,https://www.timesdaily.com/search/?f=rss&t=article&l=50&s=start_time&sd=desc,timesdaily.com,Regional,6,50.0,weak/low-authority regional — not promoted
AK - Anchorage Daily News,https://www.adn.com/feed/,adn.com,Regional,6,50.0,dead/unreachable feed
AK - Fairbanks Daily News-Miner,https://www.newsminer.com/search/?f=rss&t=article&l=50&s=start_time&sd=desc,newsminer.com,Regional,6,50.0,weak/low-authority regional — not promoted
AK - Juneau Empire,https://www.juneauempire.com/feed/,juneauempire.com,Regional,6,50.0,weak/low-authority regional — not promoted
AK - Kodiak Daily Mirror,https://www.kodiakdailymirror.com/search/?f=rss&t=article&l=50,kodiakdailymirror.com,Regional,6,50.0,weak/low-authority regional — not promoted
AK - Sitka Sentinel,https://www.sitkasentinel.com/feed/,sitkasentinel.com,Regional,6,50.0,dead/unreachable feed
AZ - Arizona Republic,https://www.azcentral.com/rss/,azcentral.com,Regional,6,50.0,dead/unreachable feed
AZ - Arizona Daily Star,https://tucson.com/search/?f=rss&t=article&l=50&s=start_time&sd=desc,tucson.com,Regional,6,50.0,weak/low-authority regional — not promoted
AZ - East Valley Tribune,https://www.eastvalleytribune.com/feed/,eastvalleytribune.com,Regional,6,50.0,weak/low-authority regional — not promoted
AZ - Arizona Daily Sun,https://azdailysun.com/search/?f=rss&t=article&l=50,azdailysun.com,Regional,6,50.0,weak/low-authority regional — not promoted
AZ - Yuma Sun,https://www.yumasun.com/search/?f=rss&t=article&l=50,yumasun.com,Regional,6,50.0,weak/low-authority regional — not promoted
AZ - Casa Grande Dispatch,https://www.pinalcentral.com/search/?f=rss&t=article&l=50,pinalcentral.com,Regional,6,50.0,weak/low-authority regional — not promoted
AZ - Prescott Daily Courier,https://www.dcourier.com/feed/,dcourier.com,Regional,6,50.0,weak/low-authority regional — not promoted
AZ - Kingman Daily Miner,https://www.kingmandailyminer.com/feed/,kingmandailyminer.com,Regional,6,50.0,dead/unreachable feed
AZ - Arizona Capitol Times,https://azcapitoltimes.com/feed/,azcapitoltimes.com,Regional,6,50.0,weak/low-authority regional — not promoted
AR - Arkansas Democrat-Gazette,https://www.arkansasonline.com/syndication/rss/,arkansasonline.com,Regional,6,50.0,dead/unreachable feed
AR - Northwest Arkansas Democrat,https://www.nwaonline.com/syndication/rss/,nwaonline.com,Regional,6,50.0,dead/unreachable feed
AR - Jonesboro Sun,https://www.jonesborosun.com/search/?f=rss&t=article&l=50,jonesborosun.com,Regional,6,50.0,weak/low-authority regional — not promoted
AR - Arkansas Times,https://arktimes.com/feed/,arktimes.com,Regional,6,50.0,weak/low-authority regional — not promoted
AR - El Dorado News-Times,https://www.eldoradonews.com/search/?f=rss&t=article&l=50,eldoradonews.com,Regional,6,50.0,dead/unreachable feed
AR - Fort Smith Times Record,https://www.swtimes.com/search/?f=rss&t=article&l=50,swtimes.com,Regional,6,50.0,weak/low-authority regional — not promoted
AR - Pine Bluff Commercial,https://www.pbcommercial.com/search/?f=rss&t=article&l=50,pbcommercial.com,Regional,6,50.0,weak/low-authority regional — not promoted
CA - San Francisco Chronicle,https://www.sfgate.com/rss/feed/SFGate-Latest-News-2960713.php,sfgate.com,Regional,6,50.0,dead/unreachable feed
CA - Sacramento Bee,https://www.sacbee.com/news/local/rss,sacbee.com,Regional,6,50.0,dead/unreachable feed
CA - Orange County Register,https://www.ocregister.com/feed/,ocregister.com,Regional,6,50.0,weak/low-authority regional — not promoted
CA - Fresno Bee,https://www.fresnobee.com/news/local/rss,fresnobee.com,Regional,6,50.0,dead/unreachable feed
CA - Long Beach Press-Telegram,https://www.presstelegram.com/feed/,presstelegram.com,Regional,6,50.0,weak/low-authority regional — not promoted
CA - Riverside Press-Enterprise,https://www.pe.com/feed/,pe.com,Regional,6,50.0,dead/unreachable feed
CA - San Bernardino Sun,https://www.sbsun.com/feed/,sbsun.com,Regional,6,50.0,weak/low-authority regional — not promoted
CA - Pasadena Star-News,https://www.pasadenastarnews.com/feed/,pasadenastarnews.com,Regional,6,50.0,weak/low-authority regional — not promoted
CA - Ventura County Star,https://www.vcstar.com/rss/,vcstar.com,Regional,6,50.0,dead/unreachable feed
CA - Modesto Bee,https://www.modbee.com/news/local/rss,modbee.com,Regional,6,50.0,dead/unreachable feed
CA - Stockton Record,https://www.recordnet.com/rss/,recordnet.com,Regional,6,50.0,dead/unreachable feed
CA - Bakersfield Californian,https://www.bakersfield.com/search/?f=rss&t=article&l=50,bakersfield.com,Regional,6,50.0,weak/low-authority regional — not promoted
CA - Santa Barbara News-Press,https://newspress.com/feed/,newspress.com,Regional,6,50.0,weak/low-authority regional — not promoted
CA - Santa Cruz Sentinel,https://www.santacruzsentinel.com/feed/,santacruzsentinel.com,Regional,6,50.0,dead/unreachable feed
CA - Monterey Herald,https://www.montereyherald.com/feed/,montereyherald.com,Regional,6,50.0,dead/unreachable feed
CA - Marin Independent Journal,https://www.marinij.com/feed/,marinij.com,Regional,6,50.0,weak/low-authority regional — not promoted
CA - Redding Record Searchlight,https://www.redding.com/rss/,redding.com,Regional,6,50.0,dead/unreachable feed
CA - Daily Breeze,https://www.dailybreeze.com/feed/,dailybreeze.com,Regional,6,50.0,weak/low-authority regional — not promoted
CA - San Gabriel Valley Tribune,https://www.sgvtribune.com/feed/,sgvtribune.com,Regional,6,50.0,weak/low-authority regional — not promoted
CA - Daily Bulletin Ontario,https://www.dailybulletin.com/feed/,dailybulletin.com,Regional,6,50.0,weak/low-authority regional — not promoted
CA - Whittier Daily News,https://www.whittierdailynews.com/feed/,whittierdailynews.com,Regional,6,50.0,weak/low-authority regional — not promoted
CA - San Mateo Daily Journal,https://www.smdailyjournal.com/search/?f=rss,smdailyjournal.com,Regional,6,50.0,weak/low-authority regional — not promoted
CA - Chico Enterprise-Record,https://www.chicoer.com/feed/,chicoer.com,Regional,6,50.0,dead/unreachable feed
CA - Visalia Times-Delta,https://www.visaliatimesdelta.com/rss/,visaliatimesdelta.com,Regional,6,50.0,dead/unreachable feed
CA - Lodi News-Sentinel,https://www.lodinews.com/search/?f=rss,lodinews.com,Regional,6,50.0,weak/low-authority regional — not promoted
CA - Ukiah Daily Journal,https://www.ukiahdailyjournal.com/feed/,ukiahdailyjournal.com,Regional,6,50.0,weak/low-authority regional — not promoted
CA - Times of San Diego,https://timesofsandiego.com/feed/,timesofsandiego.com,Regional,6,50.0,weak/low-authority regional — not promoted
CA - LA Daily News,https://www.dailynews.com/feed/,dailynews.com,Regional,6,50.0,weak/low-authority regional — not promoted
CO - Colorado Springs Gazette,https://gazette.com/search/?f=rss&t=article&l=50,gazette.com,Regional,6,50.0,weak/low-authority regional — not promoted
CO - Fort Collins Coloradoan,https://www.coloradoan.com/rss/,coloradoan.com,Regional,6,50.0,dead/unreachable feed
CO - Boulder Daily Camera,https://www.dailycamera.com/feed/,dailycamera.com,Regional,6,50.0,dead/unreachable feed
CO - Pueblo Chieftain,https://www.chieftain.com/search/?f=rss&t=article&l=50,chieftain.com,Regional,6,50.0,weak/low-authority regional — not promoted
CO - Greeley Tribune,https://www.greeleytribune.com/feed/,greeleytribune.com,Regional,6,50.0,dead/unreachable feed
CO - Grand Junction Sentinel,https://www.gjsentinel.com/search/?f=rss&t=article&l=50,gjsentinel.com,Regional,6,50.0,weak/low-authority regional — not promoted
CO - Durango Herald,https://durangoherald.com/feed/,durangoherald.com,Regional,6,50.0,weak/low-authority regional — not promoted
CO - Aspen Times,https://www.aspentimes.com/feed/,aspentimes.com,Regional,6,50.0,weak/low-authority regional — not promoted
CO - Vail Daily,https://www.vaildaily.com/feed/,vaildaily.com,Regional,6,50.0,weak/low-authority regional — not promoted
CO - Denver Business Journal,https://www.bizjournals.com/denver/feed/latest/,bizjournals.com,Regional,6,50.0,weak/low-authority regional — not promoted
CT - Hartford Courant,https://www.courant.com/arcio/rss/,courant.com,Regional,6,50.0,weak/low-authority regional — not promoted
CT - New Haven Register,https://www.nhregister.com/feed/,nhregister.com,Regional,6,50.0,dead/unreachable feed
CT - Stamford Advocate,https://www.stamfordadvocate.com/feed/,stamfordadvocate.com,Regional,6,50.0,dead/unreachable feed
CT - Connecticut Post,https://www.ctpost.com/feed/,ctpost.com,Regional,6,50.0,dead/unreachable feed
CT - Waterbury Republican-Am,https://www.rep-am.com/feed/,rep-am.com,Regional,6,50.0,weak/low-authority regional — not promoted
CT - Norwich Bulletin,https://www.norwichbulletin.com/rss/,norwichbulletin.com,Regional,6,50.0,dead/unreachable feed
CT - Greenwich Time,https://www.greenwichtime.com/feed/,greenwichtime.com,Regional,6,50.0,dead/unreachable feed
CT - Danbury News-Times,https://www.newstimes.com/feed/,newstimes.com,Regional,6,50.0,dead/unreachable feed
DE - Delaware Online/News Journal,https://www.delawareonline.com/rss/,delawareonline.com,Regional,6,50.0,dead/unreachable feed
DE - Delaware State News,https://delawarestatesnews.com/feed/,delawarestatesnews.com,Regional,6,50.0,dead/unreachable feed
DE - Cape Gazette,https://www.capegazette.com/rss,capegazette.com,Regional,6,50.0,dead/unreachable feed
FL - Miami Herald,https://www.miamiherald.com/news/rss,miamiherald.com,Regional,6,50.0,dead/unreachable feed
FL - Florida Times-Union,https://www.jacksonville.com/arcio/rss/,jacksonville.com,Regional,6,50.0,dead/unreachable feed
FL - Tallahassee Democrat,https://www.tallahassee.com/rss/,tallahassee.com,Regional,6,50.0,dead/unreachable feed
FL - Palm Beach Post,https://www.palmbeachpost.com/rss/,palmbeachpost.com,Regional,6,50.0,dead/unreachable feed
FL - Sarasota Herald-Tribune,https://www.heraldtribune.com/rss/,heraldtribune.com,Regional,6,50.0,dead/unreachable feed
FL - Naples Daily News,https://www.naplesnews.com/rss/,naplesnews.com,Regional,6,50.0,dead/unreachable feed
FL - Pensacola News Journal,https://www.pnj.com/rss/,pnj.com,Regional,6,50.0,dead/unreachable feed
FL - Daytona Beach News-Journal,https://www.news-journalonline.com/rss/,news-journalonline.com,Regional,6,50.0,dead/unreachable feed
FL - Gainesville Sun,https://www.gainesville.com/rss/,gainesville.com,Regional,6,50.0,dead/unreachable feed
FL - Ocala Star-Banner,https://www.ocala.com/rss/,ocala.com,Regional,6,50.0,dead/unreachable feed
FL - Lakeland Ledger,https://www.theledger.com/rss/,theledger.com,Regional,6,50.0,dead/unreachable feed
FL - Melbourne Florida Today,https://www.floridatoday.com/rss/,floridatoday.com,Regional,6,50.0,dead/unreachable feed
FL - Fort Myers News-Press,https://www.news-press.com/rss/,news-press.com,Regional,6,50.0,dead/unreachable feed
FL - Stuart News,https://www.tcpalm.com/rss/,tcpalm.com,Regional,6,50.0,dead/unreachable feed
FL - Key West Citizen,https://www.keysnews.com/search/?f=rss&t=article&l=50,keysnews.com,Regional,6,50.0,weak/low-authority regional — not promoted
FL - Panama City News Herald,https://www.newsherald.com/search/?f=rss&t=article&l=50,newsherald.com,Regional,6,50.0,weak/low-authority regional — not promoted
FL - Miami New Times,https://www.miaminewtimes.com/feed/,miaminewtimes.com,Regional,6,50.0,weak/low-authority regional — not promoted
FL - Tampa Bay Business Journal,https://www.bizjournals.com/tampabay/feed/latest/,bizjournals.com,Regional,6,50.0,weak/low-authority regional — not promoted
FL - South Florida Business Jrnl,https://www.bizjournals.com/southflorida/feed/latest/,bizjournals.com,Regional,6,50.0,weak/low-authority regional — not promoted
FL - Jacksonville Business Jrnl,https://www.bizjournals.com/jacksonville/feed/latest/,bizjournals.com,Regional,6,50.0,weak/low-authority regional — not promoted
FL - Orlando Business Journal,https://www.bizjournals.com/orlando/feed/latest/,bizjournals.com,Regional,6,50.0,weak/low-authority regional — not promoted
GA - Atlanta Journal-Constitution,https://www.ajc.com/feed/,ajc.com,Regional,6,50.0,dead/unreachable feed
GA - Savannah Morning News,https://www.savannahnow.com/rss/,savannahnow.com,Regional,6,50.0,dead/unreachable feed
GA - Augusta Chronicle,https://www.augustachronicle.com/rss/,augustachronicle.com,Regional,6,50.0,dead/unreachable feed
GA - Macon Telegraph,https://www.macon.com/news/local/rss,macon.com,Regional,6,50.0,dead/unreachable feed
GA - Columbus Ledger-Enquirer,https://www.ledger-enquirer.com/news/local/rss,ledger-enquirer.com,Regional,6,50.0,dead/unreachable feed
GA - Athens Banner-Herald,https://www.onlineathens.com/rss/,onlineathens.com,Regional,6,50.0,dead/unreachable feed
GA - Rome News-Tribune,https://www.northwestgeorgianews.com/romenews/search/?f=rss,northwestgeorgianews.com,Regional,6,50.0,weak/low-authority regional — not promoted
GA - Brunswick News,https://thebrunswicknews.com/search/?f=rss&t=article&l=50,thebrunswicknews.com,Regional,6,50.0,dead/unreachable feed
GA - Dalton Daily Citizen,https://www.daltondailycitizen.com/search/?f=rss,daltondailycitizen.com,Regional,6,50.0,dead/unreachable feed
GA - Atlanta Business Chronicle,https://www.bizjournals.com/atlanta/feed/latest/,bizjournals.com,Regional,6,50.0,weak/low-authority regional — not promoted
HI - Honolulu Star-Advertiser,https://www.staradvertiser.com/feed/,staradvertiser.com,Regional,6,50.0,weak/low-authority regional — not promoted
HI - Maui News,https://www.mauinews.com/feed/,mauinews.com,Regional,6,50.0,dead/unreachable feed
HI - Hawaii Tribune-Herald,https://www.hawaiitribune-herald.com/feed/,hawaiitribune-herald.com,Regional,6,50.0,weak/low-authority regional — not promoted
HI - West Hawaii Today,https://www.westhawaiitoday.com/feed/,westhawaiitoday.com,Regional,6,50.0,weak/low-authority regional — not promoted
HI - Garden Island (Kauai),https://www.thegardenisland.com/feed/,thegardenisland.com,Regional,6,50.0,weak/low-authority regional — not promoted
HI - Civil Beat,https://www.civilbeat.org/feed/,civilbeat.org,Regional,6,50.0,weak/low-authority regional — not promoted
ID - Idaho Statesman,https://www.idahostatesman.com/news/local/rss,idahostatesman.com,Regional,6,50.0,dead/unreachable feed
ID - Idaho Press-Tribune,https://www.idahopress.com/search/?f=rss&t=article&l=50,idahopress.com,Regional,6,50.0,weak/low-authority regional — not promoted
ID - Post Register,https://www.postregister.com/search/?f=rss&t=article&l=50,postregister.com,Regional,6,50.0,weak/low-authority regional — not promoted
ID - Lewiston Tribune,https://lmtribune.com/search/?f=rss&t=article&l=50,lmtribune.com,Regional,6,50.0,weak/low-authority regional — not promoted
ID - Moscow-Pullman Daily News,https://dnews.com/search/?f=rss&t=article&l=50,dnews.com,Regional,6,50.0,dead/unreachable feed
ID - Twin Falls Times-News,https://magicvalley.com/search/?f=rss&t=article&l=50,magicvalley.com,Regional,6,50.0,weak/low-authority regional — not promoted
IL - Rockford Register Star,https://www.rrstar.com/rss/,rrstar.com,Regional,6,50.0,dead/unreachable feed
IL - Springfield State Journal-Reg,https://www.sj-r.com/rss/,sj-r.com,Regional,6,50.0,dead/unreachable feed
IL - Peoria Journal Star,https://www.pjstar.com/rss/,pjstar.com,Regional,6,50.0,dead/unreachable feed
IL - Champaign News-Gazette,https://www.news-gazette.com/search/?f=rss&t=article&l=50,news-gazette.com,Regional,6,50.0,weak/low-authority regional — not promoted
IL - Quad-City Times,https://qctimes.com/search/?f=rss&t=article&l=50,qctimes.com,Regional,6,50.0,weak/low-authority regional — not promoted
IL - Bloomington Pantagraph,https://pantagraph.com/search/?f=rss&t=article&l=50,pantagraph.com,Regional,6,50.0,weak/low-authority regional — not promoted
IL - Decatur Herald & Review,https://herald-review.com/search/?f=rss&t=article&l=50,herald-review.com,Regional,6,50.0,weak/low-authority regional — not promoted
IL - Aurora Beacon-News,https://www.chicagotribune.com/suburbs/aurora-beacon-news/rss2.0.xml,chicagotribune.com,Regional,6,50.0,dead/unreachable feed
IL - Naperville Sun,https://www.chicagotribune.com/suburbs/naperville-sun/rss2.0.xml,chicagotribune.com,Regional,6,50.0,dead/unreachable feed
IL - Daily Herald Suburbs,https://www.dailyherald.com/rss/,dailyherald.com,Regional,6,50.0,dead/unreachable feed
IL - Chicago Business,https://www.chicagobusiness.com/feeds/news/rss/,chicagobusiness.com,Regional,6,50.0,dead/unreachable feed
IL - Chicago Reporter,https://www.chicagoreporter.com/feed/,chicagoreporter.com,Regional,6,50.0,weak/low-authority regional — not promoted
IN - Indianapolis Star,https://www.indystar.com/rss/,indystar.com,Regional,6,50.0,dead/unreachable feed
IN - Fort Wayne Journal Gazette,https://www.journalgazette.net/search/?f=rss&t=article&l=50,journalgazette.net,Regional,6,50.0,dead/unreachable feed
IN - Fort Wayne News-Sentinel,https://www.news-sentinel.com/search/?f=rss&t=article&l=50,news-sentinel.com,Regional,6,50.0,weak/low-authority regional — not promoted
IN - South Bend Tribune,https://www.southbendtribune.com/search/?f=rss&t=article&l=50,southbendtribune.com,Regional,6,50.0,weak/low-authority regional — not promoted
IN - Evansville Courier & Press,https://www.courierpress.com/rss/,courierpress.com,Regional,6,50.0,dead/unreachable feed
IN - Lafayette Journal & Courier,https://www.jconline.com/rss/,jconline.com,Regional,6,50.0,dead/unreachable feed
IN - Muncie Star Press,https://www.thestarpress.com/rss/,thestarpress.com,Regional,6,50.0,dead/unreachable feed
IN - Terre Haute Tribune-Star,https://www.tribstar.com/search/?f=rss&t=article&l=50,tribstar.com,Regional,6,50.0,weak/low-authority regional — not promoted
IN - Columbus Republic,https://www.therepublic.com/search/?f=rss&t=article&l=50,therepublic.com,Regional,6,50.0,weak/low-authority regional — not promoted
IN - Indianapolis Business Jrnl,https://www.bizjournals.com/indianapolis/feed/latest/,bizjournals.com,Regional,6,50.0,weak/low-authority regional — not promoted
IA - Des Moines Register,https://www.desmoinesregister.com/rss/,desmoinesregister.com,Regional,6,50.0,dead/unreachable feed
IA - Cedar Rapids Gazette,https://www.thegazette.com/feed/,thegazette.com,Regional,6,50.0,dead/unreachable feed
IA - Iowa City Press-Citizen,https://www.press-citizen.com/rss/,press-citizen.com,Regional,6,50.0,dead/unreachable feed
IA - Sioux City Journal,https://siouxcityjournal.com/search/?f=rss&t=article&l=50,siouxcityjournal.com,Regional,6,50.0,weak/low-authority regional — not promoted
IA - Waterloo Cedar Falls Courier,https://wcfcourier.com/search/?f=rss&t=article&l=50,wcfcourier.com,Regional,6,50.0,weak/low-authority regional — not promoted
IA - Dubuque Telegraph Herald,https://www.telegraphherald.com/search/?f=rss&t=article&l=50,telegraphherald.com,Regional,6,50.0,weak/low-authority regional — not promoted
KS - Wichita Eagle,https://www.kansas.com/news/local/rss,kansas.com,Regional,6,50.0,dead/unreachable feed
KS - Topeka Capital-Journal,https://www.cjonline.com/rss/,cjonline.com,Regional,6,50.0,dead/unreachable feed
KS - Salina Journal,https://www.salina.com/search/?f=rss&t=article&l=50,salina.com,Regional,6,50.0,weak/low-authority regional — not promoted
KS - Lawrence Journal-World,https://www2.ljworld.com/rss/,www2.ljworld.com,Regional,6,50.0,weak/low-authority regional — not promoted
KS - Hutchinson News,https://www.hutchnews.com/search/?f=rss&t=article&l=50,hutchnews.com,Regional,6,50.0,weak/low-authority regional — not promoted
KS - Manhattan Mercury,https://www.themercury.com/search/?f=rss&t=article&l=50,themercury.com,Regional,6,50.0,weak/low-authority regional — not promoted
KS - Hays Daily News,https://www.hdnews.net/search/?f=rss&t=article&l=50,hdnews.net,Regional,6,50.0,weak/low-authority regional — not promoted
KY - Courier-Journal Louisville,https://www.courier-journal.com/rss/,courier-journal.com,Regional,6,50.0,dead/unreachable feed
KY - Lexington Herald-Leader,https://www.kentucky.com/news/local/rss,kentucky.com,Regional,6,50.0,dead/unreachable feed
KY - Bowling Green Daily News,https://www.bgdailynews.com/search/?f=rss&t=article&l=50,bgdailynews.com,Regional,6,50.0,weak/low-authority regional — not promoted
KY - Owensboro Messenger-Inquirer,https://www.messenger-inquirer.com/search/?f=rss&t=article&l=50,messenger-inquirer.com,Regional,6,50.0,weak/low-authority regional — not promoted
KY - Frankfort State Journal,https://www.state-journal.com/search/?f=rss&t=article&l=50,state-journal.com,Regional,6,50.0,dead/unreachable feed
KY - Paducah Sun,https://www.paducahsun.com/search/?f=rss&t=article&l=50,paducahsun.com,Regional,6,50.0,weak/low-authority regional — not promoted
LA - Baton Rouge Advocate,https://www.theadvocate.com/baton_rouge/rss,theadvocate.com,Regional,6,50.0,weak/low-authority regional — not promoted
LA - Shreveport Times,https://www.shreveporttimes.com/rss/,shreveporttimes.com,Regional,6,50.0,dead/unreachable feed
LA - Monroe News-Star,https://www.thenewsstar.com/rss/,thenewsstar.com,Regional,6,50.0,dead/unreachable feed
LA - Lafayette Advertiser,https://www.theadvertiser.com/rss/,theadvertiser.com,Regional,6,50.0,dead/unreachable feed
LA - Alexandria Town Talk,https://www.thetowntalk.com/rss/,thetowntalk.com,Regional,6,50.0,dead/unreachable feed
LA - Lake Charles American Press,https://www.americanpress.com/search/?f=rss&t=article&l=50,americanpress.com,Regional,6,50.0,weak/low-authority regional — not promoted
LA - Houma Courier,https://www.houmatoday.com/search/?f=rss&t=article&l=50,houmatoday.com,Regional,6,50.0,weak/low-authority regional — not promoted
LA - New Orleans Business Jrnl,https://www.bizjournals.com/neworleans/feed/latest/,bizjournals.com,Regional,6,50.0,weak/low-authority regional — not promoted
ME - Portland Press Herald,https://www.pressherald.com/feed/,pressherald.com,Regional,6,50.0,weak/low-authority regional — not promoted
ME - Bangor Daily News,https://bangordailynews.com/feed/,bangordailynews.com,Regional,6,50.0,weak/low-authority regional — not promoted
ME - Kennebec Journal,https://www.centralmaine.com/feed/,centralmaine.com,Regional,6,50.0,weak/low-authority regional — not promoted
ME - Lewiston Sun Journal,https://www.sunjournal.com/feed/,sunjournal.com,Regional,6,50.0,dead/unreachable feed
MD - Washington Post (MD),https://feeds.washingtonpost.com/rss/local/maryland,feeds.washingtonpost.com,Regional,6,50.0,dead/unreachable feed
MD - Capital Gazette Annapolis,https://www.capitalgazette.com/arcio/rss/,capitalgazette.com,Regional,6,50.0,weak/low-authority regional — not promoted
MD - Frederick News-Post,https://www.fredericknewspost.com/search/?f=rss&t=article&l=50,fredericknewspost.com,Regional,6,50.0,dead/unreachable feed
MD - Hagerstown Herald-Mail,https://www.heraldmailmedia.com/search/?f=rss&t=article&l=50,heraldmailmedia.com,Regional,6,50.0,dead/unreachable feed
MD - Salisbury Daily Times,https://www.delmarvanow.com/rss/,delmarvanow.com,Regional,6,50.0,dead/unreachable feed
MD - Cumberland Times-News,https://www.times-news.com/search/?f=rss&t=article&l=50,times-news.com,Regional,6,50.0,weak/low-authority regional — not promoted
MD - Baltimore Business Journal,https://www.bizjournals.com/baltimore/feed/latest/,bizjournals.com,Regional,6,50.0,weak/low-authority regional — not promoted
MD - Maryland Reporter,https://marylandreporter.com/feed/,marylandreporter.com,Regional,6,50.0,weak/low-authority regional — not promoted
MA - Boston Globe,https://www.bostonglobe.com/rss/,bostonglobe.com,Regional,6,50.0,dead/unreachable feed
MA - Worcester Telegram & Gazette,https://www.telegram.com/arcio/rss/,telegram.com,Regional,6,50.0,dead/unreachable feed
MA - Springfield Republican,https://www.masslive.com/rss/,masslive.com,Regional,6,50.0,weak/low-authority regional — not promoted
MA - Lowell Sun,https://www.lowellsun.com/feed/,lowellsun.com,Regional,6,50.0,weak/low-authority regional — not promoted
MA - Patriot Ledger,https://www.patriotledger.com/feed/,patriotledger.com,Regional,6,50.0,dead/unreachable feed
MA - Cape Cod Times,https://www.capecodtimes.com/arcio/rss/,capecodtimes.com,Regional,6,50.0,dead/unreachable feed
MA - New Bedford Standard-Times,https://www.southcoasttoday.com/search/?f=rss&t=article&l=50,southcoasttoday.com,Regional,6,50.0,dead/unreachable feed
MA - Berkshire Eagle,https://www.berkshireeagle.com/feed/,berkshireeagle.com,Regional,6,50.0,dead/unreachable feed
MA - Gloucester Daily Times,https://www.gloucestertimes.com/feed/,gloucestertimes.com,Regional,6,50.0,weak/low-authority regional — not promoted
MA - Boston Business Journal,https://www.bizjournals.com/boston/feed/latest/,bizjournals.com,Regional,6,50.0,weak/low-authority regional — not promoted
MA - CommonWealth Magazine,https://commonwealthbeacon.org/feed/,commonwealthbeacon.org,Regional,6,50.0,weak/low-authority regional — not promoted
MI - Detroit News,https://www.detroitnews.com/arcio/rss/,detroitnews.com,Regional,6,50.0,dead/unreachable feed
MI - Grand Rapids Press,https://www.mlive.com/grand-rapids/index.ssf/rss2.0.xml,mlive.com,Regional,6,50.0,dead/unreachable feed
MI - Lansing State Journal,https://www.lansingstatejournal.com/rss/,lansingstatejournal.com,Regional,6,50.0,dead/unreachable feed
MI - Flint Journal,https://www.mlive.com/flint/index.ssf/rss2.0.xml,mlive.com,Regional,6,50.0,dead/unreachable feed
MI - Kalamazoo Gazette,https://www.mlive.com/kalamazoo/index.ssf/rss2.0.xml,mlive.com,Regional,6,50.0,dead/unreachable feed
MI - Ann Arbor News,https://www.mlive.com/ann-arbor/index.ssf/rss2.0.xml,mlive.com,Regional,6,50.0,dead/unreachable feed
MI - Bay City Times,https://www.mlive.com/bay-city/index.ssf/rss2.0.xml,mlive.com,Regional,6,50.0,dead/unreachable feed
MI - Saginaw News,https://www.mlive.com/saginaw/index.ssf/rss2.0.xml,mlive.com,Regional,6,50.0,dead/unreachable feed
MI - Traverse City Record-Eagle,https://www.record-eagle.com/search/?f=rss&t=article&l=50,record-eagle.com,Regional,6,50.0,weak/low-authority regional — not promoted
MI - Muskegon Chronicle,https://www.mlive.com/muskegon/index.ssf/rss2.0.xml,mlive.com,Regional,6,50.0,dead/unreachable feed
MI - Detroit Business,https://www.crainsdetroit.com/rss/,crainsdetroit.com,Regional,6,50.0,dead/unreachable feed
MI - Bridge Michigan,https://bridgemi.com/feed/,bridgemi.com,Regional,6,50.0,weak/low-authority regional — not promoted
MN - Minneapolis Star Tribune,https://www.startribune.com/feeds/,startribune.com,Regional,6,50.0,dead/unreachable feed
MN - St. Paul Pioneer Press,https://www.twincities.com/feed/,twincities.com,Regional,6,50.0,weak/low-authority regional — not promoted
MN - Duluth News Tribune,https://www.duluthnewstribune.com/feed/,duluthnewstribune.com,Regional,6,50.0,dead/unreachable feed
MN - Rochester Post-Bulletin,https://www.postbulletin.com/search/?f=rss&t=article&l=50,postbulletin.com,Regional,6,50.0,weak/low-authority regional — not promoted
MN - St. Cloud Times,https://www.sctimes.com/rss/,sctimes.com,Regional,6,50.0,dead/unreachable feed
MN - Mankato Free Press,https://www.mankatofreepress.com/search/?f=rss&t=article&l=50,mankatofreepress.com,Regional,6,50.0,weak/low-authority regional — not promoted
MN - Brainerd Dispatch,https://www.brainerddispatch.com/search/?f=rss&t=article&l=50,brainerddispatch.com,Regional,6,50.0,weak/low-authority regional — not promoted
MN - Minneapolis Business Journal,https://www.bizjournals.com/twincities/feed/latest/,bizjournals.com,Regional,6,50.0,weak/low-authority regional — not promoted
MN - MinnPost,https://www.minnpost.com/feed/,minnpost.com,Regional,6,50.0,weak/low-authority regional — not promoted
MS - Clarion-Ledger Jackson,https://www.clarionledger.com/rss/,clarionledger.com,Regional,6,50.0,dead/unreachable feed
MS - Sun Herald Biloxi,https://www.sunherald.com/news/local/rss,sunherald.com,Regional,6,50.0,dead/unreachable feed
MS - Commercial Dispatch Columbus,https://www.cdispatch.com/search/?f=rss&t=article&l=50,cdispatch.com,Regional,6,50.0,dead/unreachable feed
MS - Hattiesburg American,https://www.hattiesburgamerican.com/rss/,hattiesburgamerican.com,Regional,6,50.0,dead/unreachable feed
MS - Vicksburg Post,https://www.vicksburgpost.com/search/?f=rss&t=article&l=50,vicksburgpost.com,Regional,6,50.0,weak/low-authority regional — not promoted
MS - Meridian Star,https://www.meridianstar.com/search/?f=rss&t=article&l=50,meridianstar.com,Regional,6,50.0,weak/low-authority regional — not promoted
MS - Mississippi Today,https://mississippitoday.org/feed/,mississippitoday.org,Regional,6,50.0,weak/low-authority regional — not promoted
MO - Kansas City Star,https://www.kansascity.com/news/local/rss,kansascity.com,Regional,6,50.0,dead/unreachable feed
MO - Springfield News-Leader,https://www.news-leader.com/rss/,news-leader.com,Regional,6,50.0,dead/unreachable feed
MO - Columbia Missourian,https://www.columbiamissourian.com/search/?f=rss&t=article&l=50,columbiamissourian.com,Regional,6,50.0,weak/low-authority regional — not promoted
MO - Joplin Globe,https://www.joplinglobe.com/search/?f=rss&t=article&l=50,joplinglobe.com,Regional,6,50.0,dead/unreachable feed
MO - St. Joseph News-Press,https://www.newspressnow.com/search/?f=rss&t=article&l=50,newspressnow.com,Regional,6,50.0,dead/unreachable feed
MO - Columbia Tribune,https://www.columbiatribune.com/search/?f=rss&t=article&l=50,columbiatribune.com,Regional,6,50.0,weak/low-authority regional — not promoted
MO - Kansas City Business Journal,https://www.bizjournals.com/kansascity/feed/latest/,bizjournals.com,Regional,6,50.0,weak/low-authority regional — not promoted
MO - St. Louis Business Journal,https://www.bizjournals.com/stlouis/feed/latest/,bizjournals.com,Regional,6,50.0,weak/low-authority regional — not promoted
MT - Missoulian,https://missoulian.com/search/?f=rss&t=article&l=50,missoulian.com,Regional,6,50.0,weak/low-authority regional — not promoted
MT - Billings Gazette,https://billingsgazette.com/search/?f=rss&t=article&l=50,billingsgazette.com,Regional,6,50.0,weak/low-authority regional — not promoted
MT - Great Falls Tribune,https://www.greatfallstribune.com/rss/,greatfallstribune.com,Regional,6,50.0,dead/unreachable feed
MT - Helena Independent Record,https://helenair.com/search/?f=rss&t=article&l=50,helenair.com,Regional,6,50.0,weak/low-authority regional — not promoted
MT - Bozeman Daily Chronicle,https://www.bozemandailychronicle.com/search/?f=rss&t=article&l=50,bozemandailychronicle.com,Regional,6,50.0,weak/low-authority regional — not promoted
MT - Flathead Beacon,https://flatheadbeacon.com/feed/,flatheadbeacon.com,Regional,6,50.0,weak/low-authority regional — not promoted
MT - Montana Free Press,https://montanafreepress.org/feed/,montanafreepress.org,Regional,6,50.0,weak/low-authority regional — not promoted
NE - Omaha World-Herald,https://omaha.com/search/?f=rss&t=article&l=50,omaha.com,Regional,6,50.0,weak/low-authority regional — not promoted
NE - Lincoln Journal Star,https://journalstar.com/search/?f=rss&t=article&l=50,journalstar.com,Regional,6,50.0,weak/low-authority regional — not promoted
NE - Fremont Tribune,https://www.fremonttribune.com/search/?f=rss&t=article&l=50,fremonttribune.com,Regional,6,50.0,weak/low-authority regional — not promoted
NE - Kearney Hub,https://www.kearneyhub.com/search/?f=rss&t=article&l=50,kearneyhub.com,Regional,6,50.0,weak/low-authority regional — not promoted
NE - Grand Island Independent,https://www.theindependent.com/search/?f=rss&t=article&l=50,theindependent.com,Regional,6,50.0,weak/low-authority regional — not promoted
NE - Scottsbluff Star-Herald,https://www.starherald.com/search/?f=rss&t=article&l=50,starherald.com,Regional,6,50.0,weak/low-authority regional — not promoted
NE - Norfolk Daily News,https://www.norfolkdailynews.com/search/?f=rss&t=article&l=50,norfolkdailynews.com,Regional,6,50.0,weak/low-authority regional — not promoted
NV - Las Vegas Review-Journal,https://www.reviewjournal.com/feed/,reviewjournal.com,Regional,6,50.0,weak/low-authority regional — not promoted
NV - Las Vegas Sun,https://lasvegassun.com/feed/,lasvegassun.com,Regional,6,50.0,dead/unreachable feed
NV - Reno Gazette-Journal,https://www.rgj.com/rss/,rgj.com,Regional,6,50.0,dead/unreachable feed
NV - Nevada Independent,https://thenevadaindependent.com/feed/,thenevadaindependent.com,Regional,6,50.0,weak/low-authority regional — not promoted
NV - Las Vegas Weekly,https://lasvegasweekly.com/feed/,lasvegasweekly.com,Regional,6,50.0,dead/unreachable feed
NV - Las Vegas Business Press,https://www.bizjournals.com/lasvegas/feed/latest/,bizjournals.com,Regional,6,50.0,weak/low-authority regional — not promoted
NH - Union Leader Manchester,https://www.unionleader.com/search/?f=rss&t=article&l=50,unionleader.com,Regional,6,50.0,weak/low-authority regional — not promoted
NH - Concord Monitor,https://www.concordmonitor.com/feed/,concordmonitor.com,Regional,6,50.0,weak/low-authority regional — not promoted
NH - Keene Sentinel,https://www.sentinelsource.com/search/?f=rss&t=article&l=50,sentinelsource.com,Regional,6,50.0,weak/low-authority regional — not promoted
NH - Laconia Daily Sun,https://laconiadailysun.com/feed/,laconiadailysun.com,Regional,6,50.0,weak/low-authority regional — not promoted
NJ - NJ.com / Star-Ledger,https://www.nj.com/arcio/rss/,nj.com,Regional,6,50.0,dead/unreachable feed
NJ - Bergen Record,https://www.northjersey.com/arcio/rss/,northjersey.com,Regional,6,50.0,dead/unreachable feed
NJ - Asbury Park Press,https://www.app.com/rss/,app.com,Regional,6,50.0,dead/unreachable feed
NJ - Courier-Post Cherry Hill,https://www.courierpostonline.com/rss/,courierpostonline.com,Regional,6,50.0,dead/unreachable feed
NJ - Burlington County Times,https://www.burlingtoncountytimes.com/rss/,burlingtoncountytimes.com,Regional,6,50.0,dead/unreachable feed
NJ - Home News Tribune,https://www.mycentraljersey.com/rss/,mycentraljersey.com,Regional,6,50.0,dead/unreachable feed
NJ - Times of Trenton,https://www.nj.com/times-of-trenton/index.ssf/rss2.0.xml,nj.com,Regional,6,50.0,dead/unreachable feed
NJ - New Jersey Business Jrnl,https://www.bizjournals.com/newjersey/feed/latest/,bizjournals.com,Regional,6,50.0,weak/low-authority regional — not promoted
NJ - NJ Spotlight News,https://www.njspotlightnews.org/feed/,njspotlightnews.org,Regional,6,50.0,weak/low-authority regional — not promoted
NM - Albuquerque Journal,https://www.abqjournal.com/feed/,abqjournal.com,Regional,6,50.0,dead/unreachable feed
NM - Santa Fe New Mexican,https://www.santafenewmexican.com/search/?f=rss&t=article&l=50,santafenewmexican.com,Regional,6,50.0,weak/low-authority regional — not promoted
NM - Las Cruces Sun-News,https://www.lcsun-news.com/rss/,lcsun-news.com,Regional,6,50.0,dead/unreachable feed
NM - Roswell Daily Record,https://www.rdrnews.com/search/?f=rss&t=article&l=50,rdrnews.com,Regional,6,50.0,weak/low-authority regional — not promoted
NM - Farmington Daily Times,https://www.daily-times.com/rss/,daily-times.com,Regional,6,50.0,dead/unreachable feed
NM - New Mexico Political Report,https://nmpoliticalreport.com/feed/,nmpoliticalreport.com,Regional,6,50.0,weak/low-authority regional — not promoted
NY - Newsday Long Island,https://www.newsday.com/rss,newsday.com,Regional,6,50.0,dead/unreachable feed
NY - Rochester Democrat & Chronicle,https://www.democratandchronicle.com/rss/,democratandchronicle.com,Regional,6,50.0,dead/unreachable feed
NY - Albany Times-Union,https://www.timesunion.com/search/?f=rss&t=article&l=50,timesunion.com,Regional,6,50.0,weak/low-authority regional — not promoted
NY - Syracuse Post-Standard,https://www.syracuse.com/arcio/rss/,syracuse.com,Regional,6,50.0,dead/unreachable feed
NY - Binghamton Press & Sun-Bull,https://www.pressconnects.com/rss/,pressconnects.com,Regional,6,50.0,dead/unreachable feed
NY - Utica Observer-Dispatch,https://www.uticaod.com/search/?f=rss&t=article&l=50,uticaod.com,Regional,6,50.0,weak/low-authority regional — not promoted
NY - Poughkeepsie Journal,https://www.poughkeepsiejournal.com/rss/,poughkeepsiejournal.com,Regional,6,50.0,dead/unreachable feed
NY - Journal News Westchester,https://www.lohud.com/arcio/rss/,lohud.com,Regional,6,50.0,dead/unreachable feed
NY - Staten Island Advance,https://www.silive.com/arcio/rss/,silive.com,Regional,6,50.0,dead/unreachable feed
NY - New York Business Journal,https://www.bizjournals.com/newyork/feed/latest/,bizjournals.com,Regional,6,50.0,weak/low-authority regional — not promoted
NY - City & State NY,https://www.cityandstateny.com/feed/,cityandstateny.com,Regional,6,50.0,dead/unreachable feed
NY - Gothamist,https://gothamist.com/feed,gothamist.com,Regional,6,50.0,weak/low-authority regional — not promoted
NY - The City NYC,https://www.thecity.nyc/feed/,thecity.nyc,Regional,6,50.0,weak/low-authority regional — not promoted
NY - Observer NY,https://observer.com/feed/,observer.com,Regional,6,50.0,weak/low-authority regional — not promoted
NC - Charlotte Observer,https://www.charlotteobserver.com/news/local/rss,charlotteobserver.com,Regional,6,50.0,dead/unreachable feed
NC - News & Observer Raleigh,https://www.newsobserver.com/news/local/rss,newsobserver.com,Regional,6,50.0,dead/unreachable feed
NC - Winston-Salem Journal,https://www.journalnow.com/search/?f=rss&t=article&l=50,journalnow.com,Regional,6,50.0,weak/low-authority regional — not promoted
NC - Greensboro News & Record,https://greensboro.com/search/?f=rss&t=article&l=50,greensboro.com,Regional,6,50.0,weak/low-authority regional — not promoted
NC - Durham Herald-Sun,https://www.heraldsun.com/news/local/rss,heraldsun.com,Regional,6,50.0,dead/unreachable feed
NC - Fayetteville Observer,https://www.fayobserver.com/rss/,fayobserver.com,Regional,6,50.0,dead/unreachable feed
NC - Wilmington Star-News,https://www.starnewsonline.com/rss/,starnewsonline.com,Regional,6,50.0,dead/unreachable feed
NC - Asheville Citizen-Times,https://www.citizen-times.com/rss/,citizen-times.com,Regional,6,50.0,dead/unreachable feed
NC - Statesville Record Landmark,https://www.statesville.com/search/?f=rss&t=article&l=50,statesville.com,Regional,6,50.0,weak/low-authority regional — not promoted
NC - High Point Enterprise,https://www.hpenews.com/search/?f=rss&t=article&l=50,hpenews.com,Regional,6,50.0,weak/low-authority regional — not promoted
NC - Rocky Mount Telegram,https://www.rockymounttelegram.com/search/?f=rss&t=article&l=50,rockymounttelegram.com,Regional,6,50.0,weak/low-authority regional — not promoted
NC - Charlotte Business Journal,https://www.bizjournals.com/charlotte/feed/latest/,bizjournals.com,Regional,6,50.0,weak/low-authority regional — not promoted
NC - NC Policy Watch,https://ncpolicywatch.com/feed/,ncpolicywatch.com,Regional,6,50.0,weak/low-authority regional — not promoted
NC - Carolina Public Press,https://carolinapublicpress.org/feed/,carolinapublicpress.org,Regional,6,50.0,weak/low-authority regional — not promoted
ND - Bismarck Tribune,https://bismarcktribune.com/search/?f=rss&t=article&l=50,bismarcktribune.com,Regional,6,50.0,weak/low-authority regional — not promoted
ND - Fargo Forum,https://www.inforum.com/search/?f=rss&t=article&l=50,inforum.com,Regional,6,50.0,weak/low-authority regional — not promoted
ND - Grand Forks Herald,https://www.grandforksherald.com/search/?f=rss&t=article&l=50,grandforksherald.com,Regional,6,50.0,weak/low-authority regional — not promoted
ND - Minot Daily News,https://www.minotdailynews.com/feed/,minotdailynews.com,Regional,6,50.0,dead/unreachable feed
ND - Dickinson Press,https://www.thedickinsonpress.com/search/?f=rss&t=article&l=50,thedickinsonpress.com,Regional,6,50.0,weak/low-authority regional — not promoted
OH - Cleveland Plain Dealer,https://www.cleveland.com/arcio/rss/,cleveland.com,Regional,6,50.0,dead/unreachable feed
OH - Cincinnati Enquirer,https://www.cincinnati.com/rss/,cincinnati.com,Regional,6,50.0,dead/unreachable feed
OH - Toledo Blade,https://www.toledoblade.com/search/?f=rss&t=article&l=50,toledoblade.com,Regional,6,50.0,weak/low-authority regional — not promoted
OH - Akron Beacon Journal,https://www.beaconjournal.com/search/?f=rss&t=article&l=50,beaconjournal.com,Regional,6,50.0,weak/low-authority regional — not promoted
OH - Dayton Daily News,https://www.daytondailynews.com/rss/,daytondailynews.com,Regional,6,50.0,dead/unreachable feed
OH - Youngstown Vindicator,https://www.vindy.com/rss/news/,vindy.com,Regional,6,50.0,weak/low-authority regional — not promoted
OH - Canton Repository,https://www.cantonrep.com/search/?f=rss&t=article&l=50,cantonrep.com,Regional,6,50.0,weak/low-authority regional — not promoted
OH - Springfield News-Sun,https://www.springfieldnewssun.com/rss/,springfieldnewssun.com,Regional,6,50.0,dead/unreachable feed
OH - Mansfield News Journal,https://www.mansfieldnewsjournal.com/rss/,mansfieldnewsjournal.com,Regional,6,50.0,dead/unreachable feed
OH - Cleveland Business,https://www.crainscleveland.com/rss/,crainscleveland.com,Regional,6,50.0,dead/unreachable feed
OH - Columbus Business First,https://www.bizjournals.com/columbus/feed/latest/,bizjournals.com,Regional,6,50.0,weak/low-authority regional — not promoted
OH - Cincinnati Business Courier,https://www.bizjournals.com/cincinnati/feed/latest/,bizjournals.com,Regional,6,50.0,weak/low-authority regional — not promoted
OH - Ohio Capital Journal,https://ohiocapitaljournal.com/feed/,ohiocapitaljournal.com,Regional,6,50.0,weak/low-authority regional — not promoted
OK - Oklahoman,https://www.oklahoman.com/rss/,oklahoman.com,Regional,6,50.0,dead/unreachable feed
OK - Tulsa World,https://tulsaworld.com/search/?f=rss&t=article&l=50,tulsaworld.com,Regional,6,50.0,weak/low-authority regional — not promoted
OK - Lawton Constitution,https://www.swoknews.com/search/?f=rss&t=article&l=50,swoknews.com,Regional,6,50.0,weak/low-authority regional — not promoted
OK - Enid News & Eagle,https://www.enidnews.com/search/?f=rss&t=article&l=50,enidnews.com,Regional,6,50.0,weak/low-authority regional — not promoted
OK - Muskogee Phoenix,https://www.muskogeephoenix.com/search/?f=rss&t=article&l=50,muskogeephoenix.com,Regional,6,50.0,weak/low-authority regional — not promoted
OK - Oklahoma Watch,https://oklahomawatch.org/feed/,oklahomawatch.org,Regional,6,50.0,weak/low-authority regional — not promoted
OR - Oregonian Portland,https://www.oregonlive.com/arcio/rss/,oregonlive.com,Regional,6,50.0,dead/unreachable feed
OR - Eugene Register-Guard,https://www.registerguard.com/search/?f=rss&t=article&l=50,registerguard.com,Regional,6,50.0,dead/unreachable feed
OR - Salem Statesman Journal,https://www.statesmanjournal.com/rss/,statesmanjournal.com,Regional,6,50.0,dead/unreachable feed
OR - Medford Mail Tribune,https://www.mailtribune.com/search/?f=rss&t=article&l=50,mailtribune.com,Regional,6,50.0,dead/unreachable feed
OR - Bend Bulletin,https://www.bendbulletin.com/search/?f=rss&t=article&l=50,bendbulletin.com,Regional,6,50.0,weak/low-authority regional — not promoted
OR - Corvallis Gazette-Times,https://www.gazettetimes.com/search/?f=rss&t=article&l=50,gazettetimes.com,Regional,6,50.0,weak/low-authority regional — not promoted
OR - Albany Democrat-Herald,https://democratherald.com/search/?f=rss&t=article&l=50,democratherald.com,Regional,6,50.0,weak/low-authority regional — not promoted
OR - Portland Business Journal,https://www.bizjournals.com/portland/feed/latest/,bizjournals.com,Regional,6,50.0,weak/low-authority regional — not promoted
OR - Willamette Week,https://www.wweek.com/feed/,wweek.com,Regional,6,50.0,dead/unreachable feed
OR - Oregon Public Broadcasting,https://www.opb.org/rss/news/,opb.org,Regional,6,50.0,dead/unreachable feed
PA - Harrisburg Patriot-News,https://www.pennlive.com/arcio/rss/,pennlive.com,Regional,6,50.0,dead/unreachable feed
PA - Pittsburgh Tribune-Review,https://triblive.com/feed/,triblive.com,Regional,6,50.0,weak/low-authority regional — not promoted
PA - Allentown Morning Call,https://www.mcall.com/arcio/rss/,mcall.com,Regional,6,50.0,weak/low-authority regional — not promoted
PA - Reading Eagle,https://www.readingeagle.com/search/?f=rss&t=article&l=50,readingeagle.com,Regional,6,50.0,weak/low-authority regional — not promoted
PA - Lancaster Intelligencer Jrnl,https://lancasteronline.com/search/?f=rss&t=article&l=50,lancasteronline.com,Regional,6,50.0,weak/low-authority regional — not promoted
PA - Scranton Times-Tribune,https://www.thetimes-tribune.com/search/?f=rss&t=article&l=50,thetimes-tribune.com,Regional,6,50.0,weak/low-authority regional — not promoted
PA - Erie Times-News,https://www.goerie.com/search/?f=rss&t=article&l=50,goerie.com,Regional,6,50.0,weak/low-authority regional — not promoted
PA - Wilkes-Barre Citizens Voice,https://www.citizensvoice.com/search/?f=rss&t=article&l=50,citizensvoice.com,Regional,6,50.0,dead/unreachable feed
PA - Pittsburgh Business Times,https://www.bizjournals.com/pittsburgh/feed/latest/,bizjournals.com,Regional,6,50.0,weak/low-authority regional — not promoted
PA - Philadelphia Business Jrnl,https://www.bizjournals.com/philadelphia/feed/latest/,bizjournals.com,Regional,6,50.0,weak/low-authority regional — not promoted
PA - Spotlight PA,https://www.spotlightpa.org/feed/,spotlightpa.org,Regional,6,50.0,dead/unreachable feed
PA - Pennsylvania Capital-Star,https://www.penncapital-star.com/feed/,penncapital-star.com,Regional,6,50.0,weak/low-authority regional — not promoted
RI - Providence Journal,https://www.providencejournal.com/arcio/rss/,providencejournal.com,Regional,6,50.0,dead/unreachable feed
RI - Woonsocket Call,https://www.woonsocketcall.com/search/?f=rss&t=article&l=50,woonsocketcall.com,Regional,6,50.0,weak/low-authority regional — not promoted
RI - Newport Daily News,https://www.newportri.com/search/?f=rss&t=article&l=50,newportri.com,Regional,6,50.0,weak/low-authority regional — not promoted
RI - Rhode Island Current,https://rhodeislandcurrent.com/feed/,rhodeislandcurrent.com,Regional,6,50.0,weak/low-authority regional — not promoted
SC - State Columbia,https://www.thestate.com/news/local/rss,thestate.com,Regional,6,50.0,dead/unreachable feed
SC - Greenville News,https://www.greenvilleonline.com/rss/,greenvilleonline.com,Regional,6,50.0,dead/unreachable feed
SC - Myrtle Beach Sun News,https://www.myrtlebeachonline.com/news/local/rss,myrtlebeachonline.com,Regional,6,50.0,dead/unreachable feed
SC - Rock Hill Herald,https://www.heraldonline.com/news/local/rss,heraldonline.com,Regional,6,50.0,dead/unreachable feed
SC - Anderson Independent Mail,https://www.independentmail.com/rss/,independentmail.com,Regional,6,50.0,dead/unreachable feed
SC - Spartanburg Herald-Journal,https://www.goupstate.com/search/?f=rss&t=article&l=50,goupstate.com,Regional,6,50.0,dead/unreachable feed
SD - Argus Leader Sioux Falls,https://www.argusleader.com/rss/,argusleader.com,Regional,6,50.0,dead/unreachable feed
SD - Rapid City Journal,https://rapidcityjournal.com/search/?f=rss&t=article&l=50,rapidcityjournal.com,Regional,6,50.0,weak/low-authority regional — not promoted
SD - Aberdeen American News,https://www.aberdeennews.com/search/?f=rss&t=article&l=50,aberdeennews.com,Regional,6,50.0,dead/unreachable feed
SD - Watertown Public Opinion,https://www.thepublicopinion.com/search/?f=rss&t=article&l=50,thepublicopinion.com,Regional,6,50.0,weak/low-authority regional — not promoted
SD - South Dakota Searchlight,https://southdakotasearchlight.com/feed/,southdakotasearchlight.com,Regional,6,50.0,weak/low-authority regional — not promoted
TN - Tennessean Nashville,https://www.tennessean.com/rss/,tennessean.com,Regional,6,50.0,dead/unreachable feed
TN - Memphis Commercial Appeal,https://www.commercialappeal.com/rss/,commercialappeal.com,Regional,6,50.0,dead/unreachable feed
TN - Knoxville News Sentinel,https://www.knoxnews.com/rss/,knoxnews.com,Regional,6,50.0,dead/unreachable feed
TN - Chattanooga Times Free Press,https://www.timesfreepress.com/search/?f=rss&t=article&l=50,timesfreepress.com,Regional,6,50.0,weak/low-authority regional — not promoted
TN - Jackson Sun,https://www.jacksonsun.com/rss/,jacksonsun.com,Regional,6,50.0,dead/unreachable feed
TN - Clarksville Leaf-Chronicle,https://www.theleafchronicle.com/rss/,theleafchronicle.com,Regional,6,50.0,dead/unreachable feed
TN - Johnson City Press,https://www.johnsoncitypress.com/search/?f=rss&t=article&l=50,johnsoncitypress.com,Regional,6,50.0,weak/low-authority regional — not promoted
TN - Nashville Business Journal,https://www.bizjournals.com/nashville/feed/latest/,bizjournals.com,Regional,6,50.0,weak/low-authority regional — not promoted
TN - Tennessee Lookout,https://tennesseelookout.com/feed/,tennesseelookout.com,Regional,6,50.0,weak/low-authority regional — not promoted
TX - Dallas Morning News,https://www.dallasnews.com/arcio/rss/,dallasnews.com,Regional,6,50.0,dead/unreachable feed
TX - Houston Chronicle,https://www.houstonchronicle.com/arcio/rss/,houstonchronicle.com,Regional,6,50.0,dead/unreachable feed
TX - San Antonio Express-News,https://www.mysanantonio.com/arcio/rss/,mysanantonio.com,Regional,6,50.0,dead/unreachable feed
TX - Austin American-Statesman,https://www.statesman.com/arcio/rss/,statesman.com,Regional,6,50.0,dead/unreachable feed
TX - Fort Worth Star-Telegram,https://www.star-telegram.com/news/local/rss,star-telegram.com,Regional,6,50.0,dead/unreachable feed
TX - El Paso Times,https://www.elpasotimes.com/rss/,elpasotimes.com,Regional,6,50.0,dead/unreachable feed
TX - Corpus Christi Caller-Times,https://www.caller.com/rss/,caller.com,Regional,6,50.0,dead/unreachable feed
TX - Lubbock Avalanche-Journal,https://www.lubbockonline.com/rss/,lubbockonline.com,Regional,6,50.0,dead/unreachable feed
TX - Waco Tribune-Herald,https://wacotrib.com/search/?f=rss&t=article&l=50,wacotrib.com,Regional,6,50.0,weak/low-authority regional — not promoted
TX - Amarillo Globe-News,https://www.amarillo.com/search/?f=rss&t=article&l=50,amarillo.com,Regional,6,50.0,weak/low-authority regional — not promoted
TX - Abilene Reporter-News,https://www.reporternews.com/rss/,reporternews.com,Regional,6,50.0,dead/unreachable feed
TX - Beaumont Enterprise,https://www.beaumontenterprise.com/arcio/rss/,beaumontenterprise.com,Regional,6,50.0,dead/unreachable feed
TX - Laredo Morning Times,https://www.lmtonline.com/search/?f=rss&t=article&l=50,lmtonline.com,Regional,6,50.0,weak/low-authority regional — not promoted
TX - Midland Reporter-Telegram,https://www.mrt.com/search/?f=rss&t=article&l=50,mrt.com,Regional,6,50.0,dead/unreachable feed
TX - McAllen Monitor,https://www.themonitor.com/search/?f=rss&t=article&l=50,themonitor.com,Regional,6,50.0,weak/low-authority regional — not promoted
TX - Tyler Morning Telegraph,https://tylerpaper.com/search/?f=rss&t=article&l=50,tylerpaper.com,Regional,6,50.0,weak/low-authority regional — not promoted
TX - Odessa American,https://www.oaoa.com/search/?f=rss&t=article&l=50,oaoa.com,Regional,6,50.0,weak/low-authority regional — not promoted
TX - Longview News-Journal,https://www.news-journal.com/search/?f=rss&t=article&l=50,news-journal.com,Regional,6,50.0,weak/low-authority regional — not promoted
TX - Houston Business Journal,https://www.bizjournals.com/houston/feed/latest/,bizjournals.com,Regional,6,50.0,weak/low-authority regional — not promoted
TX - Dallas Business Journal,https://www.bizjournals.com/dallas/feed/latest/,bizjournals.com,Regional,6,50.0,weak/low-authority regional — not promoted
TX - San Antonio Business Jrnl,https://www.bizjournals.com/sanantonio/feed/latest/,bizjournals.com,Regional,6,50.0,weak/low-authority regional — not promoted
TX - Austin Business Journal,https://www.bizjournals.com/austin/feed/latest/,bizjournals.com,Regional,6,50.0,dead/unreachable feed
TX - Texas Tribune,https://www.texastribune.org/feed/,texastribune.org,Regional,6,50.0,weak/low-authority regional — not promoted
TX - Dallas Observer,https://www.dallasobserver.com/feed/,dallasobserver.com,Regional,6,50.0,weak/low-authority regional — not promoted
TX - Houston Press,https://www.houstonpress.com/feed/,houstonpress.com,Regional,6,50.0,weak/low-authority regional — not promoted
UT - Salt Lake Tribune,https://www.sltrib.com/feed/,sltrib.com,Regional,6,50.0,dead/unreachable feed
UT - Deseret News,https://www.deseret.com/rss,deseret.com,Regional,6,50.0,dead/unreachable feed
UT - Provo Daily Herald,https://www.heraldextra.com/search/?f=rss&t=article&l=50,heraldextra.com,Regional,6,50.0,dead/unreachable feed
UT - St. George Spectrum,https://www.thespectrum.com/rss/,thespectrum.com,Regional,6,50.0,dead/unreachable feed
UT - Ogden Standard-Examiner,https://www.standard.net/search/?f=rss&t=article&l=50,standard.net,Regional,6,50.0,dead/unreachable feed
UT - Cache Valley Daily,https://www.cachevalleydaily.com/search/?f=rss&t=article&l=50,cachevalleydaily.com,Regional,6,50.0,weak/low-authority regional — not promoted
VT - Burlington Free Press,https://www.burlingtonfreepress.com/rss/,burlingtonfreepress.com,Regional,6,50.0,dead/unreachable feed
VT - Barre Times Argus,https://www.timesargus.com/search/?f=rss&t=article&l=50,timesargus.com,Regional,6,50.0,weak/low-authority regional — not promoted
VT - Brattleboro Reformer,https://www.reformer.com/search/?f=rss&t=article&l=50,reformer.com,Regional,6,50.0,weak/low-authority regional — not promoted
VT - Rutland Herald,https://www.rutlandherald.com/search/?f=rss&t=article&l=50,rutlandherald.com,Regional,6,50.0,weak/low-authority regional — not promoted
VT - VTDigger,https://vtdigger.org/feed/,vtdigger.org,Regional,6,50.0,weak/low-authority regional — not promoted
VA - Richmond Times-Dispatch,https://richmond.com/search/?f=rss&t=article&l=50,richmond.com,Regional,6,50.0,dead/unreachable feed
VA - Virginian-Pilot Norfolk,https://www.pilotonline.com/arcio/rss/,pilotonline.com,Regional,6,50.0,weak/low-authority regional — not promoted
VA - Washington Post (VA),https://feeds.washingtonpost.com/rss/local/virginia,feeds.washingtonpost.com,Regional,6,50.0,dead/unreachable feed
VA - Roanoke Times,https://roanoke.com/search/?f=rss&t=article&l=50,roanoke.com,Regional,6,50.0,weak/low-authority regional — not promoted
VA - Daily Press Newport News,https://www.dailypress.com/arcio/rss/,dailypress.com,Regional,6,50.0,weak/low-authority regional — not promoted
VA - Fredericksburg Free Lance-Star,https://www.fredericksburg.com/search/?f=rss&t=article&l=50,fredericksburg.com,Regional,6,50.0,weak/low-authority regional — not promoted
VA - Lynchburg News & Advance,https://newsadvance.com/search/?f=rss&t=article&l=50,newsadvance.com,Regional,6,50.0,weak/low-authority regional — not promoted
VA - Charlottesville Daily Progress,https://dailyprogress.com/search/?f=rss&t=article&l=50,dailyprogress.com,Regional,6,50.0,weak/low-authority regional — not promoted
VA - Staunton News Leader,https://www.newsleader.com/rss/,newsleader.com,Regional,6,50.0,dead/unreachable feed
VA - Winchester Star,https://www.winchesterstar.com/search/?f=rss&t=article&l=50,winchesterstar.com,Regional,6,50.0,dead/unreachable feed
VA - Virginia Business Journal,https://www.bizjournals.com/virginia/feed/latest/,bizjournals.com,Regional,6,50.0,weak/low-authority regional — not promoted
VA - Virginia Mercury,https://virginiamercury.com/feed/,virginiamercury.com,Regional,6,50.0,weak/low-authority regional — not promoted
WA - Seattle Post-Intelligencer,https://www.seattlepi.com/seattlenews/feed/,seattlepi.com,Regional,6,50.0,dead/unreachable feed
WA - Spokane Spokesman-Review,https://www.spokesman.com/feed/,spokesman.com,Regional,6,50.0,dead/unreachable feed
WA - Tacoma News Tribune,https://www.thenewstribune.com/news/local/rss,thenewstribune.com,Regional,6,50.0,dead/unreachable feed
WA - Bellingham Herald,https://www.bellinghamherald.com/news/local/rss,bellinghamherald.com,Regional,6,50.0,dead/unreachable feed
WA - Olympian,https://www.theolympian.com/news/local/rss,theolympian.com,Regional,6,50.0,dead/unreachable feed
WA - Tri-City Herald,https://www.tri-cityherald.com/news/local/rss,tri-cityherald.com,Regional,6,50.0,dead/unreachable feed
WA - Wenatchee World,https://www.wenatcheeworld.com/search/?f=rss&t=article&l=50,wenatcheeworld.com,Regional,6,50.0,weak/low-authority regional — not promoted
WA - Yakima Herald-Republic,https://www.yakimaherald.com/search/?f=rss&t=article&l=50,yakimaherald.com,Regional,6,50.0,dead/unreachable feed
WA - Seattle Business Journal,https://www.bizjournals.com/seattle/feed/latest/,bizjournals.com,Regional,6,50.0,weak/low-authority regional — not promoted
WA - Crosscut,https://crosscut.com/feed,crosscut.com,Regional,6,50.0,dead/unreachable feed
DC - Politico,https://www.politico.com/rss/politicopicks.xml,politico.com,General,8,40.0,dead/unreachable feed
DC - DCist,https://dcist.com/feed,dcist.com,General,8,40.0,dead/unreachable feed
DC - Washington City Paper,https://washingtoncitypaper.com/feed/,washingtoncitypaper.com,General,8,40.0,unclassified/community/low-value — content-farm risk
DC - Washington Business Journal,https://www.bizjournals.com/washington/feed/latest/,bizjournals.com,General,8,40.0,unclassified/community/low-value — content-farm risk
WV - Charleston Gazette-Mail,https://www.wvgazettemail.com/search/?f=rss&t=article&l=50,wvgazettemail.com,Regional,6,50.0,weak/low-authority regional — not promoted
WV - Huntington Herald-Dispatch,https://www.herald-dispatch.com/search/?f=rss&t=article&l=50,herald-dispatch.com,Regional,6,50.0,weak/low-authority regional — not promoted
WV - Parkersburg News & Sentinel,https://www.newsandsentinel.com/search/?f=rss&t=article&l=50,newsandsentinel.com,Regional,6,50.0,weak/low-authority regional — not promoted
WV - Wheeling Intelligencer,https://www.theintelligencer.net/search/?f=rss&t=article&l=50,theintelligencer.net,Regional,6,50.0,dead/unreachable feed
WV - West Virginia MetroNews,https://wvmetronews.com/feed/,wvmetronews.com,Regional,6,50.0,weak/low-authority regional — not promoted
WV - Mountain State Spotlight,https://mountainstatespotlight.org/feed/,mountainstatespotlight.org,Regional,6,50.0,weak/low-authority regional — not promoted
WI - Milwaukee Journal Sentinel,https://www.jsonline.com/arcio/rss/,jsonline.com,Regional,6,50.0,dead/unreachable feed
WI - Madison Wisconsin State Journal,https://madison.com/wsj/search/?f=rss&t=article&l=50,madison.com,Regional,6,50.0,weak/low-authority regional — not promoted
WI - Green Bay Press-Gazette,https://www.greenbaypressgazette.com/rss/,greenbaypressgazette.com,Regional,6,50.0,dead/unreachable feed
WI - Appleton Post-Crescent,https://www.postcrescent.com/rss/,postcrescent.com,Regional,6,50.0,dead/unreachable feed
WI - Racine Journal Times,https://journaltimes.com/search/?f=rss&t=article&l=50,journaltimes.com,Regional,6,50.0,weak/low-authority regional — not promoted
WI - Sheboygan Press,https://www.sheboyganpress.com/rss/,sheboyganpress.com,Regional,6,50.0,dead/unreachable feed
WI - Oshkosh Northwestern,https://www.thenorthwestern.com/rss/,thenorthwestern.com,Regional,6,50.0,dead/unreachable feed
WI - Fond du Lac Reporter,https://www.fdlreporter.com/rss/,fdlreporter.com,Regional,6,50.0,dead/unreachable feed
WI - Wausau Daily Herald,https://www.wausaudailyherald.com/rss/,wausaudailyherald.com,Regional,6,50.0,dead/unreachable feed
WI - Stevens Point Journal,https://www.stevenspointjournal.com/rss/,stevenspointjournal.com,Regional,6,50.0,dead/unreachable feed
WI - La Crosse Tribune,https://lacrossetribune.com/search/?f=rss&t=article&l=50,lacrossetribune.com,Regional,6,50.0,dead/unreachable feed
WI - Milwaukee Business Journal,https://www.bizjournals.com/milwaukee/feed/latest/,bizjournals.com,Regional,6,50.0,dead/unreachable feed
WI - Wisconsin Watch,https://wisconsinwatch.org/feed/,wisconsinwatch.org,Regional,6,50.0,weak/low-authority regional — not promoted
WI - WisContext,https://www.wiscontext.org/feed/,wiscontext.org,Regional,6,50.0,weak/low-authority regional — not promoted
WY - Wyoming Tribune Eagle,https://www.wyomingnews.com/search/?f=rss&t=article&l=50,wyomingnews.com,Regional,6,50.0,weak/low-authority regional — not promoted
WY - Casper Star-Tribune,https://trib.com/search/?f=rss&t=article&l=50,trib.com,Regional,6,50.0,weak/low-authority regional — not promoted
WY - Laramie Boomerang,https://www.laramieboomerang.com/search/?f=rss&t=article&l=50,laramieboomerang.com,Regional,6,50.0,weak/low-authority regional — not promoted
WY - Gillette News Record,https://www.gillettenewsrecord.com/search/?f=rss&t=article&l=50,gillettenewsrecord.com,Regional,6,50.0,weak/low-authority regional — not promoted
WY - WyoFile,https://wyofile.com/feed/,wyofile.com,Regional,6,50.0,dead/unreachable feed
National - ProPublica,https://feeds.propublica.org/propublica/main,feeds.propublica.org,General,8,40.0,unclassified/community/low-value — content-farm risk
National - The Intercept,https://theintercept.com/feed/?rss,theintercept.com,General,8,40.0,unclassified/community/low-value — content-farm risk
National - Mother Jones,https://www.motherjones.com/feed/,motherjones.com,General,8,40.0,unclassified/community/low-value — content-farm risk
National - The Atlantic,https://www.theatlantic.com/feed/all/,theatlantic.com,General,8,40.0,unclassified/community/low-value — content-farm risk
National - Vox,https://www.vox.com/rss/index.xml,vox.com,General,8,40.0,dead/unreachable feed
National - Slate,https://slate.com/feeds/all.rss,slate.com,General,8,40.0,unclassified/community/low-value — content-farm risk
National - Quartz,https://qz.com/feed,qz.com,General,8,40.0,unclassified/community/low-value — content-farm risk
National - BuzzFeed News,https://www.buzzfeednews.com/rss,buzzfeednews.com,General,8,40.0,dead/unreachable feed
National - Salon,https://www.salon.com/feed,salon.com,General,8,40.0,unclassified/community/low-value — content-farm risk
National - Truthdig,https://www.truthdig.com/feed/,truthdig.com,General,8,40.0,unclassified/community/low-value — content-farm risk
National - The Nation,https://www.thenation.com/feed/?post-type=article,thenation.com,General,8,40.0,unclassified/community/low-value — content-farm risk
National - New Republic,https://newrepublic.com/feed,newrepublic.com,General,8,40.0,dead/unreachable feed
National - In These Times,https://inthesetimes.com/feed,inthesetimes.com,General,8,40.0,unclassified/community/low-value — content-farm risk
National - Grist,https://grist.org/feed/,grist.org,General,8,40.0,unclassified/community/low-value — content-farm risk
National - Governing,https://www.governing.com/rss/all/,governing.com,General,8,40.0,dead/unreachable feed
National - Pew Stateline,https://stateline.org/feed/,stateline.org,General,8,40.0,unclassified/community/low-value — content-farm risk
National - Pulitzer Center,https://pulitzercenter.org/feed,pulitzercenter.org,General,8,40.0,unclassified/community/low-value — content-farm risk
National - OpenSecrets,https://www.opensecrets.org/news/feed,opensecrets.org,General,8,40.0,unclassified/community/low-value — content-farm risk
National - The Markup,https://themarkup.org/feed/,themarkup.org,General,8,40.0,dead/unreachable feed
National - Rest of World,https://restofworld.org/feed/,restofworld.org,General,8,40.0,unclassified/community/low-value — content-farm risk
TV - WBAL Baltimore,https://www.wbaltv.com/news/rss,wbaltv.com,Broadcast/Radio,5,72.0,dead/unreachable feed
TV - WBZ Boston,https://www.cbsnews.com/boston/latest/rss/,cbsnews.com,Broadcast/Radio,5,72.0,dead/unreachable feed
TV - WEWS Cleveland,https://www.news5cleveland.com/rss,news5cleveland.com,Broadcast/Radio,5,72.0,dead/unreachable feed
TV - WXYZ Detroit,https://www.wxyz.com/rss,wxyz.com,Broadcast/Radio,5,72.0,dead/unreachable feed
TV - KPHO Phoenix,https://www.azfamily.com/rss,azfamily.com,Broadcast/Radio,5,72.0,dead/unreachable feed
TV - WPXI Pittsburgh,https://www.wpxi.com/rss,wpxi.com,Broadcast/Radio,5,72.0,dead/unreachable feed
TV - KGTV San Diego,https://www.10news.com/rss,10news.com,Broadcast/Radio,5,72.0,dead/unreachable feed
TV - KOMO Seattle,https://komonews.com/feed/,komonews.com,Broadcast/Radio,5,72.0,dead/unreachable feed
TV - WTTG Washington DC,https://www.fox5dc.com/rss,fox5dc.com,Broadcast/Radio,5,72.0,dead/unreachable feed
TV - WTMJ Milwaukee,https://www.tmj4.com/rss,tmj4.com,Broadcast/Radio,5,72.0,dead/unreachable feed
TV - WFTS Tampa,https://www.abcactionnews.com/rss,abcactionnews.com,Broadcast/Radio,5,72.0,dead/unreachable feed
TV - WPLG Miami,https://www.local10.com/rss,local10.com,Broadcast/Radio,5,72.0,dead/unreachable feed
TV - WSB Atlanta,https://www.wsbtv.com/rss,wsbtv.com,Broadcast/Radio,5,72.0,dead/unreachable feed
TV - WRAL Raleigh,https://www.wral.com/rss/,wral.com,Broadcast/Radio,5,72.0,dead/unreachable feed
TV - WLWT Cincinnati,https://www.wlwt.com/rss,wlwt.com,Broadcast/Radio,5,72.0,dead/unreachable feed
Radio - WBEZ Chicago,https://www.wbez.org/feed/news,wbez.org,Broadcast/Radio,5,72.0,dead/unreachable feed
Radio - KQED San Francisco,https://www.kqed.org/news/feed,kqed.org,Broadcast/Radio,5,72.0,dead/unreachable feed
Radio - KPCC Los Angeles,https://www.kpcc.org/rss/news/latest,kpcc.org,Broadcast/Radio,5,72.0,dead/unreachable feed
Radio - KPBS San Diego,https://www.kpbs.org/rss,kpbs.org,Broadcast/Radio,5,72.0,dead/unreachable feed
Radio - WOSU Columbus,https://radio.wosu.org/term/news/feed,radio.wosu.org,Broadcast/Radio,5,72.0,dead/unreachable feed
Radio - WUSF Tampa,https://wusfnews.wusf.usf.edu/feed,wusfnews.wusf.usf.edu,Broadcast/Radio,5,72.0,dead/unreachable feed
Radio - WESA Pittsburgh,https://www.wesa.fm/feed,wesa.fm,Broadcast/Radio,5,72.0,dead/unreachable feed
Radio - KJZZ Phoenix,https://kjzz.org/rss.xml,kjzz.org,Broadcast/Radio,5,72.0,dead/unreachable feed
Radio - KUOW Seattle,https://www.kuow.org/rss,kuow.org,Broadcast/Radio,5,72.0,dead/unreachable feed
Radio - WWNO New Orleans,https://www.wwno.org/rss,wwno.org,Broadcast/Radio,5,72.0,dead/unreachable feed
Radio - KUER Salt Lake City,https://www.kuer.org/feed,kuer.org,Broadcast/Radio,5,72.0,dead/unreachable feed
Radio - WFIT Melbourne FL,https://www.wfit.org/rss,wfit.org,Broadcast/Radio,5,72.0,dead/unreachable feed
Radio - KBIA Columbia MO,https://www.kbia.org/feed,kbia.org,Broadcast/Radio,5,72.0,dead/unreachable feed
AL - Opelika Auburn News,https://www.oanow.com/search/?f=rss&t=article&l=50,oanow.com,General,8,40.0,unclassified/community/low-value — content-farm risk
AL - Selma Times-Journal,https://www.selmatimesjournal.com/feed/,selmatimesjournal.com,General,8,40.0,dead/unreachable feed
AL - Talladega Daily Home,https://www.dailyhome.com/search/?f=rss&t=article&l=50,dailyhome.com,General,8,40.0,unclassified/community/low-value — content-farm risk
AL - Troy Messenger,https://www.troymessenger.com/feed/,troymessenger.com,General,8,40.0,dead/unreachable feed
AL - Alexander City Outlook,https://www.alexcityoutlook.com/feed/,alexcityoutlook.com,General,8,40.0,unclassified/community/low-value — content-farm risk
AL - Brewton Standard,https://www.brewtonstandard.com/feed/,brewtonstandard.com,General,8,40.0,dead/unreachable feed
AL - Cullman Times,https://www.cullmantimes.com/feed/,cullmantimes.com,General,8,40.0,dead/unreachable feed
AL - AL.com Statewide,https://www.al.com/news/index.ssf/rss2.0.xml,al.com,General,8,40.0,dead/unreachable feed
AK - Homer News,https://homernews.com/feed/,homernews.com,General,8,40.0,unclassified/community/low-value — content-farm risk
AK - Kenai Peninsula Clarion,https://www.peninsulaclarion.com/feed/,peninsulaclarion.com,General,8,40.0,unclassified/community/low-value — content-farm risk
AK - Ketchikan Daily News,https://www.ketchikandailynews.com/search/?f=rss,ketchikandailynews.com,General,8,40.0,dead/unreachable feed
AK - Alaska Beacon,https://alaskabeacon.com/feed/,alaskabeacon.com,General,8,40.0,unclassified/community/low-value — content-farm risk
AK - Alaska Public Media,https://alaskapublic.org/feed/,alaskapublic.org,General,8,40.0,dead/unreachable feed
AZ - Tucson Sentinel,https://www.tucsonsentinel.com/feed/rss/,tucsonsentinel.com,General,8,40.0,unclassified/community/low-value — content-farm risk
AZ - AZ Mirror,https://azmirror.com/feed/,azmirror.com,General,8,40.0,unclassified/community/low-value — content-farm risk
AZ - Arizona Luminaria,https://arizluminaria.com/feed/,arizluminaria.com,General,8,40.0,dead/unreachable feed
AZ - Nogales International,https://www.nogalesinternational.com/search/?f=rss,nogalesinternational.com,General,8,40.0,dead/unreachable feed
AZ - Show Low Independent,https://www.showlowindependent.com/feed/,showlowindependent.com,General,8,40.0,dead/unreachable feed
AZ - Wickenburg Sun,https://www.wickenburgsun.com/feed/,wickenburgsun.com,General,8,40.0,dead/unreachable feed
AZ - Arizona Business Gazette,https://azbigmedia.com/feed/,azbigmedia.com,General,8,40.0,unclassified/community/low-value — content-farm risk
AZ - Cronkite News,https://cronkitenews.azpbs.org/feed/,cronkitenews.azpbs.org,General,8,40.0,unclassified/community/low-value — content-farm risk
AR - Hot Springs Sentinel-Record,https://www.hotsr.com/search/?f=rss&t=article&l=50,hotsr.com,General,8,40.0,unclassified/community/low-value — content-farm risk
AR - Texarkana Gazette,https://www.texarkanagazette.com/news/arkansas/rss,texarkanagazette.com,General,8,40.0,dead/unreachable feed
AR - Harrison Daily Times,https://www.harrisondaily.com/search/?f=rss,harrisondaily.com,General,8,40.0,dead/unreachable feed
AR - Mountain Home Baxter Bulletin,https://www.baxterbulletin.com/rss/,baxterbulletin.com,General,8,40.0,dead/unreachable feed
AR - Arkansas Advocate,https://www.arkansasadvocate.com/feed/,arkansasadvocate.com,General,8,40.0,unclassified/community/low-value — content-farm risk
CA - East Bay Times,https://www.eastbaytimes.com/feed/,eastbaytimes.com,General,8,40.0,unclassified/community/low-value — content-farm risk
CA - LA Downtown News,https://www.ladowntownnews.com/feed/,ladowntownnews.com,General,8,40.0,unclassified/community/low-value — content-farm risk
CA - San Francisco Examiner,https://www.sfexaminer.com/feed/,sfexaminer.com,General,8,40.0,dead/unreachable feed
CA - Napa Valley Register,https://napavalleyregister.com/search/?f=rss,napavalleyregister.com,General,8,40.0,unclassified/community/low-value — content-farm risk
CA - Sonoma Press Democrat,https://www.pressdemocrat.com/feed/,pressdemocrat.com,General,8,40.0,unclassified/community/low-value — content-farm risk
CA - Petaluma Argus-Courier,https://www.petaluma360.com/search/?f=rss,petaluma360.com,General,8,40.0,dead/unreachable feed
CA - Vallejo Times-Herald,https://www.timesheraldonline.com/feed/,timesheraldonline.com,General,8,40.0,unclassified/community/low-value — content-farm risk
CA - Fairfield Daily Republic,https://www.dailyrepublic.com/search/?f=rss,dailyrepublic.com,General,8,40.0,unclassified/community/low-value — content-farm risk
CA - Vacaville Reporter,https://www.thereporter.com/feed/,thereporter.com,General,8,40.0,dead/unreachable feed
CA - Davis Enterprise,https://www.davisenterprise.com/feed/,davisenterprise.com,General,8,40.0,dead/unreachable feed
CA - Woodland Democrat,https://www.dailydemocrat.com/feed/,dailydemocrat.com,General,8,40.0,unclassified/community/low-value — content-farm risk
CA - San Luis Obispo Tribune,https://www.sanluisobispo.com/news/local/rss,sanluisobispo.com,General,8,40.0,dead/unreachable feed
CA - Merced Sun-Star,https://www.mercedsunstar.com/news/local/rss,mercedsunstar.com,General,8,40.0,dead/unreachable feed
CA - Hanford Sentinel,https://www.hanfordsentinel.com/search/?f=rss,hanfordsentinel.com,General,8,40.0,unclassified/community/low-value — content-farm risk
CA - Madera Tribune,https://www.maderatribune.com/search/?f=rss,maderatribune.com,General,8,40.0,unclassified/community/low-value — content-farm risk
CA - Porterville Recorder,https://www.recorderonline.com/search/?f=rss,recorderonline.com,General,8,40.0,unclassified/community/low-value — content-farm risk
CA - Lompoc Record,https://lompocrecord.com/search/?f=rss,lompocrecord.com,General,8,40.0,unclassified/community/low-value — content-farm risk
CA - Santa Maria Times,https://santamariatimes.com/search/?f=rss,santamariatimes.com,General,8,40.0,unclassified/community/low-value — content-farm risk
CA - Antelope Valley Press,https://www.avpress.com/search/?f=rss,avpress.com,General,8,40.0,unclassified/community/low-value — content-farm risk
CA - Victorville Daily Press,https://www.vvdailypress.com/feed/,vvdailypress.com,General,8,40.0,dead/unreachable feed
CA - Barstow Desert Dispatch,https://www.desertsun.com/rss/,desertsun.com,General,8,40.0,dead/unreachable feed
CA - Cal Matters,https://calmatters.org/feed/,calmatters.org,General,8,40.0,unclassified/community/low-value — content-farm risk
CA - LAist,https://laist.com/feed,laist.com,General,8,40.0,dead/unreachable feed
CA - SF Weekly,https://www.sfweekly.com/feed/,sfweekly.com,General,8,40.0,dead/unreachable feed
CA - LA Weekly,https://www.laweekly.com/feed/,laweekly.com,General,8,40.0,unclassified/community/low-value — content-farm risk
CO - Colorado Sun,https://coloradosun.com/feed/,coloradosun.com,General,8,40.0,unclassified/community/low-value — content-farm risk
CO - Colorado Politics,https://www.coloradopolitics.com/search/?f=rss,coloradopolitics.com,General,8,40.0,unclassified/community/low-value — content-farm risk
CO - Loveland Reporter-Herald,https://www.reporterherald.com/feed/,reporterherald.com,General,8,40.0,unclassified/community/low-value — content-farm risk
CO - Longmont Times-Call,https://www.timescall.com/feed/,timescall.com,General,8,40.0,unclassified/community/low-value — content-farm risk
CO - Steamboat Pilot & Today,https://www.steamboatpilot.com/feed/,steamboatpilot.com,General,8,40.0,unclassified/community/low-value — content-farm risk
CO - Telluride Daily Planet,https://www.telluridenews.com/feed/,telluridenews.com,General,8,40.0,unclassified/community/low-value — content-farm risk
CO - Glenwood Post Independent,https://www.postindependent.com/feed/,postindependent.com,General,8,40.0,unclassified/community/low-value — content-farm risk
CO - Colorado Springs Indy,https://www.csindy.com/feed/,csindy.com,General,8,40.0,dead/unreachable feed
CO - Westword Denver,https://www.westword.com/feed/,westword.com,General,8,40.0,unclassified/community/low-value — content-farm risk
CT - CT Mirror,https://ctmirror.org/feed/,ctmirror.org,General,8,40.0,unclassified/community/low-value — content-farm risk
CT - CT Insider,https://www.ctinsider.com/search/?f=rss,ctinsider.com,General,8,40.0,dead/unreachable feed
CT - New Haven Independent,https://www.newhavenindependent.org/atom.xml,newhavenindependent.org,General,8,40.0,dead/unreachable feed
CT - Middletown Press,https://www.middletownpress.com/feed/,middletownpress.com,General,8,40.0,dead/unreachable feed
CT - Register Citizen Torrington,https://www.registercitizen.com/feed/,registercitizen.com,General,8,40.0,dead/unreachable feed
CT - Journal Inquirer Manchester,https://www.journalinquirer.com/search/?f=rss,journalinquirer.com,General,8,40.0,unclassified/community/low-value — content-farm risk
FL - Tallahassee Reports,https://tallahasseereports.com/feed/,tallahasseereports.com,General,8,40.0,unclassified/community/low-value — content-farm risk
FL - Bradenton Herald,https://www.bradenton.com/news/local/rss,bradenton.com,General,8,40.0,dead/unreachable feed
FL - Punta Gorda Charlotte Sun,https://www.yoursun.com/search/?f=rss,yoursun.com,General,8,40.0,unclassified/community/low-value — content-farm risk
FL - Sebring News-Sun,https://www.newssun.com/search/?f=rss,newssun.com,General,8,40.0,unclassified/community/low-value — content-farm risk
FL - Leesburg Daily Commercial,https://www.dailycommercial.com/search/?f=rss,dailycommercial.com,General,8,40.0,unclassified/community/low-value — content-farm risk
FL - Inverness Citrus County Chron,https://www.chronicleonline.com/search/?f=rss,chronicleonline.com,General,8,40.0,unclassified/community/low-value — content-farm risk
FL - St. Augustine Record,https://www.staugustine.com/arcio/rss/,staugustine.com,General,8,40.0,dead/unreachable feed
FL - Palatka Daily News,https://www.palatka-daily-news.com/search/?f=rss,palatka-daily-news.com,General,8,40.0,dead/unreachable feed
FL - Homestead Miami Villager,https://www.miamitimesonline.com/feed/,miamitimesonline.com,General,8,40.0,dead/unreachable feed
FL - Florida Trend,https://www.floridatrend.com/rss,floridatrend.com,General,8,40.0,dead/unreachable feed
FL - Florida Politics,https://floridapolitics.com/feed/,floridapolitics.com,General,8,40.0,unclassified/community/low-value — content-farm risk
FL - Florida Phoenix,https://www.floridaphoenix.com/feed/,floridaphoenix.com,General,8,40.0,unclassified/community/low-value — content-farm risk
FL - FLHealthNews,https://health.wusf.usf.edu/feed,health.wusf.usf.edu,General,8,40.0,dead/unreachable feed
GA - Valdosta Daily Times,https://www.valdostadailytimes.com/search/?f=rss,valdostadailytimes.com,General,8,40.0,unclassified/community/low-value — content-farm risk
GA - Statesboro Herald,https://www.statesboroherald.com/feed/,statesboroherald.com,General,8,40.0,dead/unreachable feed
GA - Gainesville Times,https://www.gainesvilletimes.com/search/?f=rss,gainesvilletimes.com,General,8,40.0,unclassified/community/low-value — content-farm risk
GA - LaGrange Daily News,https://www.lagrangenews.com/feed/,lagrangenews.com,General,8,40.0,dead/unreachable feed
GA - Albany Herald,https://www.albanyherald.com/search/?f=rss,albanyherald.com,General,8,40.0,unclassified/community/low-value — content-farm risk
GA - Douglas Enterprise,https://www.douglasenterprise.net/feed/,douglasenterprise.net,General,8,40.0,dead/unreachable feed
GA - Moultrie Observer,https://www.moultrieobserver.com/feed/,moultrieobserver.com,General,8,40.0,dead/unreachable feed
GA - Georgia Recorder,https://georgiarecorder.com/feed/,georgiarecorder.com,General,8,40.0,unclassified/community/low-value — content-farm risk
GA - Georgia Virtue,https://georgiavirtu.com/feed/,georgiavirtu.com,General,8,40.0,dead/unreachable feed
ID - Pocatello Idaho State Journal,https://www.idahostatejournal.com/search/?f=rss,idahostatejournal.com,General,8,40.0,unclassified/community/low-value — content-farm risk
ID - Sandpoint Reader,https://www.sandpointreader.com/feed/,sandpointreader.com,General,8,40.0,unclassified/community/low-value — content-farm risk
ID - Idaho Capital Sun,https://idahocapitalsun.com/feed/,idahocapitalsun.com,General,8,40.0,unclassified/community/low-value — content-farm risk
IL - Elgin Courier-News,https://www.chicagotribune.com/suburbs/elgin-courier-news/rss2.0.xml,chicagotribune.com,General,8,40.0,dead/unreachable feed
IL - Joliet Herald-News,https://www.chicagotribune.com/suburbs/joliet-herald-news/rss2.0.xml,chicagotribune.com,General,8,40.0,dead/unreachable feed
IL - Lake County News-Sun,https://www.chicagotribune.com/suburbs/lake-county-news-sun/rss2.0.xml,chicagotribune.com,General,8,40.0,dead/unreachable feed
IL - Waukegan News-Sun,https://www.chicagotribune.com/suburbs/waukegan-lake-county-news-sun/rss2.0.xml,chicagotribune.com,General,8,40.0,dead/unreachable feed
IL - Galesburg Register-Mail,https://www.galesburg.com/search/?f=rss,galesburg.com,General,8,40.0,unclassified/community/low-value — content-farm risk
IL - Kankakee Daily Journal,https://www.daily-journal.com/search/?f=rss,daily-journal.com,General,8,40.0,dead/unreachable feed
IL - Ottawa Times,https://www.mywebtimes.com/search/?f=rss,mywebtimes.com,General,8,40.0,dead/unreachable feed
IL - Freeport Journal-Standard,https://www.journalstandard.com/search/?f=rss,journalstandard.com,General,8,40.0,unclassified/community/low-value — content-farm risk
IL - Illinois Times,https://illinoistimes.com/feed/,illinoistimes.com,General,8,40.0,unclassified/community/low-value — content-farm risk
IL - Illinois Newsroom,https://illinoisnewsroom.org/feed/,illinoisnewsroom.org,General,8,40.0,dead/unreachable feed
IL - Capitol News Illinois,https://capitolnewsillinois.com/feed/,capitolnewsillinois.com,General,8,40.0,unclassified/community/low-value — content-farm risk
IN - Kokomo Tribune,https://www.kokomotribune.com/search/?f=rss,kokomotribune.com,General,8,40.0,dead/unreachable feed
IN - Richmond Palladium-Item,https://www.pal-item.com/rss/,pal-item.com,General,8,40.0,dead/unreachable feed
IN - Anderson Herald Bulletin,https://www.heraldbulletin.com/search/?f=rss,heraldbulletin.com,General,8,40.0,dead/unreachable feed
IN - Logansport Pharos-Tribune,https://www.pharostribune.com/search/?f=rss,pharostribune.com,General,8,40.0,dead/unreachable feed
IN - Marion Chronicle-Tribune,https://www.chronicle-tribune.com/search/?f=rss,chronicle-tribune.com,General,8,40.0,unclassified/community/low-value — content-farm risk
IN - Indiana Capital Chronicle,https://indianacapitalchronicle.com/feed/,indianacapitalchronicle.com,General,8,40.0,unclassified/community/low-value — content-farm risk
IA - Mason City Globe Gazette,https://www.globegazette.com/search/?f=rss,globegazette.com,General,8,40.0,unclassified/community/low-value — content-farm risk
IA - Ottumwa Courier,https://www.ottumwacourier.com/search/?f=rss,ottumwacourier.com,General,8,40.0,unclassified/community/low-value — content-farm risk
IA - Marshalltown Times-Republican,https://www.timesrepublican.com/search/?f=rss,timesrepublican.com,General,8,40.0,unclassified/community/low-value — content-farm risk
IA - Fort Dodge Messenger,https://www.messengernews.net/search/?f=rss,messengernews.net,General,8,40.0,unclassified/community/low-value — content-farm risk
IA - Iowa Capital Dispatch,https://iowacapitaldispatch.com/feed/,iowacapitaldispatch.com,General,8,40.0,unclassified/community/low-value — content-farm risk
IA - Iowa Public Radio,https://www.iowapublicradio.org/rss/,iowapublicradio.org,General,8,40.0,dead/unreachable feed
KS - Garden City Telegram,https://www.gctelegram.com/search/?f=rss,gctelegram.com,General,8,40.0,dead/unreachable feed
KS - Dodge City Daily Globe,https://www.dodgeglobeplus.com/search/?f=rss,dodgeglobeplus.com,General,8,40.0,dead/unreachable feed
KS - Leavenworth Times,https://www.leavenworthtimes.com/search/?f=rss,leavenworthtimes.com,General,8,40.0,dead/unreachable feed
KS - Ottawa Herald,https://www.ottawaherald.com/search/?f=rss,ottawaherald.com,General,8,40.0,unclassified/community/low-value — content-farm risk
KS - Kansas Reflector,https://kansasreflector.com/feed/,kansasreflector.com,General,8,40.0,unclassified/community/low-value — content-farm risk
KY - Elizabethtown News-Enterprise,https://www.thenewsenterprise.com/search/?f=rss,thenewsenterprise.com,General,8,40.0,unclassified/community/low-value — content-farm risk
KY - Richmond Register,https://www.richmondregister.com/search/?f=rss,richmondregister.com,General,8,40.0,unclassified/community/low-value — content-farm risk
KY - Danville Advocate-Messenger,https://www.amnews.com/search/?f=rss,amnews.com,General,8,40.0,unclassified/community/low-value — content-farm risk
KY - Murray Ledger & Times,https://www.murrayledger.com/search/?f=rss,murrayledger.com,General,8,40.0,unclassified/community/low-value — content-farm risk
KY - Kentucky Lantern,https://kentuckylantern.com/feed/,kentuckylantern.com,General,8,40.0,unclassified/community/low-value — content-farm risk
KY - Kentucky Public Radio,https://www.wkyu.org/rss,wkyu.org,General,8,40.0,unclassified/community/low-value — content-farm risk
LA - Baton Rouge Business Report,https://www.businessreport.com/feed/,businessreport.com,General,8,40.0,unclassified/community/low-value — content-farm risk
LA - Acadiana Advocate,https://www.theadvocate.com/acadiana/rss,theadvocate.com,General,8,40.0,unclassified/community/low-value — content-farm risk
LA - St. Tammany Farmer,https://www.sttammanyfarmer.net/search/?f=rss,sttammanyfarmer.net,General,8,40.0,dead/unreachable feed
LA - Natchitoches Times,https://www.natchitochestimes.com/search/?f=rss,natchitochestimes.com,General,8,40.0,dead/unreachable feed
LA - Louisiana Illuminator,https://lailluminator.com/feed/,lailluminator.com,General,8,40.0,unclassified/community/low-value — content-farm risk
LA - Gambit New Orleans,https://www.nola.com/gambit/rss,nola.com,General,8,40.0,dead/unreachable feed
ME - Portland Phoenix,https://www.portlandphoenix.me/feed/,portlandphoenix.me,General,8,40.0,unclassified/community/low-value — content-farm risk
ME - Maine Beacon,https://mainebeacon.com/feed/,mainebeacon.com,General,8,40.0,unclassified/community/low-value — content-farm risk
ME - Maine Morning Star,https://mainemorningstar.com/feed/,mainemorningstar.com,General,8,40.0,unclassified/community/low-value — content-farm risk
ME - Ellsworth American,https://www.ellsworthamerican.com/feed/,ellsworthamerican.com,General,8,40.0,dead/unreachable feed
ME - Mount Desert Islander,https://www.mdislander.com/feed/,mdislander.com,General,8,40.0,unclassified/community/low-value — content-farm risk
MD - Maryland Matters,https://www.marylandmatters.org/feed/,marylandmatters.org,General,8,40.0,unclassified/community/low-value — content-farm risk
MD - Bay Journal,https://www.bayjournal.com/feed/,bayjournal.com,General,8,40.0,unclassified/community/low-value — content-farm risk
MD - Montgomery County Sentinel,https://www.thesentinel.com/feed/,thesentinel.com,General,8,40.0,dead/unreachable feed
MD - Prince George Sentinel,https://pgsentinel.com/feed/,pgsentinel.com,General,8,40.0,dead/unreachable feed
MD - Southern Maryland Online,https://somd.com/feed/,somd.com,General,8,40.0,unclassified/community/low-value — content-farm risk
MA - Brockton Enterprise,https://www.enterprisenews.com/feed/,enterprisenews.com,General,8,40.0,dead/unreachable feed
MA - Taunton Gazette,https://www.tauntongazette.com/feed/,tauntongazette.com,General,8,40.0,dead/unreachable feed
MA - Fall River Herald News,https://www.heraldnews.com/feed/,heraldnews.com,General,8,40.0,dead/unreachable feed
MA - Attleboro Sun Chronicle,https://www.thesunchronicle.com/search/?f=rss,thesunchronicle.com,General,8,40.0,unclassified/community/low-value — content-farm risk
MA - Milford Daily News,https://www.milforddailynews.com/feed/,milforddailynews.com,General,8,40.0,dead/unreachable feed
MA - MetroWest Daily News,https://www.metrowestdailynews.com/feed/,metrowestdailynews.com,General,8,40.0,dead/unreachable feed
MA - North Adams Transcript,https://www.thetranscript.com/search/?f=rss,thetranscript.com,General,8,40.0,unclassified/community/low-value — content-farm risk
MA - Fitchburg Sentinel & Enterprise,https://www.sentinelandenterprise.com/feed/,sentinelandenterprise.com,General,8,40.0,unclassified/community/low-value — content-farm risk
MA - Haverhill Gazette,https://www.eagletribune.com/haverhill_gazette/rss,eagletribune.com,General,8,40.0,dead/unreachable feed
MA - Eagle Tribune Lawrence,https://www.eagletribune.com/rss,eagletribune.com,General,8,40.0,unclassified/community/low-value — content-farm risk
MA - Boston.com,https://www.boston.com/tag/news/feed/,boston.com,General,8,40.0,dead/unreachable feed
MI - Traverse City Ticker,https://www.traverseticker.com/feed/,traverseticker.com,General,8,40.0,dead/unreachable feed
MI - Holland Sentinel,https://www.hollandsentinel.com/search/?f=rss,hollandsentinel.com,General,8,40.0,unclassified/community/low-value — content-farm risk
MI - Midland Daily News,https://www.ourmidland.com/search/?f=rss,ourmidland.com,General,8,40.0,unclassified/community/low-value — content-farm risk
MI - Monroe News,https://www.monroenews.com/search/?f=rss,monroenews.com,General,8,40.0,unclassified/community/low-value — content-farm risk
MI - Battle Creek Enquirer,https://www.battlecreekenquirer.com/rss/,battlecreekenquirer.com,General,8,40.0,dead/unreachable feed
MI - Jackson Citizen Patriot,https://www.mlive.com/jackson/index.ssf/rss2.0.xml,mlive.com,General,8,40.0,dead/unreachable feed
MI - Alpena News,https://www.thealpenanews.com/feed/,thealpenanews.com,General,8,40.0,dead/unreachable feed
MI - Petoskey News-Review,https://www.petoskeynews.com/search/?f=rss,petoskeynews.com,General,8,40.0,unclassified/community/low-value — content-farm risk
MI - Michigan Advance,https://michiganadvance.com/feed/,michiganadvance.com,General,8,40.0,unclassified/community/low-value — content-farm risk
MN - Bemidji Pioneer,https://www.bemidjipioneer.com/search/?f=rss,bemidjipioneer.com,General,8,40.0,unclassified/community/low-value — content-farm risk
MN - Duluth Reader,https://duluthreader.com/feed/,duluthreader.com,General,8,40.0,dead/unreachable feed
MN - Worthington Daily Globe,https://www.dglobe.com/search/?f=rss,dglobe.com,General,8,40.0,unclassified/community/low-value — content-farm risk
MN - Willmar West Central Tribune,https://www.wctrib.com/search/?f=rss,wctrib.com,General,8,40.0,unclassified/community/low-value — content-farm risk
MN - Fergus Falls Daily Journal,https://www.fergusfallsjournal.com/search/?f=rss,fergusfallsjournal.com,General,8,40.0,unclassified/community/low-value — content-farm risk
MN - Minnesota Reformer,https://minnesotareformer.com/feed/,minnesotareformer.com,General,8,40.0,unclassified/community/low-value — content-farm risk
MN - Sahan Journal,https://sahanjournal.com/feed/,sahanjournal.com,General,8,40.0,unclassified/community/low-value — content-farm risk
MS - Greenwood Commonwealth,https://www.gwcommonwealth.com/search/?f=rss,gwcommonwealth.com,General,8,40.0,unclassified/community/low-value — content-farm risk
MS - Natchez Democrat,https://www.natchezdemocrat.com/feed/,natchezdemocrat.com,General,8,40.0,dead/unreachable feed
MS - Laurel Leader-Call,https://www.laurelleadercall.com/search/?f=rss,laurelleadercall.com,General,8,40.0,dead/unreachable feed
MS - Tupelo Daily Journal,https://www.djournal.com/search/?f=rss,djournal.com,General,8,40.0,unclassified/community/low-value — content-farm risk
MS - Picayune Item,https://www.picayuneitem.com/search/?f=rss,picayuneitem.com,General,8,40.0,unclassified/community/low-value — content-farm risk
MS - Mississippi Free Press,https://www.mississippifreepress.org/feed/,mississippifreepress.org,General,8,40.0,unclassified/community/low-value — content-farm risk
MO - Rolla Daily News,https://www.therolladailynews.com/search/?f=rss,therolladailynews.com,General,8,40.0,unclassified/community/low-value — content-farm risk
MO - Sikeston Standard Democrat,https://www.standard-democrat.com/search/?f=rss,standard-democrat.com,General,8,40.0,unclassified/community/low-value — content-farm risk
MO - Cape Girardeau SE Missourian,https://www.semissourian.com/rss/,semissourian.com,General,8,40.0,dead/unreachable feed
MO - Hannibal Courier-Post,https://www.hannibal.net/search/?f=rss,hannibal.net,General,8,40.0,unclassified/community/low-value — content-farm risk
MO - Independence Examiner,https://www.examiner.net/search/?f=rss,examiner.net,General,8,40.0,unclassified/community/low-value — content-farm risk
MO - Missouri Independent,https://missouriindependent.com/feed/,missouriindependent.com,General,8,40.0,unclassified/community/low-value — content-farm risk
MO - Riverfront Times St Louis,https://www.riverfronttimes.com/feed/,riverfronttimes.com,General,8,40.0,unclassified/community/low-value — content-farm risk
MT - Havre Daily News,https://www.havredailynews.com/search/?f=rss,havredailynews.com,General,8,40.0,unclassified/community/low-value — content-farm risk
MT - Miles City Star,https://www.milescitystar.com/search/?f=rss,milescitystar.com,General,8,40.0,unclassified/community/low-value — content-farm risk
MT - Montana Standard Butte,https://mtstandard.com/search/?f=rss,mtstandard.com,General,8,40.0,unclassified/community/low-value — content-farm risk
MT - Livingston Enterprise,https://www.livingstonenterprise.com/search/?f=rss,livingstonenterprise.com,General,8,40.0,unclassified/community/low-value — content-farm risk
MT - Montana Public Radio,https://www.mtpr.org/rss,mtpr.org,General,8,40.0,dead/unreachable feed
NE - Columbus Telegram,https://www.columbustelegram.com/search/?f=rss,columbustelegram.com,General,8,40.0,unclassified/community/low-value — content-farm risk
NE - Hastings Tribune,https://www.hastingstribune.com/search/?f=rss,hastingstribune.com,General,8,40.0,unclassified/community/low-value — content-farm risk
NE - York News-Times,https://www.yorknewstimes.com/search/?f=rss,yorknewstimes.com,General,8,40.0,unclassified/community/low-value — content-farm risk
NE - North Platte Telegraph,https://www.nptelegraph.com/search/?f=rss,nptelegraph.com,General,8,40.0,unclassified/community/low-value — content-farm risk
NE - Nebraska Examiner,https://nebraskaexaminer.com/feed/,nebraskaexaminer.com,General,8,40.0,unclassified/community/low-value — content-farm risk
NE - NET Nebraska,https://netnebraska.org/feed,netnebraska.org,General,8,40.0,dead/unreachable feed
NV - Elko Daily Free Press,https://www.elkodaily.com/search/?f=rss,elkodaily.com,General,8,40.0,unclassified/community/low-value — content-farm risk
NV - Reno News & Review,https://www.newsreview.com/reno/rss/,newsreview.com,General,8,40.0,dead/unreachable feed
NV - Nevada Current,https://nevadacurrent.com/feed/,nevadacurrent.com,General,8,40.0,unclassified/community/low-value — content-farm risk
NV - Nevada Appeal Carson City,https://www.nevadaappeal.com/search/?f=rss,nevadaappeal.com,General,8,40.0,unclassified/community/low-value — content-farm risk
NH - Portsmouth Herald,https://www.seacoastonline.com/search/?f=rss,seacoastonline.com,General,8,40.0,unclassified/community/low-value — content-farm risk
NH - Nashua Telegraph,https://www.nashuatelegraph.com/search/?f=rss,nashuatelegraph.com,General,8,40.0,unclassified/community/low-value — content-farm risk
NH - NH Bulletin,https://newhampshirebulletin.com/feed/,newhampshirebulletin.com,General,8,40.0,unclassified/community/low-value — content-farm risk
NH - InDepthNH,https://indepthnh.org/feed/,indepthnh.org,General,8,40.0,unclassified/community/low-value — content-farm risk
NJ - Trentonian,https://www.trentonian.com/feed/,trentonian.com,General,8,40.0,unclassified/community/low-value — content-farm risk
NJ - Atlantic City Press,https://www.pressofatlanticcity.com/search/?f=rss,pressofatlanticcity.com,General,8,40.0,unclassified/community/low-value — content-farm risk
NJ - Vineland Daily Journal,https://www.thedailyjournal.com/rss/,thedailyjournal.com,General,8,40.0,dead/unreachable feed
NJ - Morristown Daily Record,https://www.dailyrecord.com/rss/,dailyrecord.com,General,8,40.0,dead/unreachable feed
NJ - New Jersey Monitor,https://newjerseymonitor.com/feed/,newjerseymonitor.com,General,8,40.0,unclassified/community/low-value — content-farm risk
NM - Silver City Daily Press,https://www.scdailypress.com/feed/,scdailypress.com,General,8,40.0,dead/unreachable feed
NM - Clovis Media,https://www.clovisnews.com/search/?f=rss,clovisnews.com,General,8,40.0,dead/unreachable feed
NM - Taos News,https://www.taosnews.com/search/?f=rss,taosnews.com,General,8,40.0,unclassified/community/low-value — content-farm risk
NM - Source New Mexico,https://sourcenm.com/feed/,sourcenm.com,General,8,40.0,unclassified/community/low-value — content-farm risk
NY - Ithaca Journal,https://www.ithacajournal.com/rss/,ithacajournal.com,General,8,40.0,dead/unreachable feed
NY - Elmira Star-Gazette,https://www.stargazette.com/rss/,stargazette.com,General,8,40.0,dead/unreachable feed
NY - Plattsburgh Press-Republican,https://www.pressrepublican.com/search/?f=rss,pressrepublican.com,General,8,40.0,dead/unreachable feed
NY - Glens Falls Post-Star,https://poststar.com/search/?f=rss,poststar.com,General,8,40.0,unclassified/community/low-value — content-farm risk
NY - Watertown Daily Times,https://www.watertowndailytimes.com/search/?f=rss,watertowndailytimes.com,General,8,40.0,dead/unreachable feed
NY - Kingston Daily Freeman,https://www.dailyfreeman.com/search/?f=rss,dailyfreeman.com,General,8,40.0,unclassified/community/low-value — content-farm risk
NY - Middletown Times Herald-Record,https://www.recordonline.com/search/?f=rss,recordonline.com,General,8,40.0,unclassified/community/low-value — content-farm risk
NY - New York Focus,https://www.nysfocus.com/feed/,nysfocus.com,General,8,40.0,unclassified/community/low-value — content-farm risk
NY - City Limits,https://citylimits.org/feed/,citylimits.org,General,8,40.0,unclassified/community/low-value — content-farm risk
NY - The Indypendent,https://indypendent.org/feed/,indypendent.org,General,8,40.0,dead/unreachable feed
NY - Queens Daily Eagle,https://queenseagle.com/feed/,queenseagle.com,General,8,40.0,dead/unreachable feed
NY - Brooklyn Eagle,https://brooklyneagle.com/feed/,brooklyneagle.com,General,8,40.0,unclassified/community/low-value — content-farm risk
NY - Bronx Times,https://www.bxtimes.com/feed/,bxtimes.com,General,8,40.0,unclassified/community/low-value — content-farm risk
NC - Hickory Daily Record,https://www.hickoryrecord.com/search/?f=rss,hickoryrecord.com,General,8,40.0,unclassified/community/low-value — content-farm risk
NC - Morganton News Herald,https://www.morganton.com/search/?f=rss,morganton.com,General,8,40.0,unclassified/community/low-value — content-farm risk
NC - Burlington Times-News,https://www.thetimesnews.com/search/?f=rss,thetimesnews.com,General,8,40.0,unclassified/community/low-value — content-farm risk
NC - Sanford Herald,https://www.sanfordherald.com/search/?f=rss,sanfordherald.com,General,8,40.0,unclassified/community/low-value — content-farm risk
NC - Wilson Times,https://www.wilsontimes.com/search/?f=rss,wilsontimes.com,General,8,40.0,unclassified/community/low-value — content-farm risk
NC - Kinston Free Press,https://www.kinston.com/search/?f=rss,kinston.com,General,8,40.0,unclassified/community/low-value — content-farm risk
NC - NC Health News,https://www.northcarolinahealthnews.org/feed/,northcarolinahealthnews.org,General,8,40.0,unclassified/community/low-value — content-farm risk
NC - Cardinal & Pine,https://cardinalpine.com/feed/,cardinalpine.com,General,8,40.0,unclassified/community/low-value — content-farm risk
ND - Wahpeton Daily News,https://www.wahpetondailynews.com/search/?f=rss,wahpetondailynews.com,General,8,40.0,unclassified/community/low-value — content-farm risk
ND - Williston Daily Herald,https://www.willistonherald.com/search/?f=rss,willistonherald.com,General,8,40.0,unclassified/community/low-value — content-farm risk
ND - ND Monitor,https://ndmonitor.com/feed/,ndmonitor.com,General,8,40.0,unclassified/community/low-value — content-farm risk
ND - Prairie Public Radio,https://www.prairiepublic.org/rss,prairiepublic.org,General,8,40.0,dead/unreachable feed
OH - Portsmouth Daily Times,https://www.portsmouth-dailytimes.com/search/?f=rss,portsmouth-dailytimes.com,General,8,40.0,unclassified/community/low-value — content-farm risk
OH - Chillicothe Gazette,https://www.chillicothegazette.com/rss/,chillicothegazette.com,General,8,40.0,dead/unreachable feed
OH - Zanesville Times Recorder,https://www.zanesvilletimesrecorder.com/rss/,zanesvilletimesrecorder.com,General,8,40.0,dead/unreachable feed
OH - Lancaster Eagle-Gazette,https://www.lancastereaglegazette.com/rss/,lancastereaglegazette.com,General,8,40.0,dead/unreachable feed
OH - Fremont News-Messenger,https://www.thenews-messenger.com/rss/,thenews-messenger.com,General,8,40.0,dead/unreachable feed
OH - Sandusky Register,https://www.sanduskyregister.com/search/?f=rss,sanduskyregister.com,General,8,40.0,dead/unreachable feed
OH - Lima News,https://www.limaohio.com/search/?f=rss,limaohio.com,General,8,40.0,unclassified/community/low-value — content-farm risk
OH - Defiance Crescent-News,https://www.crescent-news.com/search/?f=rss,crescent-news.com,General,8,40.0,unclassified/community/low-value — content-farm risk
OH - Marion Star,https://www.marionstar.com/rss/,marionstar.com,General,8,40.0,dead/unreachable feed
OH - Signal Cleveland,https://signalcleveland.org/feed/,signalcleveland.org,General,8,40.0,unclassified/community/low-value — content-farm risk
OK - Bartlesville Examiner-Enterprise,https://www.examiner-enterprise.com/search/?f=rss,examiner-enterprise.com,General,8,40.0,dead/unreachable feed
OK - Ponca City News,https://www.poncacitynews.com/search/?f=rss,poncacitynews.com,General,8,40.0,dead/unreachable feed
OK - Shawnee News-Star,https://www.news-star.com/search/?f=rss,news-star.com,General,8,40.0,unclassified/community/low-value — content-farm risk
OK - Chickasha Express-Star,https://www.chickashanews.com/search/?f=rss,chickashanews.com,General,8,40.0,unclassified/community/low-value — content-farm risk
OK - Oklahoma Voice,https://oklahomavoice.com/feed/,oklahomavoice.com,General,8,40.0,unclassified/community/low-value — content-farm risk
OR - Ashland Tidings,https://www.dailytidings.com/search/?f=rss,dailytidings.com,General,8,40.0,dead/unreachable feed
OR - Klamath Falls Herald News,https://www.heraldandnews.com/search/?f=rss,heraldandnews.com,General,8,40.0,unclassified/community/low-value — content-farm risk
OR - Roseburg News-Review,https://www.nrtoday.com/search/?f=rss,nrtoday.com,General,8,40.0,unclassified/community/low-value — content-farm risk
OR - The Lund Report,https://www.lundreport.org/feed/,lundreport.org,General,8,40.0,unclassified/community/low-value — content-farm risk
OR - Oregon Capital Chronicle,https://oregoncapitalchronicle.com/feed/,oregoncapitalchronicle.com,General,8,40.0,unclassified/community/low-value — content-farm risk
OR - Street Roots Portland,https://www.streetroots.org/feed/,streetroots.org,General,8,40.0,unclassified/community/low-value — content-farm risk
PA - Altoona Mirror,https://www.altoonamirror.com/feed/,altoonamirror.com,General,8,40.0,dead/unreachable feed
PA - Johnstown Tribune-Democrat,https://www.tribdem.com/search/?f=rss,tribdem.com,General,8,40.0,unclassified/community/low-value — content-farm risk
PA - Greensburg Tribune-Review,https://triblive.com/local/westmoreland/feed/,triblive.com,General,8,40.0,unclassified/community/low-value — content-farm risk
PA - Beaver County Times,https://www.timesonline.com/search/?f=rss,timesonline.com,General,8,40.0,unclassified/community/low-value — content-farm risk
PA - Butler Eagle,https://www.butlereagle.com/search/?f=rss,butlereagle.com,General,8,40.0,unclassified/community/low-value — content-farm risk
PA - New Castle News,https://www.ncnewsonline.com/search/?f=rss,ncnewsonline.com,General,8,40.0,unclassified/community/low-value — content-farm risk
PA - Lebanon Daily News,https://www.ldnews.com/rss/,ldnews.com,General,8,40.0,dead/unreachable feed
PA - York Daily Record,https://www.ydr.com/rss/,ydr.com,General,8,40.0,dead/unreachable feed
PA - Chambersburg Public Opinion,https://www.publicopiniononline.com/rss/,publicopiniononline.com,General,8,40.0,dead/unreachable feed
PA - Centre Daily Times,https://www.centredaily.com/news/local/rss,centredaily.com,General,8,40.0,dead/unreachable feed
PA - Broad + Liberty,https://broadandliberty.com/feed/,broadandliberty.com,General,8,40.0,unclassified/community/low-value — content-farm risk
RI - East Bay Media,https://www.eastbayri.com/feed/,eastbayri.com,General,8,40.0,dead/unreachable feed
RI - Cranston Herald,https://www.cranstononline.com/feed/,cranstononline.com,General,8,40.0,dead/unreachable feed
SC - Aiken Standard,https://www.aikenstandard.com/search/?f=rss,aikenstandard.com,General,8,40.0,unclassified/community/low-value — content-farm risk
SC - Florence Morning News,https://www.scnow.com/search/?f=rss,scnow.com,General,8,40.0,unclassified/community/low-value — content-farm risk
SC - Orangeburg Times & Democrat,https://thetandd.com/search/?f=rss,thetandd.com,General,8,40.0,unclassified/community/low-value — content-farm risk
SC - Beaufort Gazette,https://www.islandpacket.com/news/local/rss,islandpacket.com,General,8,40.0,dead/unreachable feed
SC - SC Daily Gazette,https://scdailygazette.com/feed/,scdailygazette.com,General,8,40.0,unclassified/community/low-value — content-farm risk
SD - Brookings Register,https://www.brookingsregister.com/search/?f=rss,brookingsregister.com,General,8,40.0,dead/unreachable feed
SD - Huron Plainsman,https://www.plainsman.com/search/?f=rss,plainsman.com,General,8,40.0,dead/unreachable feed
SD - Mitchell Daily Republic,https://www.mitchellrepublic.com/search/?f=rss,mitchellrepublic.com,General,8,40.0,unclassified/community/low-value — content-farm risk
TN - Murfreesboro Daily News Journal,https://www.dnj.com/rss/,dnj.com,General,8,40.0,dead/unreachable feed
TN - Cookeville Herald-Citizen,https://www.herald-citizen.com/search/?f=rss,herald-citizen.com,General,8,40.0,unclassified/community/low-value — content-farm risk
TN - Columbia Daily Herald,https://www.columbiadailyherald.com/search/?f=rss,columbiadailyherald.com,General,8,40.0,dead/unreachable feed
TN - Kingsport Times-News,https://www.timesnews.net/search/?f=rss,timesnews.net,General,8,40.0,unclassified/community/low-value — content-farm risk
TN - Bristol Herald Courier,https://heraldcourier.com/search/?f=rss,heraldcourier.com,General,8,40.0,unclassified/community/low-value — content-farm risk
TN - Nashville Scene,https://www.nashvillescene.com/feed/,nashvillescene.com,General,8,40.0,unclassified/community/low-value — content-farm risk
TX - Paris News,https://www.theparisNews.com/search/?f=rss,theparisnews.com,General,8,40.0,unclassified/community/low-value — content-farm risk
TX - Marshall News Messenger,https://www.marshallnewsmessenger.com/search/?f=rss,marshallnewsmessenger.com,General,8,40.0,dead/unreachable feed
TX - Lufkin Daily News,https://lufkindailynews.com/search/?f=rss,lufkindailynews.com,General,8,40.0,dead/unreachable feed
TX - Texarkana Gazette,https://www.texarkanagazette.com/news/texas/rss,texarkanagazette.com,General,8,40.0,dead/unreachable feed
TX - Bryan-College Station Eagle,https://www.theeagle.com/search/?f=rss,theeagle.com,General,8,40.0,unclassified/community/low-value — content-farm risk
TX - Killeen Daily Herald,https://kdhnews.com/search/?f=rss,kdhnews.com,General,8,40.0,unclassified/community/low-value — content-farm risk
TX - Temple Daily Telegram,https://www.tdtnews.com/search/?f=rss,tdtnews.com,General,8,40.0,dead/unreachable feed
TX - Victoria Advocate,https://www.victoriaadvocate.com/search/?f=rss,victoriaadvocate.com,General,8,40.0,unclassified/community/low-value — content-farm risk
TX - San Angelo Standard-Times,https://www.gosanangelo.com/rss/,gosanangelo.com,General,8,40.0,dead/unreachable feed
TX - Big Spring Herald,https://www.bigspringherald.com/search/?f=rss,bigspringherald.com,General,8,40.0,unclassified/community/low-value — content-farm risk
TX - Plainview Daily Herald,https://www.myplainview.com/search/?f=rss,myplainview.com,General,8,40.0,dead/unreachable feed
TX - Denton Record-Chronicle,https://www.dentonrc.com/search/?f=rss,dentonrc.com,General,8,40.0,unclassified/community/low-value — content-farm risk
TX - Garland News,https://www.garlandnews.com/search/?f=rss,garlandnews.com,General,8,40.0,unclassified/community/low-value — content-farm risk
TX - McKinney Courier-Gazette,https://www.courier-gazette.com/search/?f=rss,courier-gazette.com,General,8,40.0,dead/unreachable feed
TX - Texas Observer,https://www.texasobserver.org/feed/,texasobserver.org,General,8,40.0,unclassified/community/low-value — content-farm risk
TX - Texas Monthly,https://www.texasmonthly.com/feed/,texasmonthly.com,General,8,40.0,unclassified/community/low-value — content-farm risk
TX - The Texas Signal,https://texassignal.com/feed/,texassignal.com,General,8,40.0,unclassified/community/low-value — content-farm risk
UT - Summit Daily Newpark City,https://www.summitdaily.com/feed/,summitdaily.com,General,8,40.0,unclassified/community/low-value — content-farm risk
UT - Moab Times-Independent,https://www.moabtimes.com/feed/,moabtimes.com,General,8,40.0,unclassified/community/low-value — content-farm risk
UT - Utah Policy,https://utahpolicy.com/feed/,utahpolicy.com,General,8,40.0,unclassified/community/low-value — content-farm risk
UT - Utah News Dispatch,https://utahnewsdispatch.com/feed/,utahnewsdispatch.com,General,8,40.0,unclassified/community/low-value — content-farm risk
VT - St. Albans Messenger,https://www.samessenger.com/search/?f=rss,samessenger.com,General,8,40.0,unclassified/community/low-value — content-farm risk
VT - Addison County Independent,https://www.addisonindependent.com/search/?f=rss,addisonindependent.com,General,8,40.0,unclassified/community/low-value — content-farm risk
VT - Seven Days VT,https://www.sevendaysvt.com/feed/,sevendaysvt.com,General,8,40.0,unclassified/community/low-value — content-farm risk
VA - Martinsville Bulletin,https://www.martinsvillebulletin.com/search/?f=rss,martinsvillebulletin.com,General,8,40.0,unclassified/community/low-value — content-farm risk
VA - Danville Register & Bee,https://www.registerbee.com/search/?f=rss,registerbee.com,General,8,40.0,unclassified/community/low-value — content-farm risk
VA - Waynesboro News Virginian,https://www.newsvirginian.com/search/?f=rss,newsvirginian.com,General,8,40.0,unclassified/community/low-value — content-farm risk
VA - Harrisonburg DNR,https://www.dnronline.com/search/?f=rss,dnronline.com,General,8,40.0,unclassified/community/low-value — content-farm risk
VA - Virginia Public Media,https://www.wvtf.org/rss,wvtf.org,General,8,40.0,dead/unreachable feed
VA - Cardinal News,https://cardinalnews.org/feed/,cardinalnews.org,General,8,40.0,unclassified/community/low-value — content-farm risk
WA - Walla Walla Union-Bulletin,https://www.union-bulletin.com/search/?f=rss,union-bulletin.com,General,8,40.0,unclassified/community/low-value — content-farm risk
WA - Bellingham Business Journal,https://www.bbjtoday.com/feed/,bbjtoday.com,General,8,40.0,dead/unreachable feed
WA - Tacoma Weekly,https://tacomaweekly.com/feed/,tacomaweekly.com,General,8,40.0,dead/unreachable feed
WA - Spokane Journal of Business,https://www.spokanejournal.com/feed/,spokanejournal.com,General,8,40.0,dead/unreachable feed
WA - Washington State Standard,https://washingtonstatestandard.com/feed/,washingtonstatestandard.com,General,8,40.0,unclassified/community/low-value — content-farm risk
WA - InvestigateWest,https://www.invw.org/feed/,invw.org,General,8,40.0,dead/unreachable feed
WV - Bluefield Daily Telegraph,https://www.bdtonline.com/search/?f=rss,bdtonline.com,General,8,40.0,unclassified/community/low-value — content-farm risk
WV - Clarksburg Exponent Telegram,https://www.exponenttelegram.com/search/?f=rss,exponenttelegram.com,General,8,40.0,dead/unreachable feed
WV - Beckley Register-Herald,https://www.register-herald.com/search/?f=rss,register-herald.com,General,8,40.0,unclassified/community/low-value — content-farm risk
WV - WV Public Broadcasting,https://wvpublic.org/feed,wvpublic.org,General,8,40.0,unclassified/community/low-value — content-farm risk
WV - WV Watch,https://wvwatch.com/feed/,wvwatch.com,General,8,40.0,dead/unreachable feed
WI - Eau Claire Leader-Telegram,https://www.leadertelegram.com/search/?f=rss,leadertelegram.com,General,8,40.0,unclassified/community/low-value — content-farm risk
WI - Superior Telegram,https://www.superiortelegram.com/search/?f=rss,superiortelegram.com,General,8,40.0,unclassified/community/low-value — content-farm risk
WI - Rhinelander Daily News,https://www.rhinelanderdailynews.com/search/?f=rss,rhinelanderdailynews.com,General,8,40.0,dead/unreachable feed
WI - Marshfield News-Herald,https://www.marshfieldnewsherald.com/rss/,marshfieldnewsherald.com,General,8,40.0,dead/unreachable feed
WI - Two Rivers Herald Times Reporter,https://www.htrnews.com/rss/,htrnews.com,General,8,40.0,dead/unreachable feed
WI - Janesville Gazette,https://www.gazettextra.com/search/?f=rss,gazettextra.com,General,8,40.0,unclassified/community/low-value — content-farm risk
WI - Beloit Daily News,https://www.beloitdailynews.com/search/?f=rss,beloitdailynews.com,General,8,40.0,unclassified/community/low-value — content-farm risk
WI - Kenosha News,https://www.kenoshanews.com/search/?f=rss,kenoshanews.com,General,8,40.0,unclassified/community/low-value — content-farm risk
WI - Wisconsin Examiner,https://wisconsinexaminer.com/feed/,wisconsinexaminer.com,General,8,40.0,unclassified/community/low-value — content-farm risk
WI - Milwaukee Independent,https://milwaukeeindependent.com/feed/,milwaukeeindependent.com,General,8,40.0,unclassified/community/low-value — content-farm risk
WY - Sheridan Press,https://www.thesheridanpress.com/search/?f=rss,thesheridanpress.com,General,8,40.0,unclassified/community/low-value — content-farm risk
WY - Riverton Ranger,https://www.riverton-ranger.com/search/?f=rss,riverton-ranger.com,General,8,40.0,dead/unreachable feed
WY - Powell Tribune,https://www.powelltribune.com/search/?f=rss,powelltribune.com,General,8,40.0,unclassified/community/low-value — content-farm risk
WY - Douglas Budget,https://www.douglas-budget.com/search/?f=rss,douglas-budget.com,General,8,40.0,unclassified/community/low-value — content-farm risk
WY - Wyoming Public Media,https://wyomingpublicmedia.org/feed,wyomingpublicmedia.org,General,8,40.0,dead/unreachable feed
Spanish - La Opinion LA,https://laopinion.com/feed/,laopinion.com,General,8,40.0,unclassified/community/low-value — content-farm risk
Spanish - El Nuevo Herald Miami,https://www.elnuevoherald.com/latest-news/rss,elnuevoherald.com,General,8,40.0,dead/unreachable feed
Spanish - Al Dia Dallas,https://aldiatx.com/feed/,aldiatx.com,General,8,40.0,dead/unreachable feed
Spanish - Rumbo de Valle TX,https://www.rumbonews.com/feed/,rumbonews.com,General,8,40.0,unclassified/community/low-value — content-farm risk
Spanish - El Vocero Puerto Rico,https://www.elvocero.com/feed/,elvocero.com,General,8,40.0,dead/unreachable feed
Spanish - Hoy Chicago,https://www.chicagotribune.com/hoy/rss2.0.xml,chicagotribune.com,General,8,40.0,dead/unreachable feed
Spanish - Impacto Latin News,https://impactolatin.news/feed/,impactolatin.news,General,8,40.0,dead/unreachable feed
Spanish - Univision News,https://www.univision.com/noticias/rss,univision.com,General,8,40.0,dead/unreachable feed
Spanish - Telemundo News,https://www.telemundo.com/noticias/rss,telemundo.com,General,8,40.0,unclassified/community/low-value — content-farm risk
Spanish - Voz de America Spanish,https://www.voanews.com/api/zmpqemprmo,voanews.com,General,8,40.0,unclassified/community/low-value — content-farm risk
Spanish - NBC Latino,https://www.nbcnews.com/id/46380265/device/rss/rss.xml,nbcnews.com,General,8,40.0,dead/unreachable feed
Spanish - Latin Times,https://www.latintimes.com/rss,latintimes.com,General,8,40.0,unclassified/community/low-value — content-farm risk
Spanish - Latina Magazine,https://www.latina.com/feed/,latina.com,General,8,40.0,dead/unreachable feed
Ethnic - Black Press USA,https://www.blackpressusa.com/feed/,blackpressusa.com,General,8,40.0,dead/unreachable feed
Ethnic - Afro American,https://afro.com/feed/,afro.com,General,8,40.0,unclassified/community/low-value — content-farm risk
Ethnic - New Pittsburgh Courier,https://newpittsburghcourier.com/feed/,newpittsburghcourier.com,General,8,40.0,dead/unreachable feed
Ethnic - Los Angeles Sentinel,https://lasentinel.net/feed/,lasentinel.net,General,8,40.0,unclassified/community/low-value — content-farm risk
Ethnic - Chicago Defender,https://chicagodefender.com/feed/,chicagodefender.com,General,8,40.0,dead/unreachable feed
Ethnic - Atlanta Voice,https://theatlantavoice.com/feed/,theatlantavoice.com,General,8,40.0,unclassified/community/low-value — content-farm risk
Ethnic - Amsterdam News NY,https://amsterdamnews.com/feed/,amsterdamnews.com,General,8,40.0,unclassified/community/low-value — content-farm risk
Ethnic - Dallas Examiner,https://dallasexaminer.com/feed/,dallasexaminer.com,General,8,40.0,dead/unreachable feed
Ethnic - Houston Forward Times,https://forwardtimes.com/feed/,forwardtimes.com,General,8,40.0,dead/unreachable feed
Ethnic - Charlotte Post,https://thecharlottepost.com/feed/,thecharlottepost.com,General,8,40.0,dead/unreachable feed
Ethnic - Carolina Peacemaker,https://www.carolinapeacemaker.com/feed/,carolinapeacemaker.com,General,8,40.0,dead/unreachable feed
Ethnic - Arab American News,https://www.arabamericannews.com/feed/,arabamericannews.com,General,8,40.0,unclassified/community/low-value — content-farm risk
Ethnic - Asian American Press,https://www.asianamericanpress.com/feed/,asianamericanpress.com,General,8,40.0,dead/unreachable feed
Ethnic - India Abroad,https://www.indiaabroad-digital.com/feed/,indiaabroad-digital.com,General,8,40.0,dead/unreachable feed
Ethnic - Korea Daily USA,https://www.koreadaily.com/rss/,koreadaily.com,General,8,40.0,dead/unreachable feed
Ethnic - World Journal Chinese,https://www.worldjournal.com/feed/,worldjournal.com,General,8,40.0,dead/unreachable feed
Wire - AP Technology,https://feeds.apnews.com/rss/Technology,feeds.apnews.com,General,8,40.0,dead/unreachable feed
Wire - AP Business,https://feeds.apnews.com/rss/Business,feeds.apnews.com,General,8,40.0,dead/unreachable feed
Wire - AP Politics,https://feeds.apnews.com/rss/Politics,feeds.apnews.com,General,8,40.0,dead/unreachable feed
Wire - AP Washington,https://feeds.apnews.com/rss/Washington,feeds.apnews.com,General,8,40.0,dead/unreachable feed
Wire - Reuters Top News,https://feeds.reuters.com/reuters/topNews,feeds.reuters.com,General,8,40.0,dead/unreachable feed
Wire - Reuters US,https://feeds.reuters.com/reuters/domesticNews,feeds.reuters.com,General,8,40.0,dead/unreachable feed
Wire - UPI Technology,https://www.upi.com/rss/Technology/,upi.com,General,8,40.0,unclassified/community/low-value — content-farm risk
Wire - UPI Top News,https://www.upi.com/rss/Top_News/,upi.com,General,8,40.0,dead/unreachable feed
Wire - McClatchy DC,https://www.mcclatchydc.com/rss,mcclatchydc.com,General,8,40.0,dead/unreachable feed
Wire - States Newsroom,https://statesnewsroom.com/feed/,statesnewsroom.com,General,8,40.0,unclassified/community/low-value — content-farm risk
Wire - Lee Enterprises,https://leeenterprise.com/feed/,leeenterprise.com,General,8,40.0,dead/unreachable feed
Wire - Gannett Tracker,https://www.usatoday.com/rss/,usatoday.com,General,8,40.0,dead/unreachable feed
Cable - C-SPAN,https://www.c-span.org/feed/?type=video,c-span.org,General,8,40.0,dead/unreachable feed
Cable - PBS NewsHour,https://www.pbs.org/newshour/feeds/rss/headlines,pbs.org,General,8,40.0,unclassified/community/low-value — content-farm risk
Cable - MSNBC,https://www.msnbc.com/feeds/latest,msnbc.com,General,8,40.0,unclassified/community/low-value — content-farm risk
Fox News,https://moxie.foxnews.com/google-publisher/latest.xml,moxie.foxnews.com,General,8,40.0,unclassified/community/low-value — content-farm risk
Fox News Latest,https://feeds.foxnews.com/foxnews/latest,feeds.foxnews.com,General,8,40.0,unclassified/community/low-value — content-farm risk
Fox News National,https://moxie.foxnews.com/google-publisher/national.xml,moxie.foxnews.com,General,8,40.0,dead/unreachable feed
Cable - Fox News Politics,https://moxie.foxnews.com/google-publisher/politics.xml,moxie.foxnews.com,General,8,40.0,unclassified/community/low-value — content-farm risk
Cable - Fox News Tech,https://moxie.foxnews.com/google-publisher/tech.xml,moxie.foxnews.com,General,8,40.0,unclassified/community/low-value — content-farm risk
Cable - CNN Politics,https://rss.cnn.com/rss/cnn_allpolitics.rss,rss.cnn.com,General,8,40.0,dead/unreachable feed
Cable - ABC News Politics,https://abcnews.go.com/abcnews/politicsheadlines,abcnews.go.com,General,8,40.0,unclassified/community/low-value — content-farm risk
Cable - CBS News Politics,https://www.cbsnews.com/latest/rss/politics,cbsnews.com,General,8,40.0,unclassified/community/low-value — content-farm risk
Cable - NBC News Politics,https://feeds.nbcnews.com/nbcnews/public/politics,feeds.nbcnews.com,General,8,40.0,unclassified/community/low-value — content-farm risk
Cable - Newsmax,https://www.newsmax.com/rss/Newsfront/1,newsmax.com,General,8,40.0,dead/unreachable feed
Cable - OAN,https://www.oann.com/feed/,oann.com,General,8,40.0,unclassified/community/low-value — content-farm risk
Cable - Sinclair Broadcast Group,https://sbgi.net/feed/,sbgi.net,General,8,40.0,unclassified/community/low-value — content-farm risk
Cable - Nexstar Media,https://www.nexstar.tv/feed/,nexstar.tv,General,8,40.0,unclassified/community/low-value — content-farm risk
Trade - Ad Age,https://adage.com/rss,adage.com,General,8,40.0,dead/unreachable feed
Trade - Adweek,https://www.adweek.com/feed/,adweek.com,General,8,40.0,unclassified/community/low-value — content-farm risk
Trade - Sound & Vision,https://www.soundandvision.com/rss.xml,soundandvision.com,General,8,40.0,unclassified/community/low-value — content-farm risk
Trade - Deadline Hollywood,https://deadline.com/feed/,deadline.com,General,8,40.0,unclassified/community/low-value — content-farm risk
Trade - Media Play News,https://www.mediaplaynews.com/feed/,mediaplaynews.com,General,8,40.0,dead/unreachable feed
Trade - Lost Remote,https://lostremote.com/feed/,lostremote.com,General,8,40.0,unclassified/community/low-value — content-farm risk
Trade - TVSpy,https://www.adweek.com/tvspy/feed/,adweek.com,General,8,40.0,dead/unreachable feed
Trade - Nieman Reports,https://niemanreports.org/feed/,niemanreports.org,General,8,40.0,dead/unreachable feed
Trade - American Journalism Rev,https://ajr.org/feed/,ajr.org,General,8,40.0,unclassified/community/low-value — content-farm risk
Trade - Editor & Publisher,https://www.editorandpublisher.com/feed/,editorandpublisher.com,General,8,40.0,unclassified/community/low-value — content-farm risk
Trade - Press Gazette UK,https://pressgazette.co.uk/feed/,pressgazette.co.uk,General,8,40.0,unclassified/community/low-value — content-farm risk
Trade - Digiday,https://digiday.com/feed/,digiday.com,General,8,40.0,unclassified/community/low-value — content-farm risk
Trade - Puck News,https://puck.news/feed/,puck.news,General,8,40.0,unclassified/community/low-value — content-farm risk
Watch - Alabama Political Reporter,https://www.alreporter.com/feed/,alreporter.com,General,8,40.0,unclassified/community/low-value — content-farm risk
Watch - Alaska Public Interest Res,https://www.alaskareport.com/feed/,alaskareport.com,General,8,40.0,dead/unreachable feed
Watch - AZ Center for Investigative,https://azcir.org/feed/,azcir.org,General,8,40.0,unclassified/community/low-value — content-farm risk
Watch - Arkansas Investigative News,https://arkinvestigative.org/feed/,arkinvestigative.org,General,8,40.0,dead/unreachable feed
Watch - California Healthline,https://californiahealthline.org/feed/,californiahealthline.org,General,8,40.0,unclassified/community/low-value — content-farm risk
Watch - Colorado Independent,https://www.coloradoindependent.com/feed/,coloradoindependent.com,General,8,40.0,dead/unreachable feed
Watch - CT Health Investigative,https://c-hit.org/feed/,c-hit.org,General,8,40.0,unclassified/community/low-value — content-farm risk
Watch - DC Line,https://thedcline.org/feed/,thedcline.org,General,8,40.0,dead/unreachable feed
Watch - Delaware Public Media,https://www.delawarepublic.org/rss,delawarepublic.org,General,8,40.0,dead/unreachable feed
Watch - Florida Center Investigative,https://fcir.org/feed/,fcir.org,General,8,40.0,dead/unreachable feed
Watch - Georgia Health News,https://georgiahealthnews.com/feed/,georgiahealthnews.com,General,8,40.0,dead/unreachable feed
Watch - Hawaii News Now,https://www.hawaiinewsnow.com/rss,hawaiinewsnow.com,General,8,40.0,dead/unreachable feed
Watch - Boise State Public Radio,https://www.boisestatepublicradio.org/rss,boisestatepublicradio.org,General,8,40.0,dead/unreachable feed
Watch - IL Answers Project,https://illinoisanswers.org/feed/,illinoisanswers.org,General,8,40.0,unclassified/community/low-value — content-farm risk
Watch - IndyStar Watchdog,https://www.indystar.com/news/watchdog/rss,indystar.com,General,8,40.0,dead/unreachable feed
Watch - Kansas News Service,https://www.kansasnewsservice.org/feed,kansasnewsservice.org,General,8,40.0,dead/unreachable feed
Watch - KY Health News,https://kyhealthnews.org/feed/,kyhealthnews.org,General,8,40.0,unclassified/community/low-value — content-farm risk
TV - KXAN Austin,https://www.kxan.com/feed/,kxan.com,General,8,40.0,unclassified/community/low-value — content-farm risk
TV - KVUE Austin,https://www.kvue.com/feeds/syndication/rss/news,kvue.com,General,8,40.0,unclassified/community/low-value — content-farm risk
TV - KPRC Houston,https://www.click2houston.com/rss,click2houston.com,General,8,40.0,unclassified/community/low-value — content-farm risk
TV - KTVT Dallas,https://www.cbsdfw.com/rss,cbsdfw.com,General,8,40.0,dead/unreachable feed
TV - KXAS Dallas,https://www.nbcdfw.com/feed/,nbcdfw.com,General,8,40.0,unclassified/community/low-value — content-farm risk
TV - KRIV Houston,https://www.fox26houston.com/feed/,fox26houston.com,General,8,40.0,dead/unreachable feed
TV - WFLD Chicago,https://www.fox32chicago.com/feed/,fox32chicago.com,General,8,40.0,dead/unreachable feed
TV - WLS Chicago,https://abc7chicago.com/feed/,abc7chicago.com,General,8,40.0,unclassified/community/low-value — content-farm risk
TV - WMAQ Chicago,https://www.nbcchicago.com/feed/,nbcchicago.com,General,8,40.0,unclassified/community/low-value — content-farm risk
TV - WBBM Chicago,https://www.cbschicago.com/rss/,cbschicago.com,General,8,40.0,dead/unreachable feed
TV - WXIA Atlanta,https://www.11alive.com/feeds/syndication/rss/news,11alive.com,General,8,40.0,unclassified/community/low-value — content-farm risk
TV - WGCL Atlanta,https://www.cbs46.com/rss,cbs46.com,General,8,40.0,dead/unreachable feed
TV - WPTV West Palm Beach,https://www.wptv.com/rss,wptv.com,General,8,40.0,dead/unreachable feed
TV - WTSP Tampa,https://www.wtsp.com/feeds/syndication/rss/news,wtsp.com,General,8,40.0,unclassified/community/low-value — content-farm risk
TV - WKMG Orlando,https://www.clickorlando.com/rss,clickorlando.com,General,8,40.0,unclassified/community/low-value — content-farm risk
TV - WFTV Orlando,https://www.wftv.com/rss,wftv.com,General,8,40.0,dead/unreachable feed
TV - WSVN Miami,https://wsvn.com/feed/,wsvn.com,General,8,40.0,unclassified/community/low-value — content-farm risk
TV - WFOR Miami,https://www.cbsmiami.com/rss/,cbsmiami.com,General,8,40.0,unclassified/community/low-value — content-farm risk
TV - WDIV Detroit,https://www.clickondetroit.com/rss,clickondetroit.com,General,8,40.0,unclassified/community/low-value — content-farm risk
TV - WWJ Detroit,https://www.cbsdetroit.com/rss/,cbsdetroit.com,General,8,40.0,dead/unreachable feed
TV - KING Seattle,https://www.king5.com/feeds/syndication/rss/news,king5.com,General,8,40.0,unclassified/community/low-value — content-farm risk
TV - KIRO Seattle,https://www.kirotv.com/feed/,kirotv.com,General,8,40.0,dead/unreachable feed
TV - KGW Portland,https://www.kgw.com/feeds/syndication/rss/news,kgw.com,General,8,40.0,unclassified/community/low-value — content-farm risk
TV - KATU Portland,https://katu.com/feed/,katu.com,General,8,40.0,dead/unreachable feed
TV - KTVU San Francisco,https://www.ktvu.com/feed/,ktvu.com,General,8,40.0,dead/unreachable feed
TV - KPIX San Francisco,https://www.cbsnews.com/sanfrancisco/latest/rss/,cbsnews.com,General,8,40.0,dead/unreachable feed
TV - KNBC Los Angeles,https://www.nbclosangeles.com/feed/,nbclosangeles.com,General,8,40.0,unclassified/community/low-value — content-farm risk
TV - KABC Los Angeles,https://abc7.com/feed/,abc7.com,General,8,40.0,unclassified/community/low-value — content-farm risk
TV - KCAL Los Angeles,https://www.cbsnews.com/losangeles/latest/rss/,cbsnews.com,General,8,40.0,dead/unreachable feed
TV - KFMB San Diego,https://www.cbs8.com/rss,cbs8.com,General,8,40.0,unclassified/community/low-value — content-farm risk
TV - KNSD San Diego,https://www.nbcsandiego.com/feed/,nbcsandiego.com,General,8,40.0,unclassified/community/low-value — content-farm risk
TV - WOAI San Antonio,https://news4sanantonio.com/feed/,news4sanantonio.com,General,8,40.0,dead/unreachable feed
TV - KENS San Antonio,https://www.kens5.com/feeds/syndication/rss/news,kens5.com,General,8,40.0,unclassified/community/low-value — content-farm risk
TV - KOAT Albuquerque,https://www.koat.com/rss,koat.com,General,8,40.0,unclassified/community/low-value — content-farm risk
TV - KRQE Albuquerque,https://www.krqe.com/feed/,krqe.com,General,8,40.0,unclassified/community/low-value — content-farm risk
TV - KSL Salt Lake City,https://ksltv.com/feed/,ksltv.com,General,8,40.0,dead/unreachable feed
TV - KUTV Salt Lake City,https://kutv.com/feed/,kutv.com,General,8,40.0,dead/unreachable feed
TV - KTVB Boise,https://www.ktvb.com/feeds/syndication/rss/news,ktvb.com,General,8,40.0,unclassified/community/low-value — content-farm risk
TV - KREM Spokane,https://www.krem.com/feeds/syndication/rss/news,krem.com,General,8,40.0,unclassified/community/low-value — content-farm risk
TV - KXLY Spokane,https://www.kxly.com/feed/,kxly.com,General,8,40.0,unclassified/community/low-value — content-farm risk
TV - WWL New Orleans,https://www.wwltv.com/feeds/syndication/rss/news,wwltv.com,General,8,40.0,unclassified/community/low-value — content-farm risk
TV - WVUE New Orleans,https://www.fox8live.com/feed/,fox8live.com,General,8,40.0,dead/unreachable feed
TV - WAVE Louisville,https://www.wave3.com/feeds/syndication/rss/news,wave3.com,General,8,40.0,dead/unreachable feed
TV - WLKY Louisville,https://www.wlky.com/rss,wlky.com,General,8,40.0,dead/unreachable feed
TV - WDRB Louisville,https://www.wdrb.com/rss/,wdrb.com,General,8,40.0,dead/unreachable feed
TV - LEX18 Lexington,https://www.lex18.com/feed/,lex18.com,General,8,40.0,dead/unreachable feed
TV - WKYT Lexington,https://www.wkyt.com/rss,wkyt.com,General,8,40.0,dead/unreachable feed
TV - WSMV Nashville,https://www.wsmv.com/rss,wsmv.com,General,8,40.0,dead/unreachable feed
TV - WTVF Nashville,https://www.newschannel5.com/feed/,newschannel5.com,General,8,40.0,dead/unreachable feed
TV - WKRN Nashville,https://www.wkrn.com/feed/,wkrn.com,General,8,40.0,unclassified/community/low-value — content-farm risk
TV - WREG Memphis,https://wreg.com/feed/,wreg.com,General,8,40.0,unclassified/community/low-value — content-farm risk
TV - WMC Memphis,https://www.wmcactionnews5.com/rss,wmcactionnews5.com,General,8,40.0,dead/unreachable feed
TV - WHBQ Memphis,https://www.fox13memphis.com/feed/,fox13memphis.com,General,8,40.0,unclassified/community/low-value — content-farm risk
TV - WATE Knoxville,https://www.wate.com/feed/,wate.com,General,8,40.0,unclassified/community/low-value — content-farm risk
TV - WVLT Knoxville,https://www.wvlt.tv/feed/,wvlt.tv,General,8,40.0,dead/unreachable feed
TV - WRCB Chattanooga,https://www.wrcbtv.com/feed/,wrcbtv.com,General,8,40.0,dead/unreachable feed
TV - WTVC Chattanooga,https://newschannel9.com/feed/,newschannel9.com,General,8,40.0,dead/unreachable feed
TV - WHNT Huntsville,https://whnt.com/feed/,whnt.com,General,8,40.0,unclassified/community/low-value — content-farm risk
TV - WAFF Huntsville,https://www.waff.com/rss,waff.com,General,8,40.0,dead/unreachable feed
TV - WIAT Birmingham,https://www.wiat.com/feed/,wiat.com,General,8,40.0,dead/unreachable feed
TV - WBRC Birmingham,https://www.wbrc.com/rss,wbrc.com,General,8,40.0,dead/unreachable feed
TV - WSFA Montgomery,https://www.wsfa.com/rss,wsfa.com,General,8,40.0,dead/unreachable feed
TV - WKRG Mobile,https://www.wkrg.com/feed/,wkrg.com,General,8,40.0,unclassified/community/low-value — content-farm risk
TV - WALA Mobile,https://www.fox10tv.com/feed/,fox10tv.com,General,8,40.0,dead/unreachable feed
TV - WEAR Pensacola,https://weartv.com/feed/,weartv.com,General,8,40.0,dead/unreachable feed
TV - WJXT Jacksonville,https://www.news4jax.com/rss,news4jax.com,General,8,40.0,dead/unreachable feed
TV - WTLV Jacksonville,https://www.firstcoastnews.com/feeds/syndication/rss/news,firstcoastnews.com,General,8,40.0,unclassified/community/low-value — content-farm risk
TV - WINK Fort Myers,https://winknews.com/feed/,winknews.com,General,8,40.0,dead/unreachable feed
TV - WCTV Tallahassee,https://www.wctv.tv/feed/,wctv.tv,General,8,40.0,dead/unreachable feed
TV - WSOC Charlotte,https://www.wsoctv.com/rss,wsoctv.com,General,8,40.0,dead/unreachable feed
TV - WBTV Charlotte,https://www.wbtv.com/rss,wbtv.com,General,8,40.0,dead/unreachable feed
TV - WXII Greensboro,https://www.wxii12.com/rss,wxii12.com,General,8,40.0,dead/unreachable feed
TV - WGHP Greensboro,https://myfox8.com/feed/,myfox8.com,General,8,40.0,unclassified/community/low-value — content-farm risk
TV - WTVD Raleigh,https://abc11.com/feed/,abc11.com,General,8,40.0,unclassified/community/low-value — content-farm risk
TV - WNCN Raleigh,https://www.cbs17.com/feed/,cbs17.com,General,8,40.0,unclassified/community/low-value — content-farm risk
TV - WECT Wilmington NC,https://www.wect.com/rss,wect.com,General,8,40.0,dead/unreachable feed
TV - WYFF Greenville SC,https://www.wyff4.com/rss,wyff4.com,General,8,40.0,dead/unreachable feed
TV - WSPA Greenville SC,https://www.wspa.com/feed/,wspa.com,General,8,40.0,unclassified/community/low-value — content-farm risk
TV - WIS Columbia SC,https://www.wistv.com/rss,wistv.com,General,8,40.0,dead/unreachable feed
TV - WLTX Columbia SC,https://www.wltx.com/feeds/syndication/rss/news,wltx.com,General,8,40.0,unclassified/community/low-value — content-farm risk
TV - WCSC Charleston SC,https://www.live5news.com/rss,live5news.com,General,8,40.0,dead/unreachable feed
TV - WCBD Charleston SC,https://www.counton2.com/feed/,counton2.com,General,8,40.0,unclassified/community/low-value — content-farm risk
TV - WSAV Savannah,https://www.wsav.com/feed/,wsav.com,General,8,40.0,unclassified/community/low-value — content-farm risk
TV - WTOC Savannah,https://www.wtoc.com/rss,wtoc.com,General,8,40.0,dead/unreachable feed
TV - WALB Albany GA,https://www.walb.com/rss,walb.com,General,8,40.0,dead/unreachable feed
TV - WMAZ Macon,https://www.13wmaz.com/feeds/syndication/rss/news,13wmaz.com,General,8,40.0,unclassified/community/low-value — content-farm risk
TV - WTVM Columbus GA,https://www.wtvm.com/rss,wtvm.com,General,8,40.0,dead/unreachable feed
TV - WMBF Myrtle Beach,https://www.wmbfnews.com/rss,wmbfnews.com,General,8,40.0,dead/unreachable feed
TV - WPDE Myrtle Beach,https://wpde.com/feed/,wpde.com,General,8,40.0,dead/unreachable feed
TV - WVEC Norfolk,https://www.13newsnow.com/feeds/syndication/rss/news,13newsnow.com,General,8,40.0,unclassified/community/low-value — content-farm risk
TV - WTKR Norfolk,https://www.wtkr.com/feed/,wtkr.com,General,8,40.0,dead/unreachable feed
TV - WRIC Richmond,https://www.wric.com/feed/,wric.com,General,8,40.0,unclassified/community/low-value — content-farm risk
TV - WTVR Richmond,https://www.wtvr.com/feed/,wtvr.com,General,8,40.0,dead/unreachable feed
TV - WSET Lynchburg,https://wset.com/feed/,wset.com,General,8,40.0,dead/unreachable feed
TV - WSLS Roanoke,https://www.wsls.com/feed/,wsls.com,General,8,40.0,dead/unreachable feed
TV - WDBJ Roanoke,https://www.wdbj7.com/feed/,wdbj7.com,General,8,40.0,dead/unreachable feed
TV - WHSV Harrisonburg,https://www.whsv.com/rss,whsv.com,General,8,40.0,dead/unreachable feed
TV - WUSA Washington DC,https://www.wusa9.com/feeds/syndication/rss/news,wusa9.com,General,8,40.0,unclassified/community/low-value — content-farm risk
TV - WRC Washington DC,https://www.nbcwashington.com/feed/,nbcwashington.com,General,8,40.0,unclassified/community/low-value — content-farm risk
TV - WJLA Washington DC,https://wjla.com/feed/,wjla.com,General,8,40.0,dead/unreachable feed
TV - WMAR Baltimore,https://www.abc2news.com/feed/,abc2news.com,General,8,40.0,dead/unreachable feed
TV - WJZ Baltimore,https://www.cbsnews.com/baltimore/latest/rss/,cbsnews.com,General,8,40.0,dead/unreachable feed
TV - WBFF Baltimore,https://foxbaltimore.com/feed/,foxbaltimore.com,General,8,40.0,dead/unreachable feed
TV - WGAL Lancaster PA,https://www.wgal.com/rss,wgal.com,General,8,40.0,dead/unreachable feed
TV - WNEP Scranton,https://www.wnep.com/feeds/syndication/rss/news,wnep.com,General,8,40.0,unclassified/community/low-value — content-farm risk
TV - WJET Erie PA,https://www.yourerie.com/feed/,yourerie.com,General,8,40.0,unclassified/community/low-value — content-farm risk
TV - WTAJ Altoona,https://www.wearecentralpa.com/feed/,wearecentralpa.com,General,8,40.0,unclassified/community/low-value — content-farm risk
TV - WHTM Harrisburg,https://www.abc27.com/feed/,abc27.com,General,8,40.0,unclassified/community/low-value — content-farm risk
TV - WHP Harrisburg,https://local21news.com/feed/,local21news.com,General,8,40.0,unclassified/community/low-value — content-farm risk
TV - WCAU Philadelphia,https://www.nbcphiladelphia.com/feed/,nbcphiladelphia.com,General,8,40.0,unclassified/community/low-value — content-farm risk
TV - WPVI Philadelphia,https://6abc.com/feed/,6abc.com,General,8,40.0,unclassified/community/low-value — content-farm risk
TV - KYW Philadelphia,https://www.cbsnews.com/philadelphia/latest/rss/,cbsnews.com,General,8,40.0,dead/unreachable feed
TV - WTXF Philadelphia,https://www.fox29.com/feed/,fox29.com,General,8,40.0,dead/unreachable feed
TV - WTAE Pittsburgh,https://www.wtae.com/rss,wtae.com,General,8,40.0,dead/unreachable feed
TV - KDKA Pittsburgh,https://www.cbsnews.com/pittsburgh/latest/rss/,cbsnews.com,General,8,40.0,dead/unreachable feed
TV - WENY Elmira,https://www.weny.com/feed/,weny.com,General,8,40.0,dead/unreachable feed
TV - WSTM Syracuse,https://www.cnycentral.com/feed/,cnycentral.com,General,8,40.0,dead/unreachable feed
TV - WROC Rochester,https://www.rochesterfirst.com/feed/,rochesterfirst.com,General,8,40.0,unclassified/community/low-value — content-farm risk
TV - WHAM Rochester,https://13wham.com/feed/,13wham.com,General,8,40.0,dead/unreachable feed
TV - WGRZ Buffalo,https://www.wgrz.com/feeds/syndication/rss/news,wgrz.com,General,8,40.0,unclassified/community/low-value — content-farm risk
TV - WKBW Buffalo,https://www.wkbw.com/feed/,wkbw.com,General,8,40.0,dead/unreachable feed
TV - WIVB Buffalo,https://www.wivb.com/feed/,wivb.com,General,8,40.0,unclassified/community/low-value — content-farm risk
TV - WPTZ Burlington VT,https://www.wptz.com/rss,wptz.com,General,8,40.0,dead/unreachable feed
TV - WCAX Burlington VT,https://www.wcax.com/rss,wcax.com,General,8,40.0,dead/unreachable feed
TV - WMUR Manchester NH,https://www.wmur.com/rss,wmur.com,General,8,40.0,dead/unreachable feed
TV - WGME Portland ME,https://wgme.com/feed/,wgme.com,General,8,40.0,dead/unreachable feed
TV - WCSH Portland ME,https://www.newscentermaine.com/feeds/syndication/rss/news,newscentermaine.com,General,8,40.0,unclassified/community/low-value — content-farm risk
TV - WABI Bangor ME,https://www.wabi.tv/feed/,wabi.tv,General,8,40.0,dead/unreachable feed
TV - WHDH Boston,https://www.whdh.com/feed/,whdh.com,General,8,40.0,dead/unreachable feed
TV - WCVB Boston,https://www.wcvb.com/rss,wcvb.com,General,8,40.0,unclassified/community/low-value — content-farm risk
TV - WJAR Providence,https://turnto10.com/feed/,turnto10.com,General,8,40.0,dead/unreachable feed
TV - WPRI Providence,https://www.wpri.com/feed/,wpri.com,General,8,40.0,unclassified/community/low-value — content-farm risk
TV - WFSB Hartford,https://www.wfsb.com/rss,wfsb.com,General,8,40.0,dead/unreachable feed
TV - WVIT Hartford,https://www.nbcconnecticut.com/feed/,nbcconnecticut.com,General,8,40.0,unclassified/community/low-value — content-farm risk
TV - WTNH New Haven,https://www.wtnh.com/feed/,wtnh.com,General,8,40.0,unclassified/community/low-value — content-farm risk
TV - WTIC Hartford,https://www.fox61.com/feed/,fox61.com,General,8,40.0,dead/unreachable feed
TV - WBOC Salisbury MD,https://www.wboc.com/rss,wboc.com,General,8,40.0,dead/unreachable feed
TV - WKOW Madison WI,https://www.wkow.com/feed/,wkow.com,General,8,40.0,dead/unreachable feed
TV - WSAW Wausau,https://www.wsaw.com/feed/,wsaw.com,General,8,40.0,dead/unreachable feed
TV - WBAY Green Bay,https://www.wbay.com/feed/,wbay.com,General,8,40.0,dead/unreachable feed
TV - WFRV Green Bay,https://www.wearegreenbay.com/feed/,wearegreenbay.com,General,8,40.0,unclassified/community/low-value — content-farm risk
TV - WISN Milwaukee,https://www.wisn.com/rss,wisn.com,General,8,40.0,unclassified/community/low-value — content-farm risk
TV - WITI Milwaukee,https://fox6now.com/feed/,fox6now.com,General,8,40.0,dead/unreachable feed
TV - WDIO Duluth,https://www.wdio.com/feed/,wdio.com,General,8,40.0,unclassified/community/low-value — content-farm risk
TV - KSTP Minneapolis,https://kstp.com/feed/,kstp.com,General,8,40.0,unclassified/community/low-value — content-farm risk
TV - WCCO Minneapolis,https://www.cbsnews.com/minnesota/latest/rss/,cbsnews.com,General,8,40.0,dead/unreachable feed
TV - KMSP Minneapolis,https://www.fox9.com/feed/,fox9.com,General,8,40.0,dead/unreachable feed
TV - KGAN Cedar Rapids,https://www.cbs2iowa.com/feed/,cbs2iowa.com,General,8,40.0,dead/unreachable feed
TV - KCRG Cedar Rapids,https://www.kcrg.com/rss,kcrg.com,General,8,40.0,dead/unreachable feed
TV - WHO Des Moines,https://who13.com/feed/,who13.com,General,8,40.0,unclassified/community/low-value — content-farm risk
TV - KCCI Des Moines,https://www.kcci.com/rss,kcci.com,General,8,40.0,unclassified/community/low-value — content-farm risk
TV - KTIV Sioux City,https://www.ktiv.com/feed/,ktiv.com,General,8,40.0,dead/unreachable feed
TV - KMTV Omaha,https://www.3newsnow.com/feed/,3newsnow.com,General,8,40.0,dead/unreachable feed
TV - KETV Omaha,https://www.ketv.com/rss,ketv.com,General,8,40.0,dead/unreachable feed
TV - WOWT Omaha,https://www.wowt.com/feed/,wowt.com,General,8,40.0,dead/unreachable feed
TV - KOLN Lincoln,https://www.1011now.com/feed/,1011now.com,General,8,40.0,dead/unreachable feed
TV - KSNW Wichita,https://www.ksn.com/feed/,ksn.com,General,8,40.0,unclassified/community/low-value — content-farm risk
TV - KWCH Wichita,https://www.kwch.com/feed/,kwch.com,General,8,40.0,dead/unreachable feed
TV - KFOR Oklahoma City,https://kfor.com/feed/,kfor.com,General,8,40.0,unclassified/community/low-value — content-farm risk
TV - KOCO Oklahoma City,https://www.koco.com/rss,koco.com,General,8,40.0,dead/unreachable feed
TV - KOKH Oklahoma City,https://www.fox25.com/feed/,fox25.com,General,8,40.0,dead/unreachable feed
TV - KJRH Tulsa,https://www.kjrh.com/feed/,kjrh.com,General,8,40.0,dead/unreachable feed
TV - KTUL Tulsa,https://ktul.com/feed/,ktul.com,General,8,40.0,unclassified/community/low-value — content-farm risk
TV - KCTV Kansas City,https://www.kctv5.com/rss,kctv5.com,General,8,40.0,dead/unreachable feed
TV - KMBC Kansas City,https://www.kmbc.com/rss,kmbc.com,General,8,40.0,dead/unreachable feed
TV - KSHB Kansas City,https://www.kshb.com/feed/,kshb.com,General,8,40.0,dead/unreachable feed
TV - KSDK St Louis,https://www.ksdk.com/feeds/syndication/rss/news,ksdk.com,General,8,40.0,unclassified/community/low-value — content-farm risk
TV - KMOV St Louis,https://www.kmov.com/rss,kmov.com,General,8,40.0,dead/unreachable feed
TV - KTVI St Louis,https://fox2now.com/feed/,fox2now.com,General,8,40.0,unclassified/community/low-value — content-farm risk
TV - KARK Little Rock,https://www.kark.com/feed/,kark.com,General,8,40.0,unclassified/community/low-value — content-farm risk
TV - KATV Little Rock,https://katv.com/feed/,katv.com,General,8,40.0,dead/unreachable feed
TV - KSLA Shreveport,https://www.ksla.com/rss,ksla.com,General,8,40.0,dead/unreachable feed
TV - KLFY Lafayette LA,https://www.klfy.com/feed/,klfy.com,General,8,40.0,unclassified/community/low-value — content-farm risk
TV - WAFB Baton Rouge,https://www.wafb.com/rss,wafb.com,General,8,40.0,dead/unreachable feed
TV - KLTV Tyler TX,https://www.kltv.com/rss,kltv.com,General,8,40.0,dead/unreachable feed
TV - KTRK Houston,https://abc13.com/feed/,abc13.com,General,8,40.0,unclassified/community/low-value — content-farm risk
TV - KABB San Antonio,https://www.foxsanantonio.com/feed/,foxsanantonio.com,General,8,40.0,dead/unreachable feed
TV - KIII Corpus Christi,https://www.kiiitv.com/feed/,kiiitv.com,General,8,40.0,dead/unreachable feed
TV - KDBC El Paso,https://www.kdbc.com/feed/,kdbc.com,General,8,40.0,dead/unreachable feed
TV - KFOX El Paso,https://kfoxtv.com/feed/,kfoxtv.com,General,8,40.0,dead/unreachable feed
TV - KVIA El Paso,https://www.kvia.com/feed/,kvia.com,General,8,40.0,dead/unreachable feed
TV - KWES Midland TX,https://www.newswest9.com/feed/,newswest9.com,General,8,40.0,dead/unreachable feed
TV - KAMC Lubbock,https://www.everythinglubbock.com/feed/,everythinglubbock.com,General,8,40.0,unclassified/community/low-value — content-farm risk
TV - KCBD Lubbock,https://www.kcbd.com/rss,kcbd.com,General,8,40.0,dead/unreachable feed
TV - KAMR Amarillo,https://www.myhighplains.com/feed/,myhighplains.com,General,8,40.0,unclassified/community/low-value — content-farm risk
TV - KXXV Waco,https://www.kxxv.com/feed/,kxxv.com,General,8,40.0,dead/unreachable feed
TV - KWTX Waco,https://www.kwtx.com/rss,kwtx.com,General,8,40.0,dead/unreachable feed
TV - KDFW Dallas,https://www.fox4news.com/feed/,fox4news.com,General,8,40.0,dead/unreachable feed
TV - KERA Dallas,https://www.keranews.org/rss,keranews.org,General,8,40.0,dead/unreachable feed
TV - KOVR Sacramento,https://www.cbsnews.com/sacramento/latest/rss/,cbsnews.com,General,8,40.0,dead/unreachable feed
TV - KXTV Sacramento,https://www.abc10.com/feeds/syndication/rss/news,abc10.com,General,8,40.0,unclassified/community/low-value — content-farm risk
TV - KFSN Fresno,https://abc30.com/feed/,abc30.com,General,8,40.0,unclassified/community/low-value — content-farm risk
TV - KSEE Fresno,https://www.yourcentralvalley.com/feed/,yourcentralvalley.com,General,8,40.0,unclassified/community/low-value — content-farm risk
TV - KGET Bakersfield,https://www.kget.com/feed/,kget.com,General,8,40.0,unclassified/community/low-value — content-farm risk
TV - KEYT Santa Barbara,https://www.keyt.com/feed/,keyt.com,General,8,40.0,dead/unreachable feed
TV - KSBY San Luis Obispo,https://www.ksby.com/feed/,ksby.com,General,8,40.0,dead/unreachable feed
TV - KNTV San Jose,https://www.nbcbayarea.com/feed/,nbcbayarea.com,General,8,40.0,unclassified/community/low-value — content-farm risk
TV - KDVR Denver,https://kdvr.com/feed/,kdvr.com,General,8,40.0,unclassified/community/low-value — content-farm risk
TV - KCNC Denver,https://www.cbsnews.com/colorado/latest/rss/,cbsnews.com,General,8,40.0,dead/unreachable feed
TV - KOAA Colorado Springs,https://www.koaa.com/rss,koaa.com,General,8,40.0,dead/unreachable feed
TV - KKTV Colorado Springs,https://www.kktv.com/feed/,kktv.com,General,8,40.0,dead/unreachable feed
TV - KRDO Colorado Springs,https://krdo.com/feed/,krdo.com,General,8,40.0,dead/unreachable feed
TV - KCWY Casper WY,https://www.kcwy13.com/feed/,kcwy13.com,General,8,40.0,unclassified/community/low-value — content-farm risk
TV - KGWN Cheyenne WY,https://www.kgwn.tv/feed/,kgwn.tv,General,8,40.0,dead/unreachable feed
TV - KULR Billings MT,https://www.kulr8.com/feed/,kulr8.com,General,8,40.0,dead/unreachable feed
TV - KTVQ Billings MT,https://www.ktvq.com/feed/,ktvq.com,General,8,40.0,dead/unreachable feed
TV - KPAX Missoula MT,https://www.kpax.com/feed/,kpax.com,General,8,40.0,dead/unreachable feed
TV - KECI Missoula MT,https://nbcmontana.com/feed/,nbcmontana.com,General,8,40.0,dead/unreachable feed
TV - KBZK Bozeman MT,https://www.kbzk.com/feed/,kbzk.com,General,8,40.0,dead/unreachable feed
TV - KOLO Reno,https://www.kolotv.com/rss,kolotv.com,General,8,40.0,dead/unreachable feed
TV - KRNV Reno,https://www.mynews4.com/feed/,mynews4.com,General,8,40.0,dead/unreachable feed
TV - KVVU Las Vegas,https://www.fox5vegas.com/feed/,fox5vegas.com,General,8,40.0,dead/unreachable feed
TV - KSNV Las Vegas,https://news3lv.com/feed/,news3lv.com,General,8,40.0,dead/unreachable feed
TV - KLAS Las Vegas,https://www.8newsnow.com/feed/,8newsnow.com,General,8,40.0,unclassified/community/low-value — content-farm risk
TV - KITV Honolulu,https://www.kitv.com/rss,kitv.com,General,8,40.0,dead/unreachable feed
TV - KHON Honolulu,https://www.khon2.com/feed/,khon2.com,General,8,40.0,unclassified/community/low-value — content-farm risk
TV - KTUU Anchorage,https://www.ktuu.com/rss,ktuu.com,General,8,40.0,dead/unreachable feed
TV - KATH Anchorage,https://www.alaskasnewssource.com/feed/,alaskasnewssource.com,General,8,40.0,dead/unreachable feed
TV - KVLY Fargo,https://www.valleynewslive.com/feed/,valleynewslive.com,General,8,40.0,dead/unreachable feed
TV - KFYR Bismarck,https://www.kfyrtv.com/feed/,kfyrtv.com,General,8,40.0,dead/unreachable feed
TV - KXMB Bismarck,https://www.kxnet.com/feed/,kxnet.com,General,8,40.0,unclassified/community/low-value — content-farm risk
TV - KOTA Rapid City SD,https://www.kotatv.com/feed/,kotatv.com,General,8,40.0,dead/unreachable feed
TV - KDLT Sioux Falls SD,https://www.kdlt.com/feed/,kdlt.com,General,8,40.0,dead/unreachable feed
TV - WLNS Lansing MI,https://www.wlns.com/feed/,wlns.com,General,8,40.0,unclassified/community/low-value — content-farm risk
TV - WOOD Grand Rapids,https://www.woodtv.com/feed/,woodtv.com,General,8,40.0,unclassified/community/low-value — content-farm risk
TV - WZZM Grand Rapids,https://www.wzzm13.com/feeds/syndication/rss/news,wzzm13.com,General,8,40.0,unclassified/community/low-value — content-farm risk
TV - WTOL Toledo,https://www.wtol.com/feeds/syndication/rss/news,wtol.com,General,8,40.0,dead/unreachable feed
TV - WTVG Toledo,https://13abc.com/feed/,13abc.com,General,8,40.0,dead/unreachable feed
TV - WKYC Cleveland,https://www.wkyc.com/feeds/syndication/rss/news,wkyc.com,General,8,40.0,unclassified/community/low-value — content-farm risk
TV - WJW Cleveland,https://fox8.com/feed/,fox8.com,General,8,40.0,unclassified/community/low-value — content-farm risk
TV - WKBN Youngstown,https://www.wkbn.com/feed/,wkbn.com,General,8,40.0,unclassified/community/low-value — content-farm risk
TV - WFMJ Youngstown,https://www.wfmj.com/feed/,wfmj.com,General,8,40.0,dead/unreachable feed
TV - WSYX Columbus,https://www.abc6onyourside.com/feed/,abc6onyourside.com,General,8,40.0,dead/unreachable feed
TV - WCMH Columbus,https://www.nbc4i.com/feed/,nbc4i.com,General,8,40.0,unclassified/community/low-value — content-farm risk
TV - WBNS Columbus,https://www.10tv.com/feeds/syndication/rss/news,10tv.com,General,8,40.0,unclassified/community/low-value — content-farm risk
TV - WXIX Cincinnati,https://www.fox19.com/feed/,fox19.com,General,8,40.0,dead/unreachable feed
TV - WCPO Cincinnati,https://www.wcpo.com/rss,wcpo.com,General,8,40.0,dead/unreachable feed
TV - WKRC Cincinnati,https://local12.com/feed/,local12.com,General,8,40.0,dead/unreachable feed
TV - WRTV Indianapolis,https://www.theindychannel.com/rss,theindychannel.com,General,8,40.0,dead/unreachable feed
TV - WISH Indianapolis,https://www.wishtv.com/feed/,wishtv.com,General,8,40.0,unclassified/community/low-value — content-farm risk
TV - WXIN Indianapolis,https://fox59.com/feed/,fox59.com,General,8,40.0,unclassified/community/low-value — content-farm risk
TV - WNDU South Bend,https://www.wndu.com/rss,wndu.com,General,8,40.0,dead/unreachable feed
TV - WSBT South Bend,https://www.wsbt.com/feed/,wsbt.com,General,8,40.0,dead/unreachable feed
TV - WANE Fort Wayne,https://www.wane.com/feed/,wane.com,General,8,40.0,unclassified/community/low-value — content-farm risk
TV - WEHT Evansville,https://www.tristatehomepage.com/feed/,tristatehomepage.com,General,8,40.0,unclassified/community/low-value — content-farm risk
Radio - WHYY Philadelphia,https://whyy.org/feed/,whyy.org,General,8,40.0,unclassified/community/low-value — content-farm risk
Radio - WGBH Boston,https://www.wgbh.org/news/rss,wgbh.org,General,8,40.0,dead/unreachable feed
Radio - WVXU Cincinnati,https://www.wvxu.org/rss,wvxu.org,General,8,40.0,dead/unreachable feed
Radio - WCPN Cleveland,https://www.ideastream.org/rss,ideastream.org,General,8,40.0,dead/unreachable feed
Radio - WMFE Orlando,https://www.wmfe.org/feed/,wmfe.org,General,8,40.0,dead/unreachable feed
Radio - WLRN Miami,https://www.wlrn.org/rss,wlrn.org,General,8,40.0,dead/unreachable feed
Radio - WJCT Jacksonville,https://www.wjct.org/feed/,wjct.org,General,8,40.0,dead/unreachable feed
Radio - WFSU Tallahassee,https://news.wfsu.org/rss,news.wfsu.org,General,8,40.0,dead/unreachable feed
Radio - WGCU Fort Myers,https://news.wgcu.org/rss,news.wgcu.org,General,8,40.0,dead/unreachable feed
Radio - WBFO Buffalo,https://www.wbfo.org/feed/,wbfo.org,General,8,40.0,dead/unreachable feed
Radio - WMHT Albany,https://www.wmht.org/feed/,wmht.org,General,8,40.0,dead/unreachable feed
Radio - WRVO Syracuse,https://www.wrvo.org/rss,wrvo.org,General,8,40.0,dead/unreachable feed
Radio - WXXI Rochester,https://www.wxxi.org/rss,wxxi.org,General,8,40.0,unclassified/community/low-value — content-farm risk
Radio - WAMC Albany,https://www.wamc.org/rss,wamc.org,General,8,40.0,dead/unreachable feed
Radio - WUNC Chapel Hill,https://www.wunc.org/rss,wunc.org,General,8,40.0,dead/unreachable feed
Radio - WFAE Charlotte,https://www.wfae.org/rss,wfae.org,General,8,40.0,dead/unreachable feed
Radio - WFDD Winston-Salem,https://www.wfdd.org/rss,wfdd.org,General,8,40.0,dead/unreachable feed
Radio - KPLU Tacoma,https://www.knkx.org/rss,knkx.org,General,8,40.0,dead/unreachable feed
Radio - KOSU Oklahoma City,https://www.kosu.org/rss,kosu.org,General,8,40.0,unclassified/community/low-value — content-farm risk
Radio - KWGS Tulsa,https://www.publicradiotulsa.org/rss,publicradiotulsa.org,General,8,40.0,dead/unreachable feed
Radio - KUT Austin,https://www.kut.org/rss,kut.org,General,8,40.0,unclassified/community/low-value — content-farm risk
Radio - Houston Public Media,https://www.houstonpublicmedia.org/feed/,houstonpublicmedia.org,General,8,40.0,unclassified/community/low-value — content-farm risk
Radio - KSTX San Antonio,https://tpr.org/feed/,tpr.org,General,8,40.0,dead/unreachable feed
Radio - KNAU Flagstaff,https://www.knau.org/rss,knau.org,General,8,40.0,dead/unreachable feed
Radio - KCRW Santa Monica,https://www.kcrw.com/rss,kcrw.com,General,8,40.0,dead/unreachable feed
Radio - KVPR Fresno,https://www.kvpr.org/rss,kvpr.org,General,8,40.0,dead/unreachable feed
Radio - Capital Public Radio,https://www.capradio.org/rss,capradio.org,General,8,40.0,dead/unreachable feed
Radio - Colorado Public Radio,https://www.cpr.org/feed/,cpr.org,General,8,40.0,dead/unreachable feed
Radio - KUNC Greeley CO,https://www.kunc.org/rss,kunc.org,General,8,40.0,dead/unreachable feed
Radio - KRCC Colorado Springs,https://www.krcc.org/rss,krcc.org,General,8,40.0,dead/unreachable feed
Radio - Nevada Public Radio,https://www.nevadapublicradio.org/rss,nevadapublicradio.org,General,8,40.0,dead/unreachable feed
Radio - Michigan Radio,https://www.michiganradio.org/rss,michiganradio.org,General,8,40.0,dead/unreachable feed
Radio - WEMU Ypsilanti MI,https://www.wemu.org/rss,wemu.org,General,8,40.0,dead/unreachable feed
Radio - WMUK Kalamazoo,https://www.wmuk.org/rss,wmuk.org,General,8,40.0,dead/unreachable feed
Radio - WGVU Grand Rapids,https://www.wgvu.org/rss,wgvu.org,General,8,40.0,dead/unreachable feed
Radio - WGTE Toledo,https://www.wgte.org/rss,wgte.org,General,8,40.0,dead/unreachable feed
Radio - WYSU Youngstown,https://www.wysu.org/rss,wysu.org,General,8,40.0,dead/unreachable feed
Radio - WKNO Memphis,https://www.wkno.org/rss,wkno.org,General,8,40.0,dead/unreachable feed
Radio - WUOT Knoxville,https://wuot.org/rss,wuot.org,General,8,40.0,dead/unreachable feed
Radio - WUTC Chattanooga,https://www.wutc.org/rss,wutc.org,General,8,40.0,dead/unreachable feed
Radio - Wisconsin Public Radio,https://www.wpr.org/feed/,wpr.org,General,8,40.0,dead/unreachable feed
Radio - Minnesota Public Radio,https://www.mprnews.org/rss,mprnews.org,General,8,40.0,dead/unreachable feed
Radio - St Louis Public Radio,https://news.stlpublicradio.org/rss,news.stlpublicradio.org,General,8,40.0,dead/unreachable feed
Radio - KCPT Kansas City,https://kcpt.org/feed/,kcpt.org,General,8,40.0,dead/unreachable feed
Radio - KMUW Wichita,https://www.kmuw.org/rss,kmuw.org,General,8,40.0,dead/unreachable feed
Radio - KVNO Omaha,https://www.kvno.org/rss,kvno.org,General,8,40.0,dead/unreachable feed
Radio - GPB Georgia,https://www.gpb.org/news/rss,gpb.org,General,8,40.0,dead/unreachable feed
Radio - WABE Atlanta,https://www.wabe.org/rss,wabe.org,General,8,40.0,unclassified/community/low-value — content-farm risk
Radio - South Carolina Public,https://www.southcarolinapublicradio.org/rss,southcarolinapublicradio.org,General,8,40.0,dead/unreachable feed
Radio - WNCW Spindale NC,https://www.wncw.org/rss,wncw.org,General,8,40.0,dead/unreachable feed
Radio - VPR Vermont,https://www.vpr.org/rss,vpr.org,General,8,40.0,dead/unreachable feed
Radio - NHPR Concord,https://www.nhpr.org/rss,nhpr.org,General,8,40.0,dead/unreachable feed
Radio - Maine Public,https://www.mainepublic.org/rss,mainepublic.org,General,8,40.0,dead/unreachable feed
Radio - Connecticut Public,https://www.ctpublic.org/rss,ctpublic.org,General,8,40.0,dead/unreachable feed
Radio - WYPR Baltimore,https://www.wypr.org/rss,wypr.org,General,8,40.0,dead/unreachable feed
Radio - WITF Harrisburg,https://www.witf.org/rss,witf.org,General,8,40.0,dead/unreachable feed
Radio - WVIA Scranton,https://www.wvia.org/rss,wvia.org,General,8,40.0,dead/unreachable feed
Radio - WQED Pittsburgh,https://www.wqed.org/rss,wqed.org,General,8,40.0,unclassified/community/low-value — content-farm risk
Radio - Hawaii Public Radio,https://www.hawaiipublicradio.org/rss,hawaiipublicradio.org,General,8,40.0,dead/unreachable feed
Radio - South Dakota Public,https://www.sdpb.org/rss,sdpb.org,General,8,40.0,dead/unreachable feed
National - The Dispatch,https://thedispatch.com/feed/,thedispatch.com,General,8,40.0,unclassified/community/low-value — content-farm risk
National - The Bulwark,https://www.thebulwark.com/feed/,thebulwark.com,General,8,40.0,unclassified/community/low-value — content-farm risk
National - National Review,https://www.nationalreview.com/feed/,nationalreview.com,General,8,40.0,unclassified/community/low-value — content-farm risk
National - Washington Examiner,https://www.washingtonexaminer.com/rss,washingtonexaminer.com,General,8,40.0,unclassified/community/low-value — content-farm risk
National - Daily Caller,https://dailycaller.com/feed/,dailycaller.com,General,8,40.0,unclassified/community/low-value — content-farm risk
National - The Free Press,https://www.thefp.com/feed,thefp.com,General,8,40.0,unclassified/community/low-value — content-farm risk
National - Semafor,https://www.semafor.com/feed,semafor.com,General,8,40.0,dead/unreachable feed
National - Grid News,https://www.grid.news/feed/,grid.news,General,8,40.0,dead/unreachable feed
National - The 19th News,https://19thnews.org/feed/,19thnews.org,General,8,40.0,unclassified/community/low-value — content-farm risk
National - Capital B News,https://capitalbnews.org/feed/,capitalbnews.org,General,8,40.0,unclassified/community/low-value — content-farm risk
National - Word in Black,https://wordinblack.com/feed/,wordinblack.com,General,8,40.0,unclassified/community/low-value — content-farm risk
National - The Appeal,https://theappeal.org/feed/,theappeal.org,General,8,40.0,unclassified/community/low-value — content-farm risk
National - Courthouse News,https://www.courthousenews.com/feed/,courthousenews.com,General,8,40.0,unclassified/community/low-value — content-farm risk
National - Rand Corporation,https://www.rand.org/rss/rss_all.xml,rand.org,General,8,40.0,dead/unreachable feed
National - Urban Institute,https://www.urban.org/rss,urban.org,General,8,40.0,dead/unreachable feed
National - Next Century Cities,https://nextcenturycities.org/feed/,nextcenturycities.org,General,8,40.0,unclassified/community/low-value — content-farm risk
National - Open Tech Institute,https://feed.newamerica.org/oti,feed.newamerica.org,General,8,40.0,dead/unreachable feed
Biz - Memphis Business Jrnl,https://www.bizjournals.com/memphis/feed/latest/,bizjournals.com,General,8,40.0,unclassified/community/low-value — content-farm risk
Biz - Raleigh Business Jrnl,https://www.bizjournals.com/triangle/feed/latest/,bizjournals.com,General,8,40.0,unclassified/community/low-value — content-farm risk
Biz - Triad Business Jrnl,https://www.bizjournals.com/triad/feed/latest/,bizjournals.com,General,8,40.0,unclassified/community/low-value — content-farm risk
Biz - Birmingham Business Jrnl,https://www.bizjournals.com/birmingham/feed/latest/,bizjournals.com,General,8,40.0,unclassified/community/low-value — content-farm risk
Biz - Louisville Business Jrnl,https://www.bizjournals.com/louisville/feed/latest/,bizjournals.com,General,8,40.0,unclassified/community/low-value — content-farm risk
Biz - Albany Business Review,https://www.bizjournals.com/albany/feed/latest/,bizjournals.com,General,8,40.0,unclassified/community/low-value — content-farm risk
Biz - Buffalo Business Jrnl,https://www.bizjournals.com/buffalo/feed/latest/,bizjournals.com,General,8,40.0,unclassified/community/low-value — content-farm risk
Biz - Hartford Business Jrnl,https://www.bizjournals.com/hartford/feed/latest/,bizjournals.com,General,8,40.0,unclassified/community/low-value — content-farm risk
Biz - Providence Business News,https://www.bizjournals.com/providence/feed/latest/,bizjournals.com,General,8,40.0,unclassified/community/low-value — content-farm risk
Biz - Albuquerque Business Jrnl,https://www.bizjournals.com/albuquerque/feed/latest/,bizjournals.com,General,8,40.0,unclassified/community/low-value — content-farm risk
Biz - Phoenix Business Jrnl,https://www.bizjournals.com/phoenix/feed/latest/,bizjournals.com,General,8,40.0,dead/unreachable feed
Biz - Sacramento Business Jrnl,https://www.bizjournals.com/sacramento/feed/latest/,bizjournals.com,General,8,40.0,unclassified/community/low-value — content-farm risk
Biz - SF Bay Area Biz Times,https://www.bizjournals.com/sanfrancisco/feed/latest/,bizjournals.com,General,8,40.0,unclassified/community/low-value — content-farm risk
Biz - Silicon Valley Biz Jrnl,https://www.bizjournals.com/sanjose/feed/latest/,bizjournals.com,General,8,40.0,unclassified/community/low-value — content-farm risk
Biz - Los Angeles Biz Jrnl,https://www.bizjournals.com/losangeles/feed/latest/,bizjournals.com,General,8,40.0,unclassified/community/low-value — content-farm risk
Biz - San Diego Biz Jrnl,https://www.bizjournals.com/sandiego/feed/latest/,bizjournals.com,General,8,40.0,unclassified/community/low-value — content-farm risk
Biz - Wichita Biz Jrnl,https://www.bizjournals.com/wichita/feed/latest/,bizjournals.com,General,8,40.0,unclassified/community/low-value — content-farm risk
Biz - Oklahoma City Biz Jrnl,https://www.bizjournals.com/oklahomacity/feed/latest/,bizjournals.com,General,8,40.0,unclassified/community/low-value — content-farm risk
Biz - Tulsa Biz Jrnl,https://www.bizjournals.com/tulsa/feed/latest/,bizjournals.com,General,8,40.0,unclassified/community/low-value — content-farm risk
Biz - Omaha Biz Jrnl,https://www.bizjournals.com/omaha/feed/latest/,bizjournals.com,General,8,40.0,unclassified/community/low-value — content-farm risk
Biz - Des Moines Biz Jrnl,https://www.bizjournals.com/desmoines/feed/latest/,bizjournals.com,General,8,40.0,unclassified/community/low-value — content-farm risk
Biz - Dayton Biz Jrnl,https://www.bizjournals.com/dayton/feed/latest/,bizjournals.com,General,8,40.0,unclassified/community/low-value — content-farm risk
Biz - Honolulu Biz Jrnl,https://www.bizjournals.com/pacific/feed/latest/,bizjournals.com,General,8,40.0,unclassified/community/low-value — content-farm risk
Biz - Boise Biz Jrnl,https://www.bizjournals.com/boise/feed/latest/,bizjournals.com,General,8,40.0,unclassified/community/low-value — content-farm risk
Biz - Spokane Biz Jrnl,https://www.bizjournals.com/spokane/feed/latest/,bizjournals.com,General,8,40.0,unclassified/community/low-value — content-farm risk
Google News - FCC General,https://news.google.com/rss/search?q=FCC+federal+communications+commission&hl=en-US&gl=US&ceid=US:en,news.google.com,General,8,40.0,unclassified/community/low-value — content-farm risk
Space Policy Institute,https://spacepolicy.gwu.edu/feed/,spacepolicy.gwu.edu,General,8,40.0,dead/unreachable feed
Payload Space,https://payloadspace.com/feed/,payloadspace.com,General,8,40.0,unclassified/community/low-value — content-farm risk
Space Intel Report,https://www.spaceintelreport.com/feed/,spaceintelreport.com,General,8,40.0,unclassified/community/low-value — content-farm risk
NASASpaceFlight,https://www.nasaspaceflight.com/feed/,nasaspaceflight.com,General,8,40.0,unclassified/community/low-value — content-farm risk
Ars Technica Space,https://arstechnica.com/space/feed/,arstechnica.com,General,8,40.0,unclassified/community/low-value — content-farm risk
The Verge Space,https://www.theverge.com/rss/space/index.xml,theverge.com,General,8,40.0,unclassified/community/low-value — content-farm risk
SpaceflightNow,https://spaceflightnow.com/feed/,spaceflightnow.com,General,8,40.0,unclassified/community/low-value — content-farm risk
SpaceRef,https://spaceref.com/feed/,spaceref.com,General,8,40.0,unclassified/community/low-value — content-farm risk
Teslarati Space,https://www.teslarati.com/feed/,teslarati.com,General,8,40.0,unclassified/community/low-value — content-farm risk
SatelliteObservation,https://www.satobs.org/rss.xml,satobs.org,General,8,40.0,dead/unreachable feed
Defense News Space,https://www.defensenews.com/rss/space/,defensenews.com,General,8,40.0,dead/unreachable feed
C4ISRNET Space,https://www.c4isrnet.com/rss/space/,c4isrnet.com,General,8,40.0,dead/unreachable feed
Police1 911 Tech,https://www.police1.com/rss/topics/911-technology/,police1.com,Cybersecurity,4,74.0,dead/unreachable feed
Communications Daily,https://www.communicationsdaily.com/rss,communicationsdaily.com,Cybersecurity,4,74.0,dead/unreachable feed
FTI Consulting Telecom,https://www.fticonsulting.com/insights/rss,fticonsulting.com,Cybersecurity,4,74.0,dead/unreachable feed
FTC News,https://www.ftc.gov/rss.xml,ftc.gov,Cybersecurity,4,74.0,dead/unreachable feed
The Daily Beast Media,https://feeds.thedailybeast.com/rss/articles/media,feeds.thedailybeast.com,Cybersecurity,4,74.0,dead/unreachable feed
Wall Street Journal - Tech,https://wsj.com/xml/rss/3_7455.xml,wsj.com,General,8,40.0,unclassified/community/low-value — content-farm risk
Wall Street Journal - US News,https://wsj.com/xml/rss/3_7085.xml,wsj.com,General,8,40.0,unclassified/community/low-value — content-farm risk
Wall Street Journal - Markets,https://feeds.a.dj.com/rss/RSSMarketsMain.xml,feeds.a.dj.com,General,8,40.0,unclassified/community/low-value — content-farm risk
Wall Street Journal - Politics,https://wsj.com/xml/rss/3_7036.xml,wsj.com,General,8,40.0,unclassified/community/low-value — content-farm risk
BuzzFeed News,https://www.buzzfeed.com/index.xml,buzzfeed.com,General,8,40.0,unclassified/community/low-value — content-farm risk
BuzzFeed Tech,https://www.buzzfeed.com/tech.xml,buzzfeed.com,General,8,40.0,unclassified/community/low-value — content-farm risk
Motherboard Vice Tech,https://www.vice.com/en/rss,vice.com,General,8,40.0,unclassified/community/low-value — content-farm risk
Consumer Reports,https://www.consumerreports.org/media-room/feed/,consumerreports.org,General,8,40.0,unclassified/community/low-value — content-farm risk
CFPB News,https://www.consumerfinance.gov/about-us/newsroom/feed/,consumerfinance.gov,General,8,40.0,unclassified/community/low-value — content-farm risk
CFPB Blog,https://www.consumerfinance.gov/about-us/blog/feed/,consumerfinance.gov,General,8,40.0,unclassified/community/low-value — content-farm risk
FEMA News,https://www.fema.gov/rss/news-releases.rss,fema.gov,General,8,40.0,dead/unreachable feed
FEMA Alerts,https://www.fema.gov/rss/alerts.rss,fema.gov,General,8,40.0,dead/unreachable feed
NWS News,https://www.weather.gov/rss/news.php,weather.gov,General,8,40.0,unclassified/community/low-value — content-farm risk
NOAA News,https://www.noaa.gov/news-features/rss,noaa.gov,General,8,40.0,dead/unreachable feed
