source_name,rss_url,domain,category,tier,tier_label,authority,reachability,already_in_docuaction,reason
Telecom Reseller,https://telecomreseller.com/feed/,telecomreseller.com,Telecom Trade,3,Tier 3 Telecom/Broadband/Wireless Trade,82,blocked,False,feed blocks bots (verify active)
SDxCentral,https://www.sdxcentral.com/feed/,sdxcentral.com,Telecom Trade,3,Tier 3 Telecom/Broadband/Wireless Trade,82,blocked,False,feed blocks bots (verify active)
Inside Radio,https://www.insideradio.com/rss.xml,insideradio.com,Broadcast/Radio,5,Tier 5 Broadcast News Websites,72,blocked,False,feed blocks bots (verify active)
AP News Technology,https://rsshub.app/apnews/topics/technology,rsshub.app,Major News/Wire,2,Tier 2 National Media,92,blocked,False,feed blocks bots (verify active)
AP News Politics,https://rsshub.app/apnews/topics/politics,rsshub.app,Major News/Wire,2,Tier 2 National Media,92,blocked,False,feed blocks bots (verify active)
Cyber Defense Magazine,https://www.cyberdefensemagazine.com/feed/,cyberdefensemagazine.com,Cybersecurity,4,Tier 4 Technology Publications,74,blocked,False,feed blocks bots (verify active)
IEEE Spectrum,https://spectrum.ieee.org/feeds/feed.rss,spectrum.ieee.org,General,8,Tier 8 Unknown/Low Value,40,active,False,regional/unknown tier — manual review; authority below medium
MIT Tech Review,https://www.technologyreview.com/feed/,technologyreview.com,General,8,Tier 8 Unknown/Low Value,40,active,False,regional/unknown tier — manual review; authority below medium
Tech Policy Press,https://techpolicy.press/feed/,techpolicy.press,General,8,Tier 8 Unknown/Low Value,40,active,False,regional/unknown tier — manual review; authority below medium
Pew Research Tech,https://www.pewresearch.org/feed/,pewresearch.org,General,8,Tier 8 Unknown/Low Value,40,active,False,regional/unknown tier — manual review; authority below medium
Government Executive,https://www.govexec.com/rss/all/,govexec.com,General,8,Tier 8 Unknown/Low Value,40,active,False,regional/unknown tier — manual review; authority below medium
Defense One Tech,https://www.defenseone.com/rss/technology/,defenseone.com,General,8,Tier 8 Unknown/Low Value,40,active,False,regional/unknown tier — manual review; authority below medium
Inside Cybersecurity,https://insidecybersecurity.com/rss.xml,insidecybersecurity.com,General,8,Tier 8 Unknown/Low Value,40,active,False,regional/unknown tier — manual review; authority below medium
Access Intelligence,https://www.accessintel.com/feed/,accessintel.com,General,8,Tier 8 Unknown/Low Value,40,blocked,False,regional/unknown tier — manual review; feed blocks bots (verify active); authority below medium
CircleID,https://www.circleid.com/rss/posts/,circleid.com,General,8,Tier 8 Unknown/Low Value,40,active,False,regional/unknown tier — manual review; authority below medium
Multichannel Merchant,https://multichannelmerchant.com/feed/,multichannelmerchant.com,General,8,Tier 8 Unknown/Low Value,40,active,False,regional/unknown tier — manual review; authority below medium
Broadband Communities,https://www.bbcmag.com/rss/,bbcmag.com,General,8,Tier 8 Unknown/Low Value,40,active,False,regional/unknown tier — manual review; authority below medium
ISP Review UK,https://www.ispreview.co.uk/index.php/feed,ispreview.co.uk,General,8,Tier 8 Unknown/Low Value,40,active,False,regional/unknown tier — manual review; authority below medium
Telecom Asia,https://www.telecomasia.net/rss.xml,telecomasia.net,General,8,Tier 8 Unknown/Low Value,40,blocked,False,regional/unknown tier — manual review; feed blocks bots (verify active); authority below medium
Telecom Lead,https://www.telecomlead.com/feed,telecomlead.com,General,8,Tier 8 Unknown/Low Value,40,blocked,False,regional/unknown tier — manual review; feed blocks bots (verify active); authority below medium
Enterprise Networking Planet,https://www.enterprisenetworkingplanet.com/feed/,enterprisenetworkingplanet.com,General,8,Tier 8 Unknown/Low Value,40,active,False,regional/unknown tier — manual review; authority below medium
Data Center Knowledge,https://www.datacenterknowledge.com/rss.xml,datacenterknowledge.com,General,8,Tier 8 Unknown/Low Value,40,active,False,regional/unknown tier — manual review; authority below medium
Fierce Healthcare IT,https://www.fiercehealthcare.com/rss/xml,fiercehealthcare.com,General,8,Tier 8 Unknown/Low Value,40,active,False,regional/unknown tier — manual review; authority below medium
Fierce Education,https://www.fierceeducation.com/rss/xml,fierceeducation.com,General,8,Tier 8 Unknown/Low Value,40,blocked,False,regional/unknown tier — manual review; feed blocks bots (verify active); authority below medium
E-Commerce Times,https://www.ecommercetimes.com/rss-feed/,ecommercetimes.com,General,8,Tier 8 Unknown/Low Value,40,blocked,False,regional/unknown tier — manual review; feed blocks bots (verify active); authority below medium
LinuxInsider,https://linuxinsider.com/rss-feed/,linuxinsider.com,General,8,Tier 8 Unknown/Low Value,40,blocked,False,regional/unknown tier — manual review; feed blocks bots (verify active); authority below medium
TechNewsWorld,https://www.technewsworld.com/rss-feed/,technewsworld.com,General,8,Tier 8 Unknown/Low Value,40,blocked,False,regional/unknown tier — manual review; feed blocks bots (verify active); authority below medium
Tech Republic,https://www.techrepublic.com/rssfeeds/articles/,techrepublic.com,General,8,Tier 8 Unknown/Low Value,40,active,False,regional/unknown tier — manual review; authority below medium
InformationWeek,https://www.informationweek.com/rss_simple.asp,informationweek.com,General,8,Tier 8 Unknown/Low Value,40,blocked,False,regional/unknown tier — manual review; feed blocks bots (verify active); authority below medium
ZD Net UK,https://www.zdnet.com/topic/networking/rss.xml,zdnet.com,General,8,Tier 8 Unknown/Low Value,40,active,False,regional/unknown tier — manual review; authority below medium
The Register,https://www.theregister.com/headlines.atom,theregister.com,General,8,Tier 8 Unknown/Low Value,40,active,False,regional/unknown tier — manual review; authority below medium
Ars UK,https://arstechnica.co.uk/feed/,arstechnica.co.uk,General,8,Tier 8 Unknown/Low Value,40,active,False,regional/unknown tier — manual review; authority below medium
Hot Hardware,https://hothardware.com/rss/news.aspx,hothardware.com,General,8,Tier 8 Unknown/Low Value,40,active,False,regional/unknown tier — manual review; authority below medium
Extreme Tech,https://www.extremetech.com/feed,extremetech.com,General,8,Tier 8 Unknown/Low Value,40,blocked,False,regional/unknown tier — manual review; feed blocks bots (verify active); authority below medium
Bleeping Computer,https://www.bleepingcomputer.com/feed/,bleepingcomputer.com,General,8,Tier 8 Unknown/Low Value,40,active,False,regional/unknown tier — manual review; authority below medium
Krebs on Security,https://krebsonsecurity.com/feed/,krebsonsecurity.com,General,8,Tier 8 Unknown/Low Value,40,active,False,regional/unknown tier — manual review; authority below medium
Threatpost,https://threatpost.com/feed/,threatpost.com,General,8,Tier 8 Unknown/Low Value,40,active,False,regional/unknown tier — manual review; authority below medium
The Record,https://therecord.media/feed,therecord.media,General,8,Tier 8 Unknown/Low Value,40,active,False,regional/unknown tier — manual review; authority below medium
CyberWire,https://thecyberwire.com/feeds/rss.xml,thecyberwire.com,General,8,Tier 8 Unknown/Low Value,40,active,False,regional/unknown tier — manual review; authority below medium
Lawfare,https://www.lawfaremedia.org/feed,lawfaremedia.org,General,8,Tier 8 Unknown/Low Value,40,blocked,False,regional/unknown tier — manual review; feed blocks bots (verify active); authority below medium
Above the Law,https://abovethelaw.com/feed/,abovethelaw.com,General,8,Tier 8 Unknown/Low Value,40,active,False,regional/unknown tier — manual review; authority below medium
JD Supra FCC,https://www.jdsupra.com/topics/fcc/rss/,jdsupra.com,General,8,Tier 8 Unknown/Low Value,40,active,False,regional/unknown tier — manual review; authority below medium
Lexology Telecom,https://www.lexology.com/rss/latest?topic=telecom,lexology.com,General,8,Tier 8 Unknown/Low Value,40,blocked,False,regional/unknown tier — manual review; feed blocks bots (verify active); authority below medium
Inside Privacy,https://www.insideprivacy.com/feed/,insideprivacy.com,General,8,Tier 8 Unknown/Low Value,40,active,False,regional/unknown tier — manual review; authority below medium
Future of Privacy Forum,https://fpf.org/feed/,fpf.org,General,8,Tier 8 Unknown/Low Value,40,active,False,regional/unknown tier — manual review; authority below medium
CDT,https://cdt.org/feed/,cdt.org,General,8,Tier 8 Unknown/Low Value,40,active,False,regional/unknown tier — manual review; authority below medium
Media Alliance,https://www.media-alliance.org/feed/,media-alliance.org,General,8,Tier 8 Unknown/Low Value,40,active,False,regional/unknown tier — manual review; authority below medium
Common Cause,https://www.commoncause.org/feed/,commoncause.org,General,8,Tier 8 Unknown/Low Value,40,active,False,regional/unknown tier — manual review; authority below medium
Consumer Reports Tech,https://www.consumerreports.org/cro/news/index.htm,consumerreports.org,General,8,Tier 8 Unknown/Low Value,40,active,False,regional/unknown tier — manual review; authority below medium
USAC,https://www.usac.org/rss/,usac.org,General,8,Tier 8 Unknown/Low Value,40,active,False,regional/unknown tier — manual review; authority below medium
RUS USDA,https://www.rd.usda.gov/rss/updates,rd.usda.gov,General,8,Tier 8 Unknown/Low Value,40,blocked,False,regional/unknown tier — manual review; feed blocks bots (verify active); authority below medium
Telecom Policy,https://telepolicyblog.wordpress.com/feed/,telepolicyblog.wordpress.com,General,8,Tier 8 Unknown/Low Value,40,active,False,regional/unknown tier — manual review; authority below medium
Technology Liberation Front,https://techliberation.com/feed/,techliberation.com,General,8,Tier 8 Unknown/Low Value,40,active,False,regional/unknown tier — manual review; authority below medium
Truth on the Market,https://truthonthemarket.com/feed/,truthonthemarket.com,General,8,Tier 8 Unknown/Low Value,40,active,False,regional/unknown tier — manual review; authority below medium
Competition Policy Intl,https://www.competitionpolicyinternational.com/feed/,competitionpolicyinternational.com,General,8,Tier 8 Unknown/Low Value,40,active,False,regional/unknown tier — manual review; authority below medium
The Atlantic Tech,https://www.theatlantic.com/feed/channel/technology/,theatlantic.com,General,8,Tier 8 Unknown/Low Value,40,active,False,regional/unknown tier — manual review; authority below medium
Salon Tech,https://www.salon.com/topic/tech/feed,salon.com,General,8,Tier 8 Unknown/Low Value,40,active,False,regional/unknown tier — manual review; authority below medium
Vox Tech,https://www.vox.com/rss/technology/index.xml,vox.com,General,8,Tier 8 Unknown/Low Value,40,active,False,regional/unknown tier — manual review; authority below medium
Medium Tech Policy,https://medium.com/feed/topic/technology,medium.com,General,8,Tier 8 Unknown/Low Value,40,active,False,regional/unknown tier — manual review; authority below medium
Substack Broadband,https://broadbandbreakfast.substack.com/feed,broadbandbreakfast.substack.com,General,8,Tier 8 Unknown/Low Value,40,blocked,False,regional/unknown tier — manual review; feed blocks bots (verify active); authority below medium
Heritage Foundation Tech,https://www.heritage.org/technology/rss,heritage.org,Policy/Legal,3,Tier 3 Telecom/Broadband/Wireless Trade,80,blocked,False,feed blocks bots (verify active)
Mercatus Center Tech,https://www.mercatus.org/rss/technology,mercatus.org,Policy/Legal,3,Tier 3 Telecom/Broadband/Wireless Trade,80,blocked,False,feed blocks bots (verify active)
5G Americas,https://www.5gamericas.org/feed/,5gamericas.org,Major News/Wire,2,Tier 2 National Media,92,blocked,False,feed blocks bots (verify active)
AI Policy Weekly,https://aipolicyweekly.substack.com/feed,aipolicyweekly.substack.com,AI/ML,4,Tier 4 Technology Publications,76,blocked,False,feed blocks bots (verify active)
Government AI,https://www.govloop.com/topic/artificial-intelligence/feed/,govloop.com,AI/ML,4,Tier 4 Technology Publications,76,blocked,False,feed blocks bots (verify active)
The Information,https://www.theinformation.com/feed,theinformation.com,Policy/Legal,3,Tier 3 Telecom/Broadband/Wireless Trade,80,blocked,False,feed blocks bots (verify active)
RadioInfo,https://www.radioinfo.com.au/rss.xml,radioinfo.com.au,Broadcast/Radio,5,Tier 5 Broadcast News Websites,72,blocked,False,feed blocks bots (verify active)
Ericsson Blog,https://www.ericsson.com/en/blog/rss,ericsson.com,Major News/Wire,2,Tier 2 National Media,92,blocked,False,feed blocks bots (verify active)
T-Mobile Newsroom,https://www.t-mobile.com/news/rss.xml,t-mobile.com,Major News/Wire,2,Tier 2 National Media,92,blocked,False,feed blocks bots (verify active)
AT&T Newsroom,https://about.att.com/innovation/rss,about.att.com,Major News/Wire,2,Tier 2 National Media,92,blocked,False,feed blocks bots (verify active)
NATE Tower Association,https://www.natehome.com/feed/,natehome.com,Major News/Wire,2,Tier 2 National Media,92,blocked,False,feed blocks bots (verify active)
AP - Science Tech,https://rsshub.app/apnews/topics/science,rsshub.app,Major News/Wire,2,Tier 2 National Media,92,blocked,False,feed blocks bots (verify active)
Chicago Tribune,https://www.chicagotribune.com/feed/,chicagotribune.com,General,8,Tier 8 Unknown/Low Value,40,blocked,False,regional/unknown tier — manual review; feed blocks bots (verify active); authority below medium
Los Angeles Times,https://www.latimes.com/local/rss2.0.xml,latimes.com,General,8,Tier 8 Unknown/Low Value,40,active,False,regional/unknown tier — manual review; authority below medium
USA Today (Top Stories),https://rssfeeds.usatoday.com/usatoday-NewsTopStories,rssfeeds.usatoday.com,General,8,Tier 8 Unknown/Low Value,40,active,False,regional/unknown tier — manual review; authority below medium
Baltimore Sun,https://www.baltimoresun.com/arcio/rss/,baltimoresun.com,General,8,Tier 8 Unknown/Low Value,40,blocked,False,regional/unknown tier — manual review; feed blocks bots (verify active); authority below medium
Boston Herald,https://www.bostonherald.com/feed/,bostonherald.com,General,8,Tier 8 Unknown/Low Value,40,blocked,False,regional/unknown tier — manual review; feed blocks bots (verify active); authority below medium
Chicago Sun-Times,https://chicago.suntimes.com/rss/index.xml,chicago.suntimes.com,General,8,Tier 8 Unknown/Low Value,40,active,False,regional/unknown tier — manual review; authority below medium
Cleveland Plain Dealer,https://www.cleveland.com/arc/outboundfeeds/rss/,cleveland.com,General,8,Tier 8 Unknown/Low Value,40,active,False,regional/unknown tier — manual review; authority below medium
Minneapolis Star Tribune,https://www.startribune.com/local/rss,startribune.com,General,8,Tier 8 Unknown/Low Value,40,blocked,False,regional/unknown tier — manual review; feed blocks bots (verify active); authority below medium
NY Daily News,https://www.nydailynews.com/arc/outboundfeeds/rss/,nydailynews.com,General,8,Tier 8 Unknown/Low Value,40,blocked,False,regional/unknown tier — manual review; feed blocks bots (verify active); authority below medium
New York Post,https://nypost.com/feed/,nypost.com,General,8,Tier 8 Unknown/Low Value,40,active,False,regional/unknown tier — manual review; authority below medium
NJ.com,https://www.nj.com/arc/outboundfeeds/rss/,nj.com,General,8,Tier 8 Unknown/Low Value,40,active,False,regional/unknown tier — manual review; authority below medium
Oregonian,https://www.oregonlive.com/arc/outboundfeeds/rss/,oregonlive.com,General,8,Tier 8 Unknown/Low Value,40,active,False,regional/unknown tier — manual review; authority below medium
Pittsburgh Post-Gazette,https://www.post-gazette.com/rss/homepage,post-gazette.com,General,8,Tier 8 Unknown/Low Value,40,active,False,regional/unknown tier — manual review; authority below medium
San Jose Mercury News,https://www.mercurynews.com/arc/outboundfeeds/rss/,mercurynews.com,General,8,Tier 8 Unknown/Low Value,40,blocked,False,regional/unknown tier — manual review; feed blocks bots (verify active); authority below medium
Seattle Times,https://www.seattletimes.com/feed/,seattletimes.com,General,8,Tier 8 Unknown/Low Value,40,active,False,regional/unknown tier — manual review; authority below medium
Washington Times,https://www.washingtontimes.com/rss/headlines/news/,washingtontimes.com,General,8,Tier 8 Unknown/Low Value,40,active,False,regional/unknown tier — manual review; authority below medium
Economist Tech,https://www.economist.com/technology/rss.xml,economist.com,General,8,Tier 8 Unknown/Low Value,40,blocked,False,regional/unknown tier — manual review; feed blocks bots (verify active); authority below medium
Fierce Cable,https://www.fiercecable.com/rss/xml,fiercecable.com,General,8,Tier 8 Unknown/Low Value,40,blocked,False,regional/unknown tier — manual review; feed blocks bots (verify active); authority below medium
Fierce Telecom,https://www.fiercetelecom.com/rss/xml,fiercetelecom.com,General,8,Tier 8 Unknown/Low Value,40,blocked,False,regional/unknown tier — manual review; feed blocks bots (verify active); authority below medium
Hollywood Reporter,https://www.hollywoodreporter.com/feed/,hollywoodreporter.com,General,8,Tier 8 Unknown/Low Value,40,active,False,regional/unknown tier — manual review; authority below medium
Roll Call,https://rollcall.com/feed/,rollcall.com,General,8,Tier 8 Unknown/Low Value,40,active,False,regional/unknown tier — manual review; authority below medium
The Wrap,https://www.thewrap.com/feed/,thewrap.com,General,8,Tier 8 Unknown/Low Value,40,active,False,regional/unknown tier — manual review; authority below medium
Fast Company,https://www.fastcompany.com/latest/rss?x=1,fastcompany.com,General,8,Tier 8 Unknown/Low Value,40,active,False,regional/unknown tier — manual review; authority below medium
Democracy Now,https://www.democracynow.org/democracynow.rss,democracynow.org,General,8,Tier 8 Unknown/Low Value,40,active,False,regional/unknown tier — manual review; authority below medium
DSLReports,https://www.dslreports.com/rss,dslreports.com,General,8,Tier 8 Unknown/Low Value,40,other,False,regional/unknown tier — manual review; authority below medium
AL - Anniston Star,https://www.annistonstar.com/search/?f=rss&t=article&l=50&s=start_time&sd=desc,annistonstar.com,Regional,6,Tier 6 Regional Newspapers,50,blocked,False,regional/unknown tier — manual review; feed blocks bots (verify active); authority below medium
AL - Decatur Daily,https://www.decaturdaily.com/search/?f=rss&t=article&l=50&s=start_time&sd=desc,decaturdaily.com,Regional,6,Tier 6 Regional Newspapers,50,active,False,regional/unknown tier — manual review; authority below medium
AL - Dothan Eagle,https://www.dothaneagle.com/search/?f=rss&t=article&l=50&s=start_time&sd=desc,dothaneagle.com,Regional,6,Tier 6 Regional Newspapers,50,blocked,False,regional/unknown tier — manual review; feed blocks bots (verify active); authority below medium
AL - Gadsden Times,https://www.gadsdentimes.com/search/?f=rss&t=article&l=50&s=start_time&sd=desc,gadsdentimes.com,Regional,6,Tier 6 Regional Newspapers,50,blocked,False,regional/unknown tier — manual review; feed blocks bots (verify active); authority below medium
AL - Florence Times Daily,https://www.timesdaily.com/search/?f=rss&t=article&l=50&s=start_time&sd=desc,timesdaily.com,Regional,6,Tier 6 Regional Newspapers,50,active,False,regional/unknown tier — manual review; authority below medium
AK - Fairbanks Daily News-Miner,https://www.newsminer.com/search/?f=rss&t=article&l=50&s=start_time&sd=desc,newsminer.com,Regional,6,Tier 6 Regional Newspapers,50,active,False,regional/unknown tier — manual review; authority below medium
AK - Kodiak Daily Mirror,https://www.kodiakdailymirror.com/search/?f=rss&t=article&l=50,kodiakdailymirror.com,Regional,6,Tier 6 Regional Newspapers,50,blocked,False,regional/unknown tier — manual review; feed blocks bots (verify active); authority below medium
AZ - Arizona Daily Star,https://tucson.com/search/?f=rss&t=article&l=50&s=start_time&sd=desc,tucson.com,Regional,6,Tier 6 Regional Newspapers,50,active,False,regional/unknown tier — manual review; authority below medium
AZ - Arizona Daily Sun,https://azdailysun.com/search/?f=rss&t=article&l=50,azdailysun.com,Regional,6,Tier 6 Regional Newspapers,50,blocked,False,regional/unknown tier — manual review; feed blocks bots (verify active); authority below medium
AZ - Yuma Sun,https://www.yumasun.com/search/?f=rss&t=article&l=50,yumasun.com,Regional,6,Tier 6 Regional Newspapers,50,blocked,False,regional/unknown tier — manual review; feed blocks bots (verify active); authority below medium
AZ - Casa Grande Dispatch,https://www.pinalcentral.com/search/?f=rss&t=article&l=50,pinalcentral.com,Regional,6,Tier 6 Regional Newspapers,50,blocked,False,regional/unknown tier — manual review; feed blocks bots (verify active); authority below medium
AZ - Arizona Capitol Times,https://azcapitoltimes.com/feed/,azcapitoltimes.com,Regional,6,Tier 6 Regional Newspapers,50,active,False,regional/unknown tier — manual review; authority below medium
AR - Jonesboro Sun,https://www.jonesborosun.com/search/?f=rss&t=article&l=50,jonesborosun.com,Regional,6,Tier 6 Regional Newspapers,50,active,False,regional/unknown tier — manual review; authority below medium
AR - Arkansas Times,https://arktimes.com/feed/,arktimes.com,Regional,6,Tier 6 Regional Newspapers,50,blocked,False,regional/unknown tier — manual review; feed blocks bots (verify active); authority below medium
AR - El Dorado News-Times,https://www.eldoradonews.com/search/?f=rss&t=article&l=50,eldoradonews.com,Regional,6,Tier 6 Regional Newspapers,50,active,False,regional/unknown tier — manual review; authority below medium
AR - Fort Smith Times Record,https://www.swtimes.com/search/?f=rss&t=article&l=50,swtimes.com,Regional,6,Tier 6 Regional Newspapers,50,blocked,False,regional/unknown tier — manual review; feed blocks bots (verify active); authority below medium
AR - Pine Bluff Commercial,https://www.pbcommercial.com/search/?f=rss&t=article&l=50,pbcommercial.com,Regional,6,Tier 6 Regional Newspapers,50,active,False,regional/unknown tier — manual review; authority below medium
CA - Los Angeles Times,https://www.latimes.com/rss2.0.xml,latimes.com,Regional,6,Tier 6 Regional Newspapers,50,active,False,regional/unknown tier — manual review; authority below medium
CA - San Jose Mercury News,https://www.mercurynews.com/feed/,mercurynews.com,Regional,6,Tier 6 Regional Newspapers,50,blocked,False,regional/unknown tier — manual review; feed blocks bots (verify active); authority below medium
CA - San Diego Union-Tribune,https://www.sandiegouniontribune.com/rss/,sandiegouniontribune.com,Regional,6,Tier 6 Regional Newspapers,50,blocked,False,regional/unknown tier — manual review; feed blocks bots (verify active); authority below medium
CA - Orange County Register,https://www.ocregister.com/feed/,ocregister.com,Regional,6,Tier 6 Regional Newspapers,50,blocked,False,regional/unknown tier — manual review; feed blocks bots (verify active); authority below medium
CA - Long Beach Press-Telegram,https://www.presstelegram.com/feed/,presstelegram.com,Regional,6,Tier 6 Regional Newspapers,50,blocked,False,regional/unknown tier — manual review; feed blocks bots (verify active); authority below medium
CA - San Bernardino Sun,https://www.sbsun.com/feed/,sbsun.com,Regional,6,Tier 6 Regional Newspapers,50,blocked,False,regional/unknown tier — manual review; feed blocks bots (verify active); authority below medium
CA - Pasadena Star-News,https://www.pasadenastarnews.com/feed/,pasadenastarnews.com,Regional,6,Tier 6 Regional Newspapers,50,blocked,False,regional/unknown tier — manual review; feed blocks bots (verify active); authority below medium
CA - Bakersfield Californian,https://www.bakersfield.com/search/?f=rss&t=article&l=50,bakersfield.com,Regional,6,Tier 6 Regional Newspapers,50,blocked,False,regional/unknown tier — manual review; feed blocks bots (verify active); authority below medium
CA - Santa Cruz Sentinel,https://www.santacruzsentinel.com/feed/,santacruzsentinel.com,Regional,6,Tier 6 Regional Newspapers,50,blocked,False,regional/unknown tier — manual review; feed blocks bots (verify active); authority below medium
CA - Monterey Herald,https://www.montereyherald.com/feed/,montereyherald.com,Regional,6,Tier 6 Regional Newspapers,50,blocked,False,regional/unknown tier — manual review; feed blocks bots (verify active); authority below medium
CA - Daily Breeze,https://www.dailybreeze.com/feed/,dailybreeze.com,Regional,6,Tier 6 Regional Newspapers,50,blocked,False,regional/unknown tier — manual review; feed blocks bots (verify active); authority below medium
CA - San Gabriel Valley Tribune,https://www.sgvtribune.com/feed/,sgvtribune.com,Regional,6,Tier 6 Regional Newspapers,50,blocked,False,regional/unknown tier — manual review; feed blocks bots (verify active); authority below medium
CA - Daily Bulletin Ontario,https://www.dailybulletin.com/feed/,dailybulletin.com,Regional,6,Tier 6 Regional Newspapers,50,blocked,False,regional/unknown tier — manual review; feed blocks bots (verify active); authority below medium
CA - Whittier Daily News,https://www.whittierdailynews.com/feed/,whittierdailynews.com,Regional,6,Tier 6 Regional Newspapers,50,blocked,False,regional/unknown tier — manual review; feed blocks bots (verify active); authority below medium
CA - San Mateo Daily Journal,https://www.smdailyjournal.com/search/?f=rss,smdailyjournal.com,Regional,6,Tier 6 Regional Newspapers,50,blocked,False,regional/unknown tier — manual review; feed blocks bots (verify active); authority below medium
CA - Chico Enterprise-Record,https://www.chicoer.com/feed/,chicoer.com,Regional,6,Tier 6 Regional Newspapers,50,blocked,False,regional/unknown tier — manual review; feed blocks bots (verify active); authority below medium
CA - Lodi News-Sentinel,https://www.lodinews.com/search/?f=rss,lodinews.com,Regional,6,Tier 6 Regional Newspapers,50,blocked,False,regional/unknown tier — manual review; feed blocks bots (verify active); authority below medium
CA - Ukiah Daily Journal,https://www.ukiahdailyjournal.com/feed/,ukiahdailyjournal.com,Regional,6,Tier 6 Regional Newspapers,50,blocked,False,regional/unknown tier — manual review; feed blocks bots (verify active); authority below medium
CA - Times of San Diego,https://timesofsandiego.com/feed/,timesofsandiego.com,Regional,6,Tier 6 Regional Newspapers,50,active,False,regional/unknown tier — manual review; authority below medium
CA - LA Daily News,https://www.dailynews.com/feed/,dailynews.com,Regional,6,Tier 6 Regional Newspapers,50,blocked,False,regional/unknown tier — manual review; feed blocks bots (verify active); authority below medium
CO - Denver Post,https://www.denverpost.com/feed/,denverpost.com,Regional,6,Tier 6 Regional Newspapers,50,blocked,False,regional/unknown tier — manual review; feed blocks bots (verify active); authority below medium
CO - Colorado Springs Gazette,https://gazette.com/search/?f=rss&t=article&l=50,gazette.com,Regional,6,Tier 6 Regional Newspapers,50,active,False,regional/unknown tier — manual review; authority below medium
CO - Boulder Daily Camera,https://www.dailycamera.com/feed/,dailycamera.com,Regional,6,Tier 6 Regional Newspapers,50,blocked,False,regional/unknown tier — manual review; feed blocks bots (verify active); authority below medium
CO - Pueblo Chieftain,https://www.chieftain.com/search/?f=rss&t=article&l=50,chieftain.com,Regional,6,Tier 6 Regional Newspapers,50,blocked,False,regional/unknown tier — manual review; feed blocks bots (verify active); authority below medium
CO - Greeley Tribune,https://www.greeleytribune.com/feed/,greeleytribune.com,Regional,6,Tier 6 Regional Newspapers,50,blocked,False,regional/unknown tier — manual review; feed blocks bots (verify active); authority below medium
CO - Grand Junction Sentinel,https://www.gjsentinel.com/search/?f=rss&t=article&l=50,gjsentinel.com,Regional,6,Tier 6 Regional Newspapers,50,blocked,False,regional/unknown tier — manual review; feed blocks bots (verify active); authority below medium
CO - Durango Herald,https://durangoherald.com/feed/,durangoherald.com,Regional,6,Tier 6 Regional Newspapers,50,active,False,regional/unknown tier — manual review; authority below medium
CO - Aspen Times,https://www.aspentimes.com/feed/,aspentimes.com,Regional,6,Tier 6 Regional Newspapers,50,active,False,regional/unknown tier — manual review; authority below medium
CO - Vail Daily,https://www.vaildaily.com/feed/,vaildaily.com,Regional,6,Tier 6 Regional Newspapers,50,active,False,regional/unknown tier — manual review; authority below medium
CO - Denver Business Journal,https://www.bizjournals.com/denver/feed/latest/,bizjournals.com,Regional,6,Tier 6 Regional Newspapers,50,blocked,False,regional/unknown tier — manual review; feed blocks bots (verify active); authority below medium
CT - Hartford Courant,https://www.courant.com/arcio/rss/,courant.com,Regional,6,Tier 6 Regional Newspapers,50,blocked,False,regional/unknown tier — manual review; feed blocks bots (verify active); authority below medium
CT - Waterbury Republican-Am,https://www.rep-am.com/feed/,rep-am.com,Regional,6,Tier 6 Regional Newspapers,50,active,False,regional/unknown tier — manual review; authority below medium
FL - Orlando Sentinel,https://www.orlandosentinel.com/arcio/rss/,orlandosentinel.com,Regional,6,Tier 6 Regional Newspapers,50,blocked,False,regional/unknown tier — manual review; feed blocks bots (verify active); authority below medium
FL - South Florida Sun-Sentinel,https://www.sun-sentinel.com/arcio/rss/,sun-sentinel.com,Regional,6,Tier 6 Regional Newspapers,50,blocked,False,regional/unknown tier — manual review; feed blocks bots (verify active); authority below medium
FL - Key West Citizen,https://www.keysnews.com/search/?f=rss&t=article&l=50,keysnews.com,Regional,6,Tier 6 Regional Newspapers,50,active,False,regional/unknown tier — manual review; authority below medium
FL - Panama City News Herald,https://www.newsherald.com/search/?f=rss&t=article&l=50,newsherald.com,Regional,6,Tier 6 Regional Newspapers,50,blocked,False,regional/unknown tier — manual review; feed blocks bots (verify active); authority below medium
FL - Miami New Times,https://www.miaminewtimes.com/feed/,miaminewtimes.com,Regional,6,Tier 6 Regional Newspapers,50,active,False,regional/unknown tier — manual review; authority below medium
FL - Tampa Bay Business Journal,https://www.bizjournals.com/tampabay/feed/latest/,bizjournals.com,Regional,6,Tier 6 Regional Newspapers,50,blocked,False,regional/unknown tier — manual review; feed blocks bots (verify active); authority below medium
FL - South Florida Business Jrnl,https://www.bizjournals.com/southflorida/feed/latest/,bizjournals.com,Regional,6,Tier 6 Regional Newspapers,50,blocked,False,regional/unknown tier — manual review; feed blocks bots (verify active); authority below medium
FL - Jacksonville Business Jrnl,https://www.bizjournals.com/jacksonville/feed/latest/,bizjournals.com,Regional,6,Tier 6 Regional Newspapers,50,blocked,False,regional/unknown tier — manual review; feed blocks bots (verify active); authority below medium
FL - Orlando Business Journal,https://www.bizjournals.com/orlando/feed/latest/,bizjournals.com,Regional,6,Tier 6 Regional Newspapers,50,blocked,False,regional/unknown tier — manual review; feed blocks bots (verify active); authority below medium
GA - Rome News-Tribune,https://www.northwestgeorgianews.com/romenews/search/?f=rss,northwestgeorgianews.com,Regional,6,Tier 6 Regional Newspapers,50,blocked,False,regional/unknown tier — manual review; feed blocks bots (verify active); authority below medium
GA - Brunswick News,https://thebrunswicknews.com/search/?f=rss&t=article&l=50,thebrunswicknews.com,Regional,6,Tier 6 Regional Newspapers,50,blocked,False,regional/unknown tier — manual review; feed blocks bots (verify active); authority below medium
GA - Atlanta Business Chronicle,https://www.bizjournals.com/atlanta/feed/latest/,bizjournals.com,Regional,6,Tier 6 Regional Newspapers,50,blocked,False,regional/unknown tier — manual review; feed blocks bots (verify active); authority below medium
HI - Honolulu Star-Advertiser,https://www.staradvertiser.com/feed/,staradvertiser.com,Regional,6,Tier 6 Regional Newspapers,50,active,False,regional/unknown tier — manual review; authority below medium
HI - Hawaii Tribune-Herald,https://www.hawaiitribune-herald.com/feed/,hawaiitribune-herald.com,Regional,6,Tier 6 Regional Newspapers,50,active,False,regional/unknown tier — manual review; authority below medium
HI - West Hawaii Today,https://www.westhawaiitoday.com/feed/,westhawaiitoday.com,Regional,6,Tier 6 Regional Newspapers,50,active,False,regional/unknown tier — manual review; authority below medium
HI - Garden Island (Kauai),https://www.thegardenisland.com/feed/,thegardenisland.com,Regional,6,Tier 6 Regional Newspapers,50,active,False,regional/unknown tier — manual review; authority below medium
HI - Civil Beat,https://www.civilbeat.org/feed/,civilbeat.org,Regional,6,Tier 6 Regional Newspapers,50,active,False,regional/unknown tier — manual review; authority below medium
ID - Idaho Press-Tribune,https://www.idahopress.com/search/?f=rss&t=article&l=50,idahopress.com,Regional,6,Tier 6 Regional Newspapers,50,blocked,False,regional/unknown tier — manual review; feed blocks bots (verify active); authority below medium
ID - Post Register,https://www.postregister.com/search/?f=rss&t=article&l=50,postregister.com,Regional,6,Tier 6 Regional Newspapers,50,blocked,False,regional/unknown tier — manual review; feed blocks bots (verify active); authority below medium
ID - Lewiston Tribune,https://lmtribune.com/search/?f=rss&t=article&l=50,lmtribune.com,Regional,6,Tier 6 Regional Newspapers,50,active,False,regional/unknown tier — manual review; authority below medium
ID - Moscow-Pullman Daily News,https://dnews.com/search/?f=rss&t=article&l=50,dnews.com,Regional,6,Tier 6 Regional Newspapers,50,active,False,regional/unknown tier — manual review; authority below medium
ID - Twin Falls Times-News,https://magicvalley.com/search/?f=rss&t=article&l=50,magicvalley.com,Regional,6,Tier 6 Regional Newspapers,50,blocked,False,regional/unknown tier — manual review; feed blocks bots (verify active); authority below medium
IL - Chicago Tribune,https://www.chicagotribune.com/arcio/rss/,chicagotribune.com,Regional,6,Tier 6 Regional Newspapers,50,blocked,False,regional/unknown tier — manual review; feed blocks bots (verify active); authority below medium
IL - Champaign News-Gazette,https://www.news-gazette.com/search/?f=rss&t=article&l=50,news-gazette.com,Regional,6,Tier 6 Regional Newspapers,50,blocked,False,regional/unknown tier — manual review; feed blocks bots (verify active); authority below medium
IL - Quad-City Times,https://qctimes.com/search/?f=rss&t=article&l=50,qctimes.com,Regional,6,Tier 6 Regional Newspapers,50,blocked,False,regional/unknown tier — manual review; feed blocks bots (verify active); authority below medium
IL - Bloomington Pantagraph,https://pantagraph.com/search/?f=rss&t=article&l=50,pantagraph.com,Regional,6,Tier 6 Regional Newspapers,50,blocked,False,regional/unknown tier — manual review; feed blocks bots (verify active); authority below medium
IL - Decatur Herald & Review,https://herald-review.com/search/?f=rss&t=article&l=50,herald-review.com,Regional,6,Tier 6 Regional Newspapers,50,blocked,False,regional/unknown tier — manual review; feed blocks bots (verify active); authority below medium
IL - Chicago Reporter,https://www.chicagoreporter.com/feed/,chicagoreporter.com,Regional,6,Tier 6 Regional Newspapers,50,active,False,regional/unknown tier — manual review; authority below medium
IN - Fort Wayne Journal Gazette,https://www.journalgazette.net/search/?f=rss&t=article&l=50,journalgazette.net,Regional,6,Tier 6 Regional Newspapers,50,blocked,False,regional/unknown tier — manual review; feed blocks bots (verify active); authority below medium
IN - Fort Wayne News-Sentinel,https://www.news-sentinel.com/search/?f=rss&t=article&l=50,news-sentinel.com,Regional,6,Tier 6 Regional Newspapers,50,blocked,False,regional/unknown tier — manual review; feed blocks bots (verify active); authority below medium
IN - South Bend Tribune,https://www.southbendtribune.com/search/?f=rss&t=article&l=50,southbendtribune.com,Regional,6,Tier 6 Regional Newspapers,50,blocked,False,regional/unknown tier — manual review; feed blocks bots (verify active); authority below medium
IN - Columbus Republic,https://www.therepublic.com/search/?f=rss&t=article&l=50,therepublic.com,Regional,6,Tier 6 Regional Newspapers,50,blocked,False,regional/unknown tier — manual review; feed blocks bots (verify active); authority below medium
IN - Indianapolis Business Jrnl,https://www.bizjournals.com/indianapolis/feed/latest/,bizjournals.com,Regional,6,Tier 6 Regional Newspapers,50,blocked,False,regional/unknown tier — manual review; feed blocks bots (verify active); authority below medium
IA - Sioux City Journal,https://siouxcityjournal.com/search/?f=rss&t=article&l=50,siouxcityjournal.com,Regional,6,Tier 6 Regional Newspapers,50,blocked,False,regional/unknown tier — manual review; feed blocks bots (verify active); authority below medium
IA - Waterloo Cedar Falls Courier,https://wcfcourier.com/search/?f=rss&t=article&l=50,wcfcourier.com,Regional,6,Tier 6 Regional Newspapers,50,active,False,regional/unknown tier — manual review; authority below medium
KS - Salina Journal,https://www.salina.com/search/?f=rss&t=article&l=50,salina.com,Regional,6,Tier 6 Regional Newspapers,50,blocked,False,regional/unknown tier — manual review; feed blocks bots (verify active); authority below medium
KS - Lawrence Journal-World,https://www2.ljworld.com/rss/,www2.ljworld.com,Regional,6,Tier 6 Regional Newspapers,50,active,False,regional/unknown tier — manual review; authority below medium
KS - Manhattan Mercury,https://www.themercury.com/search/?f=rss&t=article&l=50,themercury.com,Regional,6,Tier 6 Regional Newspapers,50,blocked,False,regional/unknown tier — manual review; feed blocks bots (verify active); authority below medium
KS - Hays Daily News,https://www.hdnews.net/search/?f=rss&t=article&l=50,hdnews.net,Regional,6,Tier 6 Regional Newspapers,50,active,False,regional/unknown tier — manual review; authority below medium
KY - Bowling Green Daily News,https://www.bgdailynews.com/search/?f=rss&t=article&l=50,bgdailynews.com,Regional,6,Tier 6 Regional Newspapers,50,active,False,regional/unknown tier — manual review; authority below medium
KY - Owensboro Messenger-Inquirer,https://www.messenger-inquirer.com/search/?f=rss&t=article&l=50,messenger-inquirer.com,Regional,6,Tier 6 Regional Newspapers,50,active,False,regional/unknown tier — manual review; authority below medium
KY - Frankfort State Journal,https://www.state-journal.com/search/?f=rss&t=article&l=50,state-journal.com,Regional,6,Tier 6 Regional Newspapers,50,active,False,regional/unknown tier — manual review; authority below medium
LA - Times-Picayune New Orleans,https://www.nola.com/search/?f=rss&t=article&l=50,nola.com,Regional,6,Tier 6 Regional Newspapers,50,blocked,False,regional/unknown tier — manual review; feed blocks bots (verify active); authority below medium
LA - Baton Rouge Advocate,https://www.theadvocate.com/baton_rouge/rss,theadvocate.com,Regional,6,Tier 6 Regional Newspapers,50,blocked,False,regional/unknown tier — manual review; feed blocks bots (verify active); authority below medium
LA - Lake Charles American Press,https://www.americanpress.com/search/?f=rss&t=article&l=50,americanpress.com,Regional,6,Tier 6 Regional Newspapers,50,active,False,regional/unknown tier — manual review; authority below medium
LA - Houma Courier,https://www.houmatoday.com/search/?f=rss&t=article&l=50,houmatoday.com,Regional,6,Tier 6 Regional Newspapers,50,blocked,False,regional/unknown tier — manual review; feed blocks bots (verify active); authority below medium
LA - New Orleans Business Jrnl,https://www.bizjournals.com/neworleans/feed/latest/,bizjournals.com,Regional,6,Tier 6 Regional Newspapers,50,blocked,False,regional/unknown tier — manual review; feed blocks bots (verify active); authority below medium
ME - Portland Press Herald,https://www.pressherald.com/feed/,pressherald.com,Regional,6,Tier 6 Regional Newspapers,50,active,False,regional/unknown tier — manual review; authority below medium
ME - Bangor Daily News,https://bangordailynews.com/feed/,bangordailynews.com,Regional,6,Tier 6 Regional Newspapers,50,active,False,regional/unknown tier — manual review; authority below medium
ME - Kennebec Journal,https://www.centralmaine.com/feed/,centralmaine.com,Regional,6,Tier 6 Regional Newspapers,50,active,False,regional/unknown tier — manual review; authority below medium
ME - Lewiston Sun Journal,https://www.sunjournal.com/feed/,sunjournal.com,Regional,6,Tier 6 Regional Newspapers,50,active,False,regional/unknown tier — manual review; authority below medium
MD - Capital Gazette Annapolis,https://www.capitalgazette.com/arcio/rss/,capitalgazette.com,Regional,6,Tier 6 Regional Newspapers,50,blocked,False,regional/unknown tier — manual review; feed blocks bots (verify active); authority below medium
MD - Frederick News-Post,https://www.fredericknewspost.com/search/?f=rss&t=article&l=50,fredericknewspost.com,Regional,6,Tier 6 Regional Newspapers,50,blocked,False,regional/unknown tier — manual review; feed blocks bots (verify active); authority below medium
MD - Hagerstown Herald-Mail,https://www.heraldmailmedia.com/search/?f=rss&t=article&l=50,heraldmailmedia.com,Regional,6,Tier 6 Regional Newspapers,50,blocked,False,regional/unknown tier — manual review; feed blocks bots (verify active); authority below medium
MD - Baltimore Business Journal,https://www.bizjournals.com/baltimore/feed/latest/,bizjournals.com,Regional,6,Tier 6 Regional Newspapers,50,blocked,False,regional/unknown tier — manual review; feed blocks bots (verify active); authority below medium
MD - Maryland Reporter,https://marylandreporter.com/feed/,marylandreporter.com,Regional,6,Tier 6 Regional Newspapers,50,active,False,regional/unknown tier — manual review; authority below medium
MA - Springfield Republican,https://www.masslive.com/rss/,masslive.com,Regional,6,Tier 6 Regional Newspapers,50,blocked,False,regional/unknown tier — manual review; feed blocks bots (verify active); authority below medium
MA - Lowell Sun,https://www.lowellsun.com/feed/,lowellsun.com,Regional,6,Tier 6 Regional Newspapers,50,blocked,False,regional/unknown tier — manual review; feed blocks bots (verify active); authority below medium
MA - New Bedford Standard-Times,https://www.southcoasttoday.com/search/?f=rss&t=article&l=50,southcoasttoday.com,Regional,6,Tier 6 Regional Newspapers,50,blocked,False,regional/unknown tier — manual review; feed blocks bots (verify active); authority below medium
MA - Gloucester Daily Times,https://www.gloucestertimes.com/feed/,gloucestertimes.com,Regional,6,Tier 6 Regional Newspapers,50,blocked,False,regional/unknown tier — manual review; feed blocks bots (verify active); authority below medium
MA - Boston Business Journal,https://www.bizjournals.com/boston/feed/latest/,bizjournals.com,Regional,6,Tier 6 Regional Newspapers,50,blocked,False,regional/unknown tier — manual review; feed blocks bots (verify active); authority below medium
MA - CommonWealth Magazine,https://commonwealthbeacon.org/feed/,commonwealthbeacon.org,Regional,6,Tier 6 Regional Newspapers,50,active,False,regional/unknown tier — manual review; authority below medium
MI - Bridge Michigan,https://bridgemi.com/feed/,bridgemi.com,Regional,6,Tier 6 Regional Newspapers,50,active,False,regional/unknown tier — manual review; authority below medium
MN - Rochester Post-Bulletin,https://www.postbulletin.com/search/?f=rss&t=article&l=50,postbulletin.com,Regional,6,Tier 6 Regional Newspapers,50,active,False,regional/unknown tier — manual review; authority below medium
MN - Mankato Free Press,https://www.mankatofreepress.com/search/?f=rss&t=article&l=50,mankatofreepress.com,Regional,6,Tier 6 Regional Newspapers,50,blocked,False,regional/unknown tier — manual review; feed blocks bots (verify active); authority below medium
MN - Brainerd Dispatch,https://www.brainerddispatch.com/search/?f=rss&t=article&l=50,brainerddispatch.com,Regional,6,Tier 6 Regional Newspapers,50,active,False,regional/unknown tier — manual review; authority below medium
MN - Minneapolis Business Journal,https://www.bizjournals.com/twincities/feed/latest/,bizjournals.com,Regional,6,Tier 6 Regional Newspapers,50,blocked,False,regional/unknown tier — manual review; feed blocks bots (verify active); authority below medium
MN - MinnPost,https://www.minnpost.com/feed/,minnpost.com,Regional,6,Tier 6 Regional Newspapers,50,active,False,regional/unknown tier — manual review; authority below medium
MS - Commercial Dispatch Columbus,https://www.cdispatch.com/search/?f=rss&t=article&l=50,cdispatch.com,Regional,6,Tier 6 Regional Newspapers,50,active,False,regional/unknown tier — manual review; authority below medium
MS - Vicksburg Post,https://www.vicksburgpost.com/search/?f=rss&t=article&l=50,vicksburgpost.com,Regional,6,Tier 6 Regional Newspapers,50,active,False,regional/unknown tier — manual review; authority below medium
MS - Mississippi Today,https://mississippitoday.org/feed/,mississippitoday.org,Regional,6,Tier 6 Regional Newspapers,50,active,False,regional/unknown tier — manual review; authority below medium
MO - St. Louis Post-Dispatch,https://www.stltoday.com/search/?f=rss&t=article&l=50,stltoday.com,Regional,6,Tier 6 Regional Newspapers,50,active,False,regional/unknown tier — manual review; authority below medium
MO - Columbia Missourian,https://www.columbiamissourian.com/search/?f=rss&t=article&l=50,columbiamissourian.com,Regional,6,Tier 6 Regional Newspapers,50,active,False,regional/unknown tier — manual review; authority below medium
MO - Kansas City Business Journal,https://www.bizjournals.com/kansascity/feed/latest/,bizjournals.com,Regional,6,Tier 6 Regional Newspapers,50,blocked,False,regional/unknown tier — manual review; feed blocks bots (verify active); authority below medium
MO - St. Louis Business Journal,https://www.bizjournals.com/stlouis/feed/latest/,bizjournals.com,Regional,6,Tier 6 Regional Newspapers,50,blocked,False,regional/unknown tier — manual review; feed blocks bots (verify active); authority below medium
MT - Billings Gazette,https://billingsgazette.com/search/?f=rss&t=article&l=50,billingsgazette.com,Regional,6,Tier 6 Regional Newspapers,50,active,False,regional/unknown tier — manual review; authority below medium
MT - Helena Independent Record,https://helenair.com/search/?f=rss&t=article&l=50,helenair.com,Regional,6,Tier 6 Regional Newspapers,50,blocked,False,regional/unknown tier — manual review; feed blocks bots (verify active); authority below medium
MT - Bozeman Daily Chronicle,https://www.bozemandailychronicle.com/search/?f=rss&t=article&l=50,bozemandailychronicle.com,Regional,6,Tier 6 Regional Newspapers,50,blocked,False,regional/unknown tier — manual review; feed blocks bots (verify active); authority below medium
MT - Flathead Beacon,https://flatheadbeacon.com/feed/,flatheadbeacon.com,Regional,6,Tier 6 Regional Newspapers,50,active,False,regional/unknown tier — manual review; authority below medium
MT - Montana Free Press,https://montanafreepress.org/feed/,montanafreepress.org,Regional,6,Tier 6 Regional Newspapers,50,active,False,regional/unknown tier — manual review; authority below medium
NE - Omaha World-Herald,https://omaha.com/search/?f=rss&t=article&l=50,omaha.com,Regional,6,Tier 6 Regional Newspapers,50,blocked,False,regional/unknown tier — manual review; feed blocks bots (verify active); authority below medium
NE - Lincoln Journal Star,https://journalstar.com/search/?f=rss&t=article&l=50,journalstar.com,Regional,6,Tier 6 Regional Newspapers,50,active,False,regional/unknown tier — manual review; authority below medium
NE - Fremont Tribune,https://www.fremonttribune.com/search/?f=rss&t=article&l=50,fremonttribune.com,Regional,6,Tier 6 Regional Newspapers,50,blocked,False,regional/unknown tier — manual review; feed blocks bots (verify active); authority below medium
NE - Kearney Hub,https://www.kearneyhub.com/search/?f=rss&t=article&l=50,kearneyhub.com,Regional,6,Tier 6 Regional Newspapers,50,blocked,False,regional/unknown tier — manual review; feed blocks bots (verify active); authority below medium
NE - Grand Island Independent,https://www.theindependent.com/search/?f=rss&t=article&l=50,theindependent.com,Regional,6,Tier 6 Regional Newspapers,50,blocked,False,regional/unknown tier — manual review; feed blocks bots (verify active); authority below medium
NE - Scottsbluff Star-Herald,https://www.starherald.com/search/?f=rss&t=article&l=50,starherald.com,Regional,6,Tier 6 Regional Newspapers,50,blocked,False,regional/unknown tier — manual review; feed blocks bots (verify active); authority below medium
NE - Norfolk Daily News,https://www.norfolkdailynews.com/search/?f=rss&t=article&l=50,norfolkdailynews.com,Regional,6,Tier 6 Regional Newspapers,50,blocked,False,regional/unknown tier — manual review; feed blocks bots (verify active); authority below medium
NV - Las Vegas Review-Journal,https://www.reviewjournal.com/feed/,reviewjournal.com,Regional,6,Tier 6 Regional Newspapers,50,active,False,regional/unknown tier — manual review; authority below medium
NV - Nevada Independent,https://thenevadaindependent.com/feed/,thenevadaindependent.com,Regional,6,Tier 6 Regional Newspapers,50,active,False,regional/unknown tier — manual review; authority below medium
NV - Las Vegas Business Press,https://www.bizjournals.com/lasvegas/feed/latest/,bizjournals.com,Regional,6,Tier 6 Regional Newspapers,50,blocked,False,regional/unknown tier — manual review; feed blocks bots (verify active); authority below medium
NH - Union Leader Manchester,https://www.unionleader.com/search/?f=rss&t=article&l=50,unionleader.com,Regional,6,Tier 6 Regional Newspapers,50,blocked,False,regional/unknown tier — manual review; feed blocks bots (verify active); authority below medium
NH - Concord Monitor,https://www.concordmonitor.com/feed/,concordmonitor.com,Regional,6,Tier 6 Regional Newspapers,50,active,False,regional/unknown tier — manual review; authority below medium
NH - Keene Sentinel,https://www.sentinelsource.com/search/?f=rss&t=article&l=50,sentinelsource.com,Regional,6,Tier 6 Regional Newspapers,50,blocked,False,regional/unknown tier — manual review; feed blocks bots (verify active); authority below medium
NH - Laconia Daily Sun,https://laconiadailysun.com/feed/,laconiadailysun.com,Regional,6,Tier 6 Regional Newspapers,50,blocked,False,regional/unknown tier — manual review; feed blocks bots (verify active); authority below medium
NJ - New Jersey Business Jrnl,https://www.bizjournals.com/newjersey/feed/latest/,bizjournals.com,Regional,6,Tier 6 Regional Newspapers,50,blocked,False,regional/unknown tier — manual review; feed blocks bots (verify active); authority below medium
NJ - NJ Spotlight News,https://www.njspotlightnews.org/feed/,njspotlightnews.org,Regional,6,Tier 6 Regional Newspapers,50,active,False,regional/unknown tier — manual review; authority below medium
NM - Santa Fe New Mexican,https://www.santafenewmexican.com/search/?f=rss&t=article&l=50,santafenewmexican.com,Regional,6,Tier 6 Regional Newspapers,50,blocked,False,regional/unknown tier — manual review; feed blocks bots (verify active); authority below medium
NM - Roswell Daily Record,https://www.rdrnews.com/search/?f=rss&t=article&l=50,rdrnews.com,Regional,6,Tier 6 Regional Newspapers,50,blocked,False,regional/unknown tier — manual review; feed blocks bots (verify active); authority below medium
NM - New Mexico Political Report,https://nmpoliticalreport.com/feed/,nmpoliticalreport.com,Regional,6,Tier 6 Regional Newspapers,50,active,False,regional/unknown tier — manual review; authority below medium
NY - NY Daily News,https://www.nydailynews.com/arcio/rss/,nydailynews.com,Regional,6,Tier 6 Regional Newspapers,50,blocked,False,regional/unknown tier — manual review; feed blocks bots (verify active); authority below medium
NY - Buffalo News,https://buffalonews.com/search/?f=rss&t=article&l=50,buffalonews.com,Regional,6,Tier 6 Regional Newspapers,50,blocked,False,regional/unknown tier — manual review; feed blocks bots (verify active); authority below medium
NY - Albany Times-Union,https://www.timesunion.com/search/?f=rss&t=article&l=50,timesunion.com,Regional,6,Tier 6 Regional Newspapers,50,active,False,regional/unknown tier — manual review; authority below medium
NY - Utica Observer-Dispatch,https://www.uticaod.com/search/?f=rss&t=article&l=50,uticaod.com,Regional,6,Tier 6 Regional Newspapers,50,blocked,False,regional/unknown tier — manual review; feed blocks bots (verify active); authority below medium
NY - New York Business Journal,https://www.bizjournals.com/newyork/feed/latest/,bizjournals.com,Regional,6,Tier 6 Regional Newspapers,50,blocked,False,regional/unknown tier — manual review; feed blocks bots (verify active); authority below medium
NY - Gothamist,https://gothamist.com/feed,gothamist.com,Regional,6,Tier 6 Regional Newspapers,50,active,False,regional/unknown tier — manual review; authority below medium
NY - The City NYC,https://www.thecity.nyc/feed/,thecity.nyc,Regional,6,Tier 6 Regional Newspapers,50,active,False,regional/unknown tier — manual review; authority below medium
NY - Observer NY,https://observer.com/feed/,observer.com,Regional,6,Tier 6 Regional Newspapers,50,active,False,regional/unknown tier — manual review; authority below medium
NC - Greensboro News & Record,https://greensboro.com/search/?f=rss&t=article&l=50,greensboro.com,Regional,6,Tier 6 Regional Newspapers,50,blocked,False,regional/unknown tier — manual review; feed blocks bots (verify active); authority below medium
NC - Statesville Record Landmark,https://www.statesville.com/search/?f=rss&t=article&l=50,statesville.com,Regional,6,Tier 6 Regional Newspapers,50,blocked,False,regional/unknown tier — manual review; feed blocks bots (verify active); authority below medium
NC - Charlotte Business Journal,https://www.bizjournals.com/charlotte/feed/latest/,bizjournals.com,Regional,6,Tier 6 Regional Newspapers,50,blocked,False,regional/unknown tier — manual review; feed blocks bots (verify active); authority below medium
NC - NC Policy Watch,https://ncpolicywatch.com/feed/,ncpolicywatch.com,Regional,6,Tier 6 Regional Newspapers,50,active,False,regional/unknown tier — manual review; authority below medium
NC - Carolina Public Press,https://carolinapublicpress.org/feed/,carolinapublicpress.org,Regional,6,Tier 6 Regional Newspapers,50,active,False,regional/unknown tier — manual review; authority below medium
ND - Bismarck Tribune,https://bismarcktribune.com/search/?f=rss&t=article&l=50,bismarcktribune.com,Regional,6,Tier 6 Regional Newspapers,50,blocked,False,regional/unknown tier — manual review; feed blocks bots (verify active); authority below medium
ND - Fargo Forum,https://www.inforum.com/search/?f=rss&t=article&l=50,inforum.com,Regional,6,Tier 6 Regional Newspapers,50,active,False,regional/unknown tier — manual review; authority below medium
ND - Grand Forks Herald,https://www.grandforksherald.com/search/?f=rss&t=article&l=50,grandforksherald.com,Regional,6,Tier 6 Regional Newspapers,50,active,False,regional/unknown tier — manual review; authority below medium
ND - Dickinson Press,https://www.thedickinsonpress.com/search/?f=rss&t=article&l=50,thedickinsonpress.com,Regional,6,Tier 6 Regional Newspapers,50,active,False,regional/unknown tier — manual review; authority below medium
OH - Columbus Dispatch,https://www.dispatch.com/search/?f=rss&t=article&l=50,dispatch.com,Regional,6,Tier 6 Regional Newspapers,50,blocked,False,regional/unknown tier — manual review; feed blocks bots (verify active); authority below medium
OH - Toledo Blade,https://www.toledoblade.com/search/?f=rss&t=article&l=50,toledoblade.com,Regional,6,Tier 6 Regional Newspapers,50,active,False,regional/unknown tier — manual review; authority below medium
OH - Youngstown Vindicator,https://www.vindy.com/rss/news/,vindy.com,Regional,6,Tier 6 Regional Newspapers,50,active,False,regional/unknown tier — manual review; authority below medium
OH - Columbus Business First,https://www.bizjournals.com/columbus/feed/latest/,bizjournals.com,Regional,6,Tier 6 Regional Newspapers,50,blocked,False,regional/unknown tier — manual review; feed blocks bots (verify active); authority below medium
OH - Cincinnati Business Courier,https://www.bizjournals.com/cincinnati/feed/latest/,bizjournals.com,Regional,6,Tier 6 Regional Newspapers,50,blocked,False,regional/unknown tier — manual review; feed blocks bots (verify active); authority below medium
OH - Ohio Capital Journal,https://ohiocapitaljournal.com/feed/,ohiocapitaljournal.com,Regional,6,Tier 6 Regional Newspapers,50,active,False,regional/unknown tier — manual review; authority below medium
OK - Tulsa World,https://tulsaworld.com/search/?f=rss&t=article&l=50,tulsaworld.com,Regional,6,Tier 6 Regional Newspapers,50,blocked,False,regional/unknown tier — manual review; feed blocks bots (verify active); authority below medium
OK - Lawton Constitution,https://www.swoknews.com/search/?f=rss&t=article&l=50,swoknews.com,Regional,6,Tier 6 Regional Newspapers,50,blocked,False,regional/unknown tier — manual review; feed blocks bots (verify active); authority below medium
OK - Oklahoma Watch,https://oklahomawatch.org/feed/,oklahomawatch.org,Regional,6,Tier 6 Regional Newspapers,50,active,False,regional/unknown tier — manual review; authority below medium
OR - Eugene Register-Guard,https://www.registerguard.com/search/?f=rss&t=article&l=50,registerguard.com,Regional,6,Tier 6 Regional Newspapers,50,blocked,False,regional/unknown tier — manual review; feed blocks bots (verify active); authority below medium
OR - Corvallis Gazette-Times,https://www.gazettetimes.com/search/?f=rss&t=article&l=50,gazettetimes.com,Regional,6,Tier 6 Regional Newspapers,50,blocked,False,regional/unknown tier — manual review; feed blocks bots (verify active); authority below medium
OR - Albany Democrat-Herald,https://democratherald.com/search/?f=rss&t=article&l=50,democratherald.com,Regional,6,Tier 6 Regional Newspapers,50,blocked,False,regional/unknown tier — manual review; feed blocks bots (verify active); authority below medium
OR - Portland Business Journal,https://www.bizjournals.com/portland/feed/latest/,bizjournals.com,Regional,6,Tier 6 Regional Newspapers,50,blocked,False,regional/unknown tier — manual review; feed blocks bots (verify active); authority below medium
PA - Pittsburgh Tribune-Review,https://triblive.com/feed/,triblive.com,Regional,6,Tier 6 Regional Newspapers,50,active,False,regional/unknown tier — manual review; authority below medium
PA - Allentown Morning Call,https://www.mcall.com/arcio/rss/,mcall.com,Regional,6,Tier 6 Regional Newspapers,50,blocked,False,regional/unknown tier — manual review; feed blocks bots (verify active); authority below medium
PA - Reading Eagle,https://www.readingeagle.com/search/?f=rss&t=article&l=50,readingeagle.com,Regional,6,Tier 6 Regional Newspapers,50,active,False,regional/unknown tier — manual review; authority below medium
PA - Lancaster Intelligencer Jrnl,https://lancasteronline.com/search/?f=rss&t=article&l=50,lancasteronline.com,Regional,6,Tier 6 Regional Newspapers,50,active,False,regional/unknown tier — manual review; authority below medium
PA - Scranton Times-Tribune,https://www.thetimes-tribune.com/search/?f=rss&t=article&l=50,thetimes-tribune.com,Regional,6,Tier 6 Regional Newspapers,50,active,False,regional/unknown tier — manual review; authority below medium
PA - Erie Times-News,https://www.goerie.com/search/?f=rss&t=article&l=50,goerie.com,Regional,6,Tier 6 Regional Newspapers,50,blocked,False,regional/unknown tier — manual review; feed blocks bots (verify active); authority below medium
PA - Philadelphia Business Jrnl,https://www.bizjournals.com/philadelphia/feed/latest/,bizjournals.com,Regional,6,Tier 6 Regional Newspapers,50,blocked,False,regional/unknown tier — manual review; feed blocks bots (verify active); authority below medium
PA - Pennsylvania Capital-Star,https://www.penncapital-star.com/feed/,penncapital-star.com,Regional,6,Tier 6 Regional Newspapers,50,active,False,regional/unknown tier — manual review; authority below medium
RI - Woonsocket Call,https://www.woonsocketcall.com/search/?f=rss&t=article&l=50,woonsocketcall.com,Regional,6,Tier 6 Regional Newspapers,50,blocked,False,regional/unknown tier — manual review; feed blocks bots (verify active); authority below medium
RI - Newport Daily News,https://www.newportri.com/search/?f=rss&t=article&l=50,newportri.com,Regional,6,Tier 6 Regional Newspapers,50,blocked,False,regional/unknown tier — manual review; feed blocks bots (verify active); authority below medium
RI - Rhode Island Current,https://rhodeislandcurrent.com/feed/,rhodeislandcurrent.com,Regional,6,Tier 6 Regional Newspapers,50,active,False,regional/unknown tier — manual review; authority below medium
SC - Post and Courier Charleston,https://www.postandcourier.com/feed/,postandcourier.com,Regional,6,Tier 6 Regional Newspapers,50,blocked,False,regional/unknown tier — manual review; feed blocks bots (verify active); authority below medium
SC - Spartanburg Herald-Journal,https://www.goupstate.com/search/?f=rss&t=article&l=50,goupstate.com,Regional,6,Tier 6 Regional Newspapers,50,blocked,False,regional/unknown tier — manual review; feed blocks bots (verify active); authority below medium
SD - Rapid City Journal,https://rapidcityjournal.com/search/?f=rss&t=article&l=50,rapidcityjournal.com,Regional,6,Tier 6 Regional Newspapers,50,active,False,regional/unknown tier — manual review; authority below medium
SD - Aberdeen American News,https://www.aberdeennews.com/search/?f=rss&t=article&l=50,aberdeennews.com,Regional,6,Tier 6 Regional Newspapers,50,blocked,False,regional/unknown tier — manual review; feed blocks bots (verify active); authority below medium
SD - Watertown Public Opinion,https://www.thepublicopinion.com/search/?f=rss&t=article&l=50,thepublicopinion.com,Regional,6,Tier 6 Regional Newspapers,50,blocked,False,regional/unknown tier — manual review; feed blocks bots (verify active); authority below medium
SD - South Dakota Searchlight,https://southdakotasearchlight.com/feed/,southdakotasearchlight.com,Regional,6,Tier 6 Regional Newspapers,50,active,False,regional/unknown tier — manual review; authority below medium
TN - Chattanooga Times Free Press,https://www.timesfreepress.com/search/?f=rss&t=article&l=50,timesfreepress.com,Regional,6,Tier 6 Regional Newspapers,50,active,False,regional/unknown tier — manual review; authority below medium
TN - Johnson City Press,https://www.johnsoncitypress.com/search/?f=rss&t=article&l=50,johnsoncitypress.com,Regional,6,Tier 6 Regional Newspapers,50,active,False,regional/unknown tier — manual review; authority below medium
TN - Nashville Business Journal,https://www.bizjournals.com/nashville/feed/latest/,bizjournals.com,Regional,6,Tier 6 Regional Newspapers,50,blocked,False,regional/unknown tier — manual review; feed blocks bots (verify active); authority below medium
TN - Tennessee Lookout,https://tennesseelookout.com/feed/,tennesseelookout.com,Regional,6,Tier 6 Regional Newspapers,50,active,False,regional/unknown tier — manual review; authority below medium
TX - Waco Tribune-Herald,https://wacotrib.com/search/?f=rss&t=article&l=50,wacotrib.com,Regional,6,Tier 6 Regional Newspapers,50,blocked,False,regional/unknown tier — manual review; feed blocks bots (verify active); authority below medium
TX - Amarillo Globe-News,https://www.amarillo.com/search/?f=rss&t=article&l=50,amarillo.com,Regional,6,Tier 6 Regional Newspapers,50,blocked,False,regional/unknown tier — manual review; feed blocks bots (verify active); authority below medium
TX - Laredo Morning Times,https://www.lmtonline.com/search/?f=rss&t=article&l=50,lmtonline.com,Regional,6,Tier 6 Regional Newspapers,50,active,False,regional/unknown tier — manual review; authority below medium
TX - McAllen Monitor,https://www.themonitor.com/search/?f=rss&t=article&l=50,themonitor.com,Regional,6,Tier 6 Regional Newspapers,50,active,False,regional/unknown tier — manual review; authority below medium
TX - Tyler Morning Telegraph,https://tylerpaper.com/search/?f=rss&t=article&l=50,tylerpaper.com,Regional,6,Tier 6 Regional Newspapers,50,active,False,regional/unknown tier — manual review; authority below medium
TX - Longview News-Journal,https://www.news-journal.com/search/?f=rss&t=article&l=50,news-journal.com,Regional,6,Tier 6 Regional Newspapers,50,active,False,regional/unknown tier — manual review; authority below medium
TX - Houston Business Journal,https://www.bizjournals.com/houston/feed/latest/,bizjournals.com,Regional,6,Tier 6 Regional Newspapers,50,blocked,False,regional/unknown tier — manual review; feed blocks bots (verify active); authority below medium
TX - Dallas Business Journal,https://www.bizjournals.com/dallas/feed/latest/,bizjournals.com,Regional,6,Tier 6 Regional Newspapers,50,blocked,False,regional/unknown tier — manual review; feed blocks bots (verify active); authority below medium
TX - San Antonio Business Jrnl,https://www.bizjournals.com/sanantonio/feed/latest/,bizjournals.com,Regional,6,Tier 6 Regional Newspapers,50,blocked,False,regional/unknown tier — manual review; feed blocks bots (verify active); authority below medium
TX - Austin Business Journal,https://www.bizjournals.com/austin/feed/latest/,bizjournals.com,Regional,6,Tier 6 Regional Newspapers,50,blocked,False,regional/unknown tier — manual review; feed blocks bots (verify active); authority below medium
TX - Texas Tribune,https://www.texastribune.org/feed/,texastribune.org,Regional,6,Tier 6 Regional Newspapers,50,active,False,regional/unknown tier — manual review; authority below medium
TX - Houston Press,https://www.houstonpress.com/feed/,houstonpress.com,Regional,6,Tier 6 Regional Newspapers,50,active,False,regional/unknown tier — manual review; authority below medium
UT - Cache Valley Daily,https://www.cachevalleydaily.com/search/?f=rss&t=article&l=50,cachevalleydaily.com,Regional,6,Tier 6 Regional Newspapers,50,blocked,False,regional/unknown tier — manual review; feed blocks bots (verify active); authority below medium
VT - Barre Times Argus,https://www.timesargus.com/search/?f=rss&t=article&l=50,timesargus.com,Regional,6,Tier 6 Regional Newspapers,50,blocked,False,regional/unknown tier — manual review; feed blocks bots (verify active); authority below medium
VT - Brattleboro Reformer,https://www.reformer.com/search/?f=rss&t=article&l=50,reformer.com,Regional,6,Tier 6 Regional Newspapers,50,active,False,regional/unknown tier — manual review; authority below medium
VT - Rutland Herald,https://www.rutlandherald.com/search/?f=rss&t=article&l=50,rutlandherald.com,Regional,6,Tier 6 Regional Newspapers,50,blocked,False,regional/unknown tier — manual review; feed blocks bots (verify active); authority below medium
VT - VTDigger,https://vtdigger.org/feed/,vtdigger.org,Regional,6,Tier 6 Regional Newspapers,50,active,False,regional/unknown tier — manual review; authority below medium
VA - Richmond Times-Dispatch,https://richmond.com/search/?f=rss&t=article&l=50,richmond.com,Regional,6,Tier 6 Regional Newspapers,50,active,False,regional/unknown tier — manual review; authority below medium
VA - Roanoke Times,https://roanoke.com/search/?f=rss&t=article&l=50,roanoke.com,Regional,6,Tier 6 Regional Newspapers,50,blocked,False,regional/unknown tier — manual review; feed blocks bots (verify active); authority below medium
VA - Daily Press Newport News,https://www.dailypress.com/arcio/rss/,dailypress.com,Regional,6,Tier 6 Regional Newspapers,50,blocked,False,regional/unknown tier — manual review; feed blocks bots (verify active); authority below medium
VA - Fredericksburg Free Lance-Star,https://www.fredericksburg.com/search/?f=rss&t=article&l=50,fredericksburg.com,Regional,6,Tier 6 Regional Newspapers,50,blocked,False,regional/unknown tier — manual review; feed blocks bots (verify active); authority below medium
VA - Lynchburg News & Advance,https://newsadvance.com/search/?f=rss&t=article&l=50,newsadvance.com,Regional,6,Tier 6 Regional Newspapers,50,blocked,False,regional/unknown tier — manual review; feed blocks bots (verify active); authority below medium
VA - Charlottesville Daily Progress,https://dailyprogress.com/search/?f=rss&t=article&l=50,dailyprogress.com,Regional,6,Tier 6 Regional Newspapers,50,blocked,False,regional/unknown tier — manual review; feed blocks bots (verify active); authority below medium
VA - Winchester Star,https://www.winchesterstar.com/search/?f=rss&t=article&l=50,winchesterstar.com,Regional,6,Tier 6 Regional Newspapers,50,blocked,False,regional/unknown tier — manual review; feed blocks bots (verify active); authority below medium
VA - Virginia Business Journal,https://www.bizjournals.com/virginia/feed/latest/,bizjournals.com,Regional,6,Tier 6 Regional Newspapers,50,blocked,False,regional/unknown tier — manual review; feed blocks bots (verify active); authority below medium
VA - Virginia Mercury,https://virginiamercury.com/feed/,virginiamercury.com,Regional,6,Tier 6 Regional Newspapers,50,active,False,regional/unknown tier — manual review; authority below medium
WA - Wenatchee World,https://www.wenatcheeworld.com/search/?f=rss&t=article&l=50,wenatcheeworld.com,Regional,6,Tier 6 Regional Newspapers,50,blocked,False,regional/unknown tier — manual review; feed blocks bots (verify active); authority below medium
WA - Yakima Herald-Republic,https://www.yakimaherald.com/search/?f=rss&t=article&l=50,yakimaherald.com,Regional,6,Tier 6 Regional Newspapers,50,active,False,regional/unknown tier — manual review; authority below medium
WA - Seattle Business Journal,https://www.bizjournals.com/seattle/feed/latest/,bizjournals.com,Regional,6,Tier 6 Regional Newspapers,50,blocked,False,regional/unknown tier — manual review; feed blocks bots (verify active); authority below medium
DC - Washington City Paper,https://washingtoncitypaper.com/feed/,washingtoncitypaper.com,General,8,Tier 8 Unknown/Low Value,40,active,False,regional/unknown tier — manual review; authority below medium
DC - Washington Business Journal,https://www.bizjournals.com/washington/feed/latest/,bizjournals.com,General,8,Tier 8 Unknown/Low Value,40,blocked,False,regional/unknown tier — manual review; feed blocks bots (verify active); authority below medium
WV - Charleston Gazette-Mail,https://www.wvgazettemail.com/search/?f=rss&t=article&l=50,wvgazettemail.com,Regional,6,Tier 6 Regional Newspapers,50,active,False,regional/unknown tier — manual review; authority below medium
WV - Parkersburg News & Sentinel,https://www.newsandsentinel.com/search/?f=rss&t=article&l=50,newsandsentinel.com,Regional,6,Tier 6 Regional Newspapers,50,blocked,False,regional/unknown tier — manual review; feed blocks bots (verify active); authority below medium
WV - West Virginia MetroNews,https://wvmetronews.com/feed/,wvmetronews.com,Regional,6,Tier 6 Regional Newspapers,50,active,False,regional/unknown tier — manual review; authority below medium
WV - Mountain State Spotlight,https://mountainstatespotlight.org/feed/,mountainstatespotlight.org,Regional,6,Tier 6 Regional Newspapers,50,active,False,regional/unknown tier — manual review; authority below medium
WI - Madison Wisconsin State Journal,https://madison.com/wsj/search/?f=rss&t=article&l=50,madison.com,Regional,6,Tier 6 Regional Newspapers,50,blocked,False,regional/unknown tier — manual review; feed blocks bots (verify active); authority below medium
WI - Racine Journal Times,https://journaltimes.com/search/?f=rss&t=article&l=50,journaltimes.com,Regional,6,Tier 6 Regional Newspapers,50,blocked,False,regional/unknown tier — manual review; feed blocks bots (verify active); authority below medium
WI - La Crosse Tribune,https://lacrossetribune.com/search/?f=rss&t=article&l=50,lacrossetribune.com,Regional,6,Tier 6 Regional Newspapers,50,blocked,False,regional/unknown tier — manual review; feed blocks bots (verify active); authority below medium
WI - Milwaukee Business Journal,https://www.bizjournals.com/milwaukee/feed/latest/,bizjournals.com,Regional,6,Tier 6 Regional Newspapers,50,blocked,False,regional/unknown tier — manual review; feed blocks bots (verify active); authority below medium
WI - Wisconsin Watch,https://wisconsinwatch.org/feed/,wisconsinwatch.org,Regional,6,Tier 6 Regional Newspapers,50,active,False,regional/unknown tier — manual review; authority below medium
WY - Wyoming Tribune Eagle,https://www.wyomingnews.com/search/?f=rss&t=article&l=50,wyomingnews.com,Regional,6,Tier 6 Regional Newspapers,50,blocked,False,regional/unknown tier — manual review; feed blocks bots (verify active); authority below medium
WY - Laramie Boomerang,https://www.laramieboomerang.com/search/?f=rss&t=article&l=50,laramieboomerang.com,Regional,6,Tier 6 Regional Newspapers,50,blocked,False,regional/unknown tier — manual review; feed blocks bots (verify active); authority below medium
WY - Gillette News Record,https://www.gillettenewsrecord.com/search/?f=rss&t=article&l=50,gillettenewsrecord.com,Regional,6,Tier 6 Regional Newspapers,50,blocked,False,regional/unknown tier — manual review; feed blocks bots (verify active); authority below medium
WY - WyoFile,https://wyofile.com/feed/,wyofile.com,Regional,6,Tier 6 Regional Newspapers,50,active,False,regional/unknown tier — manual review; authority below medium
National - ProPublica,https://feeds.propublica.org/propublica/main,feeds.propublica.org,General,8,Tier 8 Unknown/Low Value,40,active,False,regional/unknown tier — manual review; authority below medium
National - Mother Jones,https://www.motherjones.com/feed/,motherjones.com,General,8,Tier 8 Unknown/Low Value,40,active,False,regional/unknown tier — manual review; authority below medium
National - The Atlantic,https://www.theatlantic.com/feed/all/,theatlantic.com,General,8,Tier 8 Unknown/Low Value,40,active,False,regional/unknown tier — manual review; authority below medium
National - Slate,https://slate.com/feeds/all.rss,slate.com,General,8,Tier 8 Unknown/Low Value,40,active,False,regional/unknown tier — manual review; authority below medium
National - Quartz,https://qz.com/feed,qz.com,General,8,Tier 8 Unknown/Low Value,40,active,False,regional/unknown tier — manual review; authority below medium
National - Salon,https://www.salon.com/feed,salon.com,General,8,Tier 8 Unknown/Low Value,40,active,False,regional/unknown tier — manual review; authority below medium
National - Truthdig,https://www.truthdig.com/feed/,truthdig.com,General,8,Tier 8 Unknown/Low Value,40,active,False,regional/unknown tier — manual review; authority below medium
National - The Nation,https://www.thenation.com/feed/?post-type=article,thenation.com,General,8,Tier 8 Unknown/Low Value,40,active,False,regional/unknown tier — manual review; authority below medium
National - In These Times,https://inthesetimes.com/feed,inthesetimes.com,General,8,Tier 8 Unknown/Low Value,40,active,False,regional/unknown tier — manual review; authority below medium
National - Grist,https://grist.org/feed/,grist.org,General,8,Tier 8 Unknown/Low Value,40,active,False,regional/unknown tier — manual review; authority below medium
National - Pew Stateline,https://stateline.org/feed/,stateline.org,General,8,Tier 8 Unknown/Low Value,40,active,False,regional/unknown tier — manual review; authority below medium
National - Pulitzer Center,https://pulitzercenter.org/feed,pulitzercenter.org,General,8,Tier 8 Unknown/Low Value,40,blocked,False,regional/unknown tier — manual review; feed blocks bots (verify active); authority below medium
National - OpenSecrets,https://www.opensecrets.org/news/feed,opensecrets.org,General,8,Tier 8 Unknown/Low Value,40,blocked,False,regional/unknown tier — manual review; feed blocks bots (verify active); authority below medium
AL - Opelika Auburn News,https://www.oanow.com/search/?f=rss&t=article&l=50,oanow.com,General,8,Tier 8 Unknown/Low Value,40,blocked,False,regional/unknown tier — manual review; feed blocks bots (verify active); authority below medium
AL - Talladega Daily Home,https://www.dailyhome.com/search/?f=rss&t=article&l=50,dailyhome.com,General,8,Tier 8 Unknown/Low Value,40,blocked,False,regional/unknown tier — manual review; feed blocks bots (verify active); authority below medium
AL - Alexander City Outlook,https://www.alexcityoutlook.com/feed/,alexcityoutlook.com,General,8,Tier 8 Unknown/Low Value,40,blocked,False,regional/unknown tier — manual review; feed blocks bots (verify active); authority below medium
AL - Cullman Times,https://www.cullmantimes.com/feed/,cullmantimes.com,General,8,Tier 8 Unknown/Low Value,40,active,False,regional/unknown tier — manual review; authority below medium
AK - Homer News,https://homernews.com/feed/,homernews.com,General,8,Tier 8 Unknown/Low Value,40,active,False,regional/unknown tier — manual review; authority below medium
AK - Kenai Peninsula Clarion,https://www.peninsulaclarion.com/feed/,peninsulaclarion.com,General,8,Tier 8 Unknown/Low Value,40,active,False,regional/unknown tier — manual review; authority below medium
AK - Ketchikan Daily News,https://www.ketchikandailynews.com/search/?f=rss,ketchikandailynews.com,General,8,Tier 8 Unknown/Low Value,40,active,False,regional/unknown tier — manual review; authority below medium
AK - Alaska Beacon,https://alaskabeacon.com/feed/,alaskabeacon.com,General,8,Tier 8 Unknown/Low Value,40,active,False,regional/unknown tier — manual review; authority below medium
AZ - Tucson Sentinel,https://www.tucsonsentinel.com/feed/rss/,tucsonsentinel.com,General,8,Tier 8 Unknown/Low Value,40,blocked,False,regional/unknown tier — manual review; feed blocks bots (verify active); authority below medium
AZ - AZ Mirror,https://azmirror.com/feed/,azmirror.com,General,8,Tier 8 Unknown/Low Value,40,active,False,regional/unknown tier — manual review; authority below medium
AZ - Nogales International,https://www.nogalesinternational.com/search/?f=rss,nogalesinternational.com,General,8,Tier 8 Unknown/Low Value,40,blocked,False,regional/unknown tier — manual review; feed blocks bots (verify active); authority below medium
AZ - Wickenburg Sun,https://www.wickenburgsun.com/feed/,wickenburgsun.com,General,8,Tier 8 Unknown/Low Value,40,blocked,False,regional/unknown tier — manual review; feed blocks bots (verify active); authority below medium
AZ - Arizona Business Gazette,https://azbigmedia.com/feed/,azbigmedia.com,General,8,Tier 8 Unknown/Low Value,40,active,False,regional/unknown tier — manual review; authority below medium
AZ - Cronkite News,https://cronkitenews.azpbs.org/feed/,cronkitenews.azpbs.org,General,8,Tier 8 Unknown/Low Value,40,active,False,regional/unknown tier — manual review; authority below medium
AR - Hot Springs Sentinel-Record,https://www.hotsr.com/search/?f=rss&t=article&l=50,hotsr.com,General,8,Tier 8 Unknown/Low Value,40,active,False,regional/unknown tier — manual review; authority below medium
AR - Arkansas Advocate,https://www.arkansasadvocate.com/feed/,arkansasadvocate.com,General,8,Tier 8 Unknown/Low Value,40,active,False,regional/unknown tier — manual review; authority below medium
CA - East Bay Times,https://www.eastbaytimes.com/feed/,eastbaytimes.com,General,8,Tier 8 Unknown/Low Value,40,blocked,False,regional/unknown tier — manual review; feed blocks bots (verify active); authority below medium
CA - LA Downtown News,https://www.ladowntownnews.com/feed/,ladowntownnews.com,General,8,Tier 8 Unknown/Low Value,40,blocked,False,regional/unknown tier — manual review; feed blocks bots (verify active); authority below medium
CA - Napa Valley Register,https://napavalleyregister.com/search/?f=rss,napavalleyregister.com,General,8,Tier 8 Unknown/Low Value,40,blocked,False,regional/unknown tier — manual review; feed blocks bots (verify active); authority below medium
CA - Sonoma Press Democrat,https://www.pressdemocrat.com/feed/,pressdemocrat.com,General,8,Tier 8 Unknown/Low Value,40,blocked,False,regional/unknown tier — manual review; feed blocks bots (verify active); authority below medium
CA - Fairfield Daily Republic,https://www.dailyrepublic.com/search/?f=rss,dailyrepublic.com,General,8,Tier 8 Unknown/Low Value,40,blocked,False,regional/unknown tier — manual review; feed blocks bots (verify active); authority below medium
CA - Vacaville Reporter,https://www.thereporter.com/feed/,thereporter.com,General,8,Tier 8 Unknown/Low Value,40,blocked,False,regional/unknown tier — manual review; feed blocks bots (verify active); authority below medium
CA - Woodland Democrat,https://www.dailydemocrat.com/feed/,dailydemocrat.com,General,8,Tier 8 Unknown/Low Value,40,blocked,False,regional/unknown tier — manual review; feed blocks bots (verify active); authority below medium
CA - Madera Tribune,https://www.maderatribune.com/search/?f=rss,maderatribune.com,General,8,Tier 8 Unknown/Low Value,40,active,False,regional/unknown tier — manual review; authority below medium
CA - Porterville Recorder,https://www.recorderonline.com/search/?f=rss,recorderonline.com,General,8,Tier 8 Unknown/Low Value,40,active,False,regional/unknown tier — manual review; authority below medium
CA - Lompoc Record,https://lompocrecord.com/search/?f=rss,lompocrecord.com,General,8,Tier 8 Unknown/Low Value,40,blocked,False,regional/unknown tier — manual review; feed blocks bots (verify active); authority below medium
CA - Santa Maria Times,https://santamariatimes.com/search/?f=rss,santamariatimes.com,General,8,Tier 8 Unknown/Low Value,40,blocked,False,regional/unknown tier — manual review; feed blocks bots (verify active); authority below medium
CA - Antelope Valley Press,https://www.avpress.com/search/?f=rss,avpress.com,General,8,Tier 8 Unknown/Low Value,40,blocked,False,regional/unknown tier — manual review; feed blocks bots (verify active); authority below medium
CA - Cal Matters,https://calmatters.org/feed/,calmatters.org,General,8,Tier 8 Unknown/Low Value,40,active,False,regional/unknown tier — manual review; authority below medium
CA - LA Weekly,https://www.laweekly.com/feed/,laweekly.com,General,8,Tier 8 Unknown/Low Value,40,blocked,False,regional/unknown tier — manual review; feed blocks bots (verify active); authority below medium
CO - Colorado Sun,https://coloradosun.com/feed/,coloradosun.com,General,8,Tier 8 Unknown/Low Value,40,active,False,regional/unknown tier — manual review; authority below medium
CO - Colorado Politics,https://www.coloradopolitics.com/search/?f=rss,coloradopolitics.com,General,8,Tier 8 Unknown/Low Value,40,active,False,regional/unknown tier — manual review; authority below medium
CO - Loveland Reporter-Herald,https://www.reporterherald.com/feed/,reporterherald.com,General,8,Tier 8 Unknown/Low Value,40,blocked,False,regional/unknown tier — manual review; feed blocks bots (verify active); authority below medium
CO - Longmont Times-Call,https://www.timescall.com/feed/,timescall.com,General,8,Tier 8 Unknown/Low Value,40,blocked,False,regional/unknown tier — manual review; feed blocks bots (verify active); authority below medium
CO - Steamboat Pilot & Today,https://www.steamboatpilot.com/feed/,steamboatpilot.com,General,8,Tier 8 Unknown/Low Value,40,active,False,regional/unknown tier — manual review; authority below medium
CO - Glenwood Post Independent,https://www.postindependent.com/feed/,postindependent.com,General,8,Tier 8 Unknown/Low Value,40,active,False,regional/unknown tier — manual review; authority below medium
CO - Westword Denver,https://www.westword.com/feed/,westword.com,General,8,Tier 8 Unknown/Low Value,40,active,False,regional/unknown tier — manual review; authority below medium
CT - CT Mirror,https://ctmirror.org/feed/,ctmirror.org,General,8,Tier 8 Unknown/Low Value,40,active,False,regional/unknown tier — manual review; authority below medium
CT - CT Insider,https://www.ctinsider.com/search/?f=rss,ctinsider.com,General,8,Tier 8 Unknown/Low Value,40,active,False,regional/unknown tier — manual review; authority below medium
CT - Journal Inquirer Manchester,https://www.journalinquirer.com/search/?f=rss,journalinquirer.com,General,8,Tier 8 Unknown/Low Value,40,active,False,regional/unknown tier — manual review; authority below medium
FL - Tallahassee Reports,https://tallahasseereports.com/feed/,tallahasseereports.com,General,8,Tier 8 Unknown/Low Value,40,active,False,regional/unknown tier — manual review; authority below medium
FL - Punta Gorda Charlotte Sun,https://www.yoursun.com/search/?f=rss,yoursun.com,General,8,Tier 8 Unknown/Low Value,40,blocked,False,regional/unknown tier — manual review; feed blocks bots (verify active); authority below medium
FL - Sebring News-Sun,https://www.newssun.com/search/?f=rss,newssun.com,General,8,Tier 8 Unknown/Low Value,40,active,False,regional/unknown tier — manual review; authority below medium
FL - Inverness Citrus County Chron,https://www.chronicleonline.com/search/?f=rss,chronicleonline.com,General,8,Tier 8 Unknown/Low Value,40,blocked,False,regional/unknown tier — manual review; feed blocks bots (verify active); authority below medium
FL - Homestead Miami Villager,https://www.miamitimesonline.com/feed/,miamitimesonline.com,General,8,Tier 8 Unknown/Low Value,40,blocked,False,regional/unknown tier — manual review; feed blocks bots (verify active); authority below medium
FL - Florida Politics,https://floridapolitics.com/feed/,floridapolitics.com,General,8,Tier 8 Unknown/Low Value,40,active,False,regional/unknown tier — manual review; authority below medium
FL - Florida Phoenix,https://www.floridaphoenix.com/feed/,floridaphoenix.com,General,8,Tier 8 Unknown/Low Value,40,active,False,regional/unknown tier — manual review; authority below medium
GA - Gainesville Times,https://www.gainesvilletimes.com/search/?f=rss,gainesvilletimes.com,General,8,Tier 8 Unknown/Low Value,40,active,False,regional/unknown tier — manual review; authority below medium
GA - Albany Herald,https://www.albanyherald.com/search/?f=rss,albanyherald.com,General,8,Tier 8 Unknown/Low Value,40,blocked,False,regional/unknown tier — manual review; feed blocks bots (verify active); authority below medium
GA - Moultrie Observer,https://www.moultrieobserver.com/feed/,moultrieobserver.com,General,8,Tier 8 Unknown/Low Value,40,active,False,regional/unknown tier — manual review; authority below medium
GA - Georgia Recorder,https://georgiarecorder.com/feed/,georgiarecorder.com,General,8,Tier 8 Unknown/Low Value,40,active,False,regional/unknown tier — manual review; authority below medium
ID - Pocatello Idaho State Journal,https://www.idahostatejournal.com/search/?f=rss,idahostatejournal.com,General,8,Tier 8 Unknown/Low Value,40,blocked,False,regional/unknown tier — manual review; feed blocks bots (verify active); authority below medium
ID - Sandpoint Reader,https://www.sandpointreader.com/feed/,sandpointreader.com,General,8,Tier 8 Unknown/Low Value,40,active,False,regional/unknown tier — manual review; authority below medium
ID - Idaho Capital Sun,https://idahocapitalsun.com/feed/,idahocapitalsun.com,General,8,Tier 8 Unknown/Low Value,40,active,False,regional/unknown tier — manual review; authority below medium
IL - Galesburg Register-Mail,https://www.galesburg.com/search/?f=rss,galesburg.com,General,8,Tier 8 Unknown/Low Value,40,blocked,False,regional/unknown tier — manual review; feed blocks bots (verify active); authority below medium
IL - Freeport Journal-Standard,https://www.journalstandard.com/search/?f=rss,journalstandard.com,General,8,Tier 8 Unknown/Low Value,40,blocked,False,regional/unknown tier — manual review; feed blocks bots (verify active); authority below medium
IL - Illinois Times,https://illinoistimes.com/feed/,illinoistimes.com,General,8,Tier 8 Unknown/Low Value,40,active,False,regional/unknown tier — manual review; authority below medium
IL - Capitol News Illinois,https://capitolnewsillinois.com/feed/,capitolnewsillinois.com,General,8,Tier 8 Unknown/Low Value,40,active,False,regional/unknown tier — manual review; authority below medium
IN - Kokomo Tribune,https://www.kokomotribune.com/search/?f=rss,kokomotribune.com,General,8,Tier 8 Unknown/Low Value,40,active,False,regional/unknown tier — manual review; authority below medium
IN - Anderson Herald Bulletin,https://www.heraldbulletin.com/search/?f=rss,heraldbulletin.com,General,8,Tier 8 Unknown/Low Value,40,blocked,False,regional/unknown tier — manual review; feed blocks bots (verify active); authority below medium
IN - Marion Chronicle-Tribune,https://www.chronicle-tribune.com/search/?f=rss,chronicle-tribune.com,General,8,Tier 8 Unknown/Low Value,40,active,False,regional/unknown tier — manual review; authority below medium
IN - Indiana Capital Chronicle,https://indianacapitalchronicle.com/feed/,indianacapitalchronicle.com,General,8,Tier 8 Unknown/Low Value,40,active,False,regional/unknown tier — manual review; authority below medium
IA - Mason City Globe Gazette,https://www.globegazette.com/search/?f=rss,globegazette.com,General,8,Tier 8 Unknown/Low Value,40,blocked,False,regional/unknown tier — manual review; feed blocks bots (verify active); authority below medium
IA - Ottumwa Courier,https://www.ottumwacourier.com/search/?f=rss,ottumwacourier.com,General,8,Tier 8 Unknown/Low Value,40,active,False,regional/unknown tier — manual review; authority below medium
IA - Marshalltown Times-Republican,https://www.timesrepublican.com/search/?f=rss,timesrepublican.com,General,8,Tier 8 Unknown/Low Value,40,blocked,False,regional/unknown tier — manual review; feed blocks bots (verify active); authority below medium
IA - Fort Dodge Messenger,https://www.messengernews.net/search/?f=rss,messengernews.net,General,8,Tier 8 Unknown/Low Value,40,blocked,False,regional/unknown tier — manual review; feed blocks bots (verify active); authority below medium
IA - Iowa Capital Dispatch,https://iowacapitaldispatch.com/feed/,iowacapitaldispatch.com,General,8,Tier 8 Unknown/Low Value,40,active,False,regional/unknown tier — manual review; authority below medium
KS - Ottawa Herald,https://www.ottawaherald.com/search/?f=rss,ottawaherald.com,General,8,Tier 8 Unknown/Low Value,40,active,False,regional/unknown tier — manual review; authority below medium
KS - Kansas Reflector,https://kansasreflector.com/feed/,kansasreflector.com,General,8,Tier 8 Unknown/Low Value,40,active,False,regional/unknown tier — manual review; authority below medium
KY - Elizabethtown News-Enterprise,https://www.thenewsenterprise.com/search/?f=rss,thenewsenterprise.com,General,8,Tier 8 Unknown/Low Value,40,blocked,False,regional/unknown tier — manual review; feed blocks bots (verify active); authority below medium
KY - Richmond Register,https://www.richmondregister.com/search/?f=rss,richmondregister.com,General,8,Tier 8 Unknown/Low Value,40,active,False,regional/unknown tier — manual review; authority below medium
KY - Danville Advocate-Messenger,https://www.amnews.com/search/?f=rss,amnews.com,General,8,Tier 8 Unknown/Low Value,40,active,False,regional/unknown tier — manual review; authority below medium
KY - Murray Ledger & Times,https://www.murrayledger.com/search/?f=rss,murrayledger.com,General,8,Tier 8 Unknown/Low Value,40,blocked,False,regional/unknown tier — manual review; feed blocks bots (verify active); authority below medium
KY - Kentucky Lantern,https://kentuckylantern.com/feed/,kentuckylantern.com,General,8,Tier 8 Unknown/Low Value,40,active,False,regional/unknown tier — manual review; authority below medium
KY - Kentucky Public Radio,https://www.wkyu.org/rss,wkyu.org,General,8,Tier 8 Unknown/Low Value,40,active,False,regional/unknown tier — manual review; authority below medium
LA - Baton Rouge Business Report,https://www.businessreport.com/feed/,businessreport.com,General,8,Tier 8 Unknown/Low Value,40,active,False,regional/unknown tier — manual review; authority below medium
LA - Acadiana Advocate,https://www.theadvocate.com/acadiana/rss,theadvocate.com,General,8,Tier 8 Unknown/Low Value,40,blocked,False,regional/unknown tier — manual review; feed blocks bots (verify active); authority below medium
LA - Louisiana Illuminator,https://lailluminator.com/feed/,lailluminator.com,General,8,Tier 8 Unknown/Low Value,40,active,False,regional/unknown tier — manual review; authority below medium
LA - Gambit New Orleans,https://www.nola.com/gambit/rss,nola.com,General,8,Tier 8 Unknown/Low Value,40,blocked,False,regional/unknown tier — manual review; feed blocks bots (verify active); authority below medium
ME - Portland Phoenix,https://www.portlandphoenix.me/feed/,portlandphoenix.me,General,8,Tier 8 Unknown/Low Value,40,blocked,False,regional/unknown tier — manual review; feed blocks bots (verify active); authority below medium
ME - Maine Morning Star,https://mainemorningstar.com/feed/,mainemorningstar.com,General,8,Tier 8 Unknown/Low Value,40,active,False,regional/unknown tier — manual review; authority below medium
MD - Maryland Matters,https://www.marylandmatters.org/feed/,marylandmatters.org,General,8,Tier 8 Unknown/Low Value,40,active,False,regional/unknown tier — manual review; authority below medium
MD - Southern Maryland Online,https://somd.com/feed/,somd.com,General,8,Tier 8 Unknown/Low Value,40,blocked,False,regional/unknown tier — manual review; feed blocks bots (verify active); authority below medium
MA - Attleboro Sun Chronicle,https://www.thesunchronicle.com/search/?f=rss,thesunchronicle.com,General,8,Tier 8 Unknown/Low Value,40,blocked,False,regional/unknown tier — manual review; feed blocks bots (verify active); authority below medium
MA - North Adams Transcript,https://www.thetranscript.com/search/?f=rss,thetranscript.com,General,8,Tier 8 Unknown/Low Value,40,active,False,regional/unknown tier — manual review; authority below medium
MA - Fitchburg Sentinel & Enterprise,https://www.sentinelandenterprise.com/feed/,sentinelandenterprise.com,General,8,Tier 8 Unknown/Low Value,40,blocked,False,regional/unknown tier — manual review; feed blocks bots (verify active); authority below medium
MA - Haverhill Gazette,https://www.eagletribune.com/haverhill_gazette/rss,eagletribune.com,General,8,Tier 8 Unknown/Low Value,40,blocked,False,regional/unknown tier — manual review; feed blocks bots (verify active); authority below medium
MA - Eagle Tribune Lawrence,https://www.eagletribune.com/rss,eagletribune.com,General,8,Tier 8 Unknown/Low Value,40,blocked,False,regional/unknown tier — manual review; feed blocks bots (verify active); authority below medium
MI - Holland Sentinel,https://www.hollandsentinel.com/search/?f=rss,hollandsentinel.com,General,8,Tier 8 Unknown/Low Value,40,blocked,False,regional/unknown tier — manual review; feed blocks bots (verify active); authority below medium
MI - Midland Daily News,https://www.ourmidland.com/search/?f=rss,ourmidland.com,General,8,Tier 8 Unknown/Low Value,40,active,False,regional/unknown tier — manual review; authority below medium
MI - Petoskey News-Review,https://www.petoskeynews.com/search/?f=rss,petoskeynews.com,General,8,Tier 8 Unknown/Low Value,40,blocked,False,regional/unknown tier — manual review; feed blocks bots (verify active); authority below medium
MI - Michigan Advance,https://michiganadvance.com/feed/,michiganadvance.com,General,8,Tier 8 Unknown/Low Value,40,active,False,regional/unknown tier — manual review; authority below medium
MN - Bemidji Pioneer,https://www.bemidjipioneer.com/search/?f=rss,bemidjipioneer.com,General,8,Tier 8 Unknown/Low Value,40,active,False,regional/unknown tier — manual review; authority below medium
MN - Worthington Daily Globe,https://www.dglobe.com/search/?f=rss,dglobe.com,General,8,Tier 8 Unknown/Low Value,40,active,False,regional/unknown tier — manual review; authority below medium
MN - Willmar West Central Tribune,https://www.wctrib.com/search/?f=rss,wctrib.com,General,8,Tier 8 Unknown/Low Value,40,active,False,regional/unknown tier — manual review; authority below medium
MN - Fergus Falls Daily Journal,https://www.fergusfallsjournal.com/search/?f=rss,fergusfallsjournal.com,General,8,Tier 8 Unknown/Low Value,40,active,False,regional/unknown tier — manual review; authority below medium
MN - Minnesota Reformer,https://minnesotareformer.com/feed/,minnesotareformer.com,General,8,Tier 8 Unknown/Low Value,40,active,False,regional/unknown tier — manual review; authority below medium
MN - Sahan Journal,https://sahanjournal.com/feed/,sahanjournal.com,General,8,Tier 8 Unknown/Low Value,40,active,False,regional/unknown tier — manual review; authority below medium
MS - Greenwood Commonwealth,https://www.gwcommonwealth.com/search/?f=rss,gwcommonwealth.com,General,8,Tier 8 Unknown/Low Value,40,active,False,regional/unknown tier — manual review; authority below medium
MS - Tupelo Daily Journal,https://www.djournal.com/search/?f=rss,djournal.com,General,8,Tier 8 Unknown/Low Value,40,blocked,False,regional/unknown tier — manual review; feed blocks bots (verify active); authority below medium
MS - Mississippi Free Press,https://www.mississippifreepress.org/feed/,mississippifreepress.org,General,8,Tier 8 Unknown/Low Value,40,active,False,regional/unknown tier — manual review; authority below medium
MO - Sikeston Standard Democrat,https://www.standard-democrat.com/search/?f=rss,standard-democrat.com,General,8,Tier 8 Unknown/Low Value,40,active,False,regional/unknown tier — manual review; authority below medium
MO - Independence Examiner,https://www.examiner.net/search/?f=rss,examiner.net,General,8,Tier 8 Unknown/Low Value,40,active,False,regional/unknown tier — manual review; authority below medium
MO - Missouri Independent,https://missouriindependent.com/feed/,missouriindependent.com,General,8,Tier 8 Unknown/Low Value,40,active,False,regional/unknown tier — manual review; authority below medium
MO - Riverfront Times St Louis,https://www.riverfronttimes.com/feed/,riverfronttimes.com,General,8,Tier 8 Unknown/Low Value,40,blocked,False,regional/unknown tier — manual review; feed blocks bots (verify active); authority below medium
MT - Havre Daily News,https://www.havredailynews.com/search/?f=rss,havredailynews.com,General,8,Tier 8 Unknown/Low Value,40,active,False,regional/unknown tier — manual review; authority below medium
MT - Miles City Star,https://www.milescitystar.com/search/?f=rss,milescitystar.com,General,8,Tier 8 Unknown/Low Value,40,blocked,False,regional/unknown tier — manual review; feed blocks bots (verify active); authority below medium
MT - Montana Standard Butte,https://mtstandard.com/search/?f=rss,mtstandard.com,General,8,Tier 8 Unknown/Low Value,40,active,False,regional/unknown tier — manual review; authority below medium
MT - Livingston Enterprise,https://www.livingstonenterprise.com/search/?f=rss,livingstonenterprise.com,General,8,Tier 8 Unknown/Low Value,40,active,False,regional/unknown tier — manual review; authority below medium
NE - Columbus Telegram,https://www.columbustelegram.com/search/?f=rss,columbustelegram.com,General,8,Tier 8 Unknown/Low Value,40,blocked,False,regional/unknown tier — manual review; feed blocks bots (verify active); authority below medium
NE - Hastings Tribune,https://www.hastingstribune.com/search/?f=rss,hastingstribune.com,General,8,Tier 8 Unknown/Low Value,40,active,False,regional/unknown tier — manual review; authority below medium
NE - York News-Times,https://www.yorknewstimes.com/search/?f=rss,yorknewstimes.com,General,8,Tier 8 Unknown/Low Value,40,blocked,False,regional/unknown tier — manual review; feed blocks bots (verify active); authority below medium
NE - North Platte Telegraph,https://www.nptelegraph.com/search/?f=rss,nptelegraph.com,General,8,Tier 8 Unknown/Low Value,40,active,False,regional/unknown tier — manual review; authority below medium
NE - Nebraska Examiner,https://nebraskaexaminer.com/feed/,nebraskaexaminer.com,General,8,Tier 8 Unknown/Low Value,40,active,False,regional/unknown tier — manual review; authority below medium
NV - Elko Daily Free Press,https://www.elkodaily.com/search/?f=rss,elkodaily.com,General,8,Tier 8 Unknown/Low Value,40,blocked,False,regional/unknown tier — manual review; feed blocks bots (verify active); authority below medium
NV - Nevada Current,https://nevadacurrent.com/feed/,nevadacurrent.com,General,8,Tier 8 Unknown/Low Value,40,active,False,regional/unknown tier — manual review; authority below medium
NV - Nevada Appeal Carson City,https://www.nevadaappeal.com/search/?f=rss,nevadaappeal.com,General,8,Tier 8 Unknown/Low Value,40,active,False,regional/unknown tier — manual review; authority below medium
NH - Portsmouth Herald,https://www.seacoastonline.com/search/?f=rss,seacoastonline.com,General,8,Tier 8 Unknown/Low Value,40,blocked,False,regional/unknown tier — manual review; feed blocks bots (verify active); authority below medium
NH - Nashua Telegraph,https://www.nashuatelegraph.com/search/?f=rss,nashuatelegraph.com,General,8,Tier 8 Unknown/Low Value,40,blocked,False,regional/unknown tier — manual review; feed blocks bots (verify active); authority below medium
NH - NH Bulletin,https://newhampshirebulletin.com/feed/,newhampshirebulletin.com,General,8,Tier 8 Unknown/Low Value,40,active,False,regional/unknown tier — manual review; authority below medium
NH - InDepthNH,https://indepthnh.org/feed/,indepthnh.org,General,8,Tier 8 Unknown/Low Value,40,active,False,regional/unknown tier — manual review; authority below medium
NJ - Trentonian,https://www.trentonian.com/feed/,trentonian.com,General,8,Tier 8 Unknown/Low Value,40,blocked,False,regional/unknown tier — manual review; feed blocks bots (verify active); authority below medium
NJ - Atlantic City Press,https://www.pressofatlanticcity.com/search/?f=rss,pressofatlanticcity.com,General,8,Tier 8 Unknown/Low Value,40,blocked,False,regional/unknown tier — manual review; feed blocks bots (verify active); authority below medium
NJ - New Jersey Monitor,https://newjerseymonitor.com/feed/,newjerseymonitor.com,General,8,Tier 8 Unknown/Low Value,40,active,False,regional/unknown tier — manual review; authority below medium
NM - Silver City Daily Press,https://www.scdailypress.com/feed/,scdailypress.com,General,8,Tier 8 Unknown/Low Value,40,active,False,regional/unknown tier — manual review; authority below medium
NM - Taos News,https://www.taosnews.com/search/?f=rss,taosnews.com,General,8,Tier 8 Unknown/Low Value,40,active,False,regional/unknown tier — manual review; authority below medium
NM - Source New Mexico,https://sourcenm.com/feed/,sourcenm.com,General,8,Tier 8 Unknown/Low Value,40,active,False,regional/unknown tier — manual review; authority below medium
NY - Glens Falls Post-Star,https://poststar.com/search/?f=rss,poststar.com,General,8,Tier 8 Unknown/Low Value,40,blocked,False,regional/unknown tier — manual review; feed blocks bots (verify active); authority below medium
NY - Kingston Daily Freeman,https://www.dailyfreeman.com/search/?f=rss,dailyfreeman.com,General,8,Tier 8 Unknown/Low Value,40,active,False,regional/unknown tier — manual review; authority below medium
NY - Middletown Times Herald-Record,https://www.recordonline.com/search/?f=rss,recordonline.com,General,8,Tier 8 Unknown/Low Value,40,blocked,False,regional/unknown tier — manual review; feed blocks bots (verify active); authority below medium
NY - New York Focus,https://www.nysfocus.com/feed/,nysfocus.com,General,8,Tier 8 Unknown/Low Value,40,active,False,regional/unknown tier — manual review; authority below medium
NY - City Limits,https://citylimits.org/feed/,citylimits.org,General,8,Tier 8 Unknown/Low Value,40,active,False,regional/unknown tier — manual review; authority below medium
NY - The Indypendent,https://indypendent.org/feed/,indypendent.org,General,8,Tier 8 Unknown/Low Value,40,blocked,False,regional/unknown tier — manual review; feed blocks bots (verify active); authority below medium
NY - Brooklyn Eagle,https://brooklyneagle.com/feed/,brooklyneagle.com,General,8,Tier 8 Unknown/Low Value,40,other,False,regional/unknown tier — manual review; authority below medium
NY - Bronx Times,https://www.bxtimes.com/feed/,bxtimes.com,General,8,Tier 8 Unknown/Low Value,40,active,False,regional/unknown tier — manual review; authority below medium
NC - Hickory Daily Record,https://www.hickoryrecord.com/search/?f=rss,hickoryrecord.com,General,8,Tier 8 Unknown/Low Value,40,blocked,False,regional/unknown tier — manual review; feed blocks bots (verify active); authority below medium
NC - Morganton News Herald,https://www.morganton.com/search/?f=rss,morganton.com,General,8,Tier 8 Unknown/Low Value,40,blocked,False,regional/unknown tier — manual review; feed blocks bots (verify active); authority below medium
NC - Sanford Herald,https://www.sanfordherald.com/search/?f=rss,sanfordherald.com,General,8,Tier 8 Unknown/Low Value,40,blocked,False,regional/unknown tier — manual review; feed blocks bots (verify active); authority below medium
NC - Wilson Times,https://www.wilsontimes.com/search/?f=rss,wilsontimes.com,General,8,Tier 8 Unknown/Low Value,40,active,False,regional/unknown tier — manual review; authority below medium
NC - Kinston Free Press,https://www.kinston.com/search/?f=rss,kinston.com,General,8,Tier 8 Unknown/Low Value,40,blocked,False,regional/unknown tier — manual review; feed blocks bots (verify active); authority below medium
NC - Cardinal & Pine,https://cardinalpine.com/feed/,cardinalpine.com,General,8,Tier 8 Unknown/Low Value,40,active,False,regional/unknown tier — manual review; authority below medium
ND - Wahpeton Daily News,https://www.wahpetondailynews.com/search/?f=rss,wahpetondailynews.com,General,8,Tier 8 Unknown/Low Value,40,active,False,regional/unknown tier — manual review; authority below medium
ND - Williston Daily Herald,https://www.willistonherald.com/search/?f=rss,willistonherald.com,General,8,Tier 8 Unknown/Low Value,40,active,False,regional/unknown tier — manual review; authority below medium
ND - ND Monitor,https://ndmonitor.com/feed/,ndmonitor.com,General,8,Tier 8 Unknown/Low Value,40,active,False,regional/unknown tier — manual review; authority below medium
OH - Portsmouth Daily Times,https://www.portsmouth-dailytimes.com/search/?f=rss,portsmouth-dailytimes.com,General,8,Tier 8 Unknown/Low Value,40,blocked,False,regional/unknown tier — manual review; feed blocks bots (verify active); authority below medium
OH - Lima News,https://www.limaohio.com/search/?f=rss,limaohio.com,General,8,Tier 8 Unknown/Low Value,40,blocked,False,regional/unknown tier — manual review; feed blocks bots (verify active); authority below medium
OH - Defiance Crescent-News,https://www.crescent-news.com/search/?f=rss,crescent-news.com,General,8,Tier 8 Unknown/Low Value,40,blocked,False,regional/unknown tier — manual review; feed blocks bots (verify active); authority below medium
OH - Signal Cleveland,https://signalcleveland.org/feed/,signalcleveland.org,General,8,Tier 8 Unknown/Low Value,40,active,False,regional/unknown tier — manual review; authority below medium
OK - Bartlesville Examiner-Enterprise,https://www.examiner-enterprise.com/search/?f=rss,examiner-enterprise.com,General,8,Tier 8 Unknown/Low Value,40,blocked,False,regional/unknown tier — manual review; feed blocks bots (verify active); authority below medium
OK - Ponca City News,https://www.poncacitynews.com/search/?f=rss,poncacitynews.com,General,8,Tier 8 Unknown/Low Value,40,active,False,regional/unknown tier — manual review; authority below medium
OK - Shawnee News-Star,https://www.news-star.com/search/?f=rss,news-star.com,General,8,Tier 8 Unknown/Low Value,40,active,False,regional/unknown tier — manual review; authority below medium
OK - Oklahoma Voice,https://oklahomavoice.com/feed/,oklahomavoice.com,General,8,Tier 8 Unknown/Low Value,40,active,False,regional/unknown tier — manual review; authority below medium
OR - Klamath Falls Herald News,https://www.heraldandnews.com/search/?f=rss,heraldandnews.com,General,8,Tier 8 Unknown/Low Value,40,active,False,regional/unknown tier — manual review; authority below medium
OR - Roseburg News-Review,https://www.nrtoday.com/search/?f=rss,nrtoday.com,General,8,Tier 8 Unknown/Low Value,40,blocked,False,regional/unknown tier — manual review; feed blocks bots (verify active); authority below medium
OR - Street Roots Portland,https://www.streetroots.org/feed/,streetroots.org,General,8,Tier 8 Unknown/Low Value,40,active,False,regional/unknown tier — manual review; authority below medium
PA - Johnstown Tribune-Democrat,https://www.tribdem.com/search/?f=rss,tribdem.com,General,8,Tier 8 Unknown/Low Value,40,blocked,False,regional/unknown tier — manual review; feed blocks bots (verify active); authority below medium
PA - Greensburg Tribune-Review,https://triblive.com/local/westmoreland/feed/,triblive.com,General,8,Tier 8 Unknown/Low Value,40,active,False,regional/unknown tier — manual review; authority below medium
PA - Beaver County Times,https://www.timesonline.com/search/?f=rss,timesonline.com,General,8,Tier 8 Unknown/Low Value,40,blocked,False,regional/unknown tier — manual review; feed blocks bots (verify active); authority below medium
PA - Butler Eagle,https://www.butlereagle.com/search/?f=rss,butlereagle.com,General,8,Tier 8 Unknown/Low Value,40,active,False,regional/unknown tier — manual review; authority below medium
PA - Broad + Liberty,https://broadandliberty.com/feed/,broadandliberty.com,General,8,Tier 8 Unknown/Low Value,40,active,False,regional/unknown tier — manual review; authority below medium
SC - Aiken Standard,https://www.aikenstandard.com/search/?f=rss,aikenstandard.com,General,8,Tier 8 Unknown/Low Value,40,blocked,False,regional/unknown tier — manual review; feed blocks bots (verify active); authority below medium
SC - Florence Morning News,https://www.scnow.com/search/?f=rss,scnow.com,General,8,Tier 8 Unknown/Low Value,40,active,False,regional/unknown tier — manual review; authority below medium
SC - Orangeburg Times & Democrat,https://thetandd.com/search/?f=rss,thetandd.com,General,8,Tier 8 Unknown/Low Value,40,active,False,regional/unknown tier — manual review; authority below medium
SC - SC Daily Gazette,https://scdailygazette.com/feed/,scdailygazette.com,General,8,Tier 8 Unknown/Low Value,40,active,False,regional/unknown tier — manual review; authority below medium
SD - Mitchell Daily Republic,https://www.mitchellrepublic.com/search/?f=rss,mitchellrepublic.com,General,8,Tier 8 Unknown/Low Value,40,active,False,regional/unknown tier — manual review; authority below medium
TN - Cookeville Herald-Citizen,https://www.herald-citizen.com/search/?f=rss,herald-citizen.com,General,8,Tier 8 Unknown/Low Value,40,blocked,False,regional/unknown tier — manual review; feed blocks bots (verify active); authority below medium
TN - Columbia Daily Herald,https://www.columbiadailyherald.com/search/?f=rss,columbiadailyherald.com,General,8,Tier 8 Unknown/Low Value,40,blocked,False,regional/unknown tier — manual review; feed blocks bots (verify active); authority below medium
TN - Kingsport Times-News,https://www.timesnews.net/search/?f=rss,timesnews.net,General,8,Tier 8 Unknown/Low Value,40,active,False,regional/unknown tier — manual review; authority below medium
TN - Bristol Herald Courier,https://heraldcourier.com/search/?f=rss,heraldcourier.com,General,8,Tier 8 Unknown/Low Value,40,blocked,False,regional/unknown tier — manual review; feed blocks bots (verify active); authority below medium
TN - Nashville Scene,https://www.nashvillescene.com/feed/,nashvillescene.com,General,8,Tier 8 Unknown/Low Value,40,blocked,False,regional/unknown tier — manual review; feed blocks bots (verify active); authority below medium
TX - Paris News,https://www.theparisNews.com/search/?f=rss,theparisnews.com,General,8,Tier 8 Unknown/Low Value,40,blocked,False,regional/unknown tier — manual review; feed blocks bots (verify active); authority below medium
TX - Marshall News Messenger,https://www.marshallnewsmessenger.com/search/?f=rss,marshallnewsmessenger.com,General,8,Tier 8 Unknown/Low Value,40,active,False,regional/unknown tier — manual review; authority below medium
TX - Bryan-College Station Eagle,https://www.theeagle.com/search/?f=rss,theeagle.com,General,8,Tier 8 Unknown/Low Value,40,blocked,False,regional/unknown tier — manual review; feed blocks bots (verify active); authority below medium
TX - Killeen Daily Herald,https://kdhnews.com/search/?f=rss,kdhnews.com,General,8,Tier 8 Unknown/Low Value,40,active,False,regional/unknown tier — manual review; authority below medium
TX - Temple Daily Telegram,https://www.tdtnews.com/search/?f=rss,tdtnews.com,General,8,Tier 8 Unknown/Low Value,40,blocked,False,regional/unknown tier — manual review; feed blocks bots (verify active); authority below medium
TX - Big Spring Herald,https://www.bigspringherald.com/search/?f=rss,bigspringherald.com,General,8,Tier 8 Unknown/Low Value,40,blocked,False,regional/unknown tier — manual review; feed blocks bots (verify active); authority below medium
TX - Plainview Daily Herald,https://www.myplainview.com/search/?f=rss,myplainview.com,General,8,Tier 8 Unknown/Low Value,40,active,False,regional/unknown tier — manual review; authority below medium
TX - Garland News,https://www.garlandnews.com/search/?f=rss,garlandnews.com,General,8,Tier 8 Unknown/Low Value,40,active,False,regional/unknown tier — manual review; authority below medium
TX - Texas Observer,https://www.texasobserver.org/feed/,texasobserver.org,General,8,Tier 8 Unknown/Low Value,40,active,False,regional/unknown tier — manual review; authority below medium
TX - Texas Monthly,https://www.texasmonthly.com/feed/,texasmonthly.com,General,8,Tier 8 Unknown/Low Value,40,active,False,regional/unknown tier — manual review; authority below medium
TX - The Texas Signal,https://texassignal.com/feed/,texassignal.com,General,8,Tier 8 Unknown/Low Value,40,active,False,regional/unknown tier — manual review; authority below medium
UT - Summit Daily Newpark City,https://www.summitdaily.com/feed/,summitdaily.com,General,8,Tier 8 Unknown/Low Value,40,active,False,regional/unknown tier — manual review; authority below medium
UT - Moab Times-Independent,https://www.moabtimes.com/feed/,moabtimes.com,General,8,Tier 8 Unknown/Low Value,40,active,False,regional/unknown tier — manual review; authority below medium
UT - Utah Policy,https://utahpolicy.com/feed/,utahpolicy.com,General,8,Tier 8 Unknown/Low Value,40,active,False,regional/unknown tier — manual review; authority below medium
UT - Utah News Dispatch,https://utahnewsdispatch.com/feed/,utahnewsdispatch.com,General,8,Tier 8 Unknown/Low Value,40,active,False,regional/unknown tier — manual review; authority below medium
VT - St. Albans Messenger,https://www.samessenger.com/search/?f=rss,samessenger.com,General,8,Tier 8 Unknown/Low Value,40,blocked,False,regional/unknown tier — manual review; feed blocks bots (verify active); authority below medium
VT - Addison County Independent,https://www.addisonindependent.com/search/?f=rss,addisonindependent.com,General,8,Tier 8 Unknown/Low Value,40,active,False,regional/unknown tier — manual review; authority below medium
VT - Seven Days VT,https://www.sevendaysvt.com/feed/,sevendaysvt.com,General,8,Tier 8 Unknown/Low Value,40,active,False,regional/unknown tier — manual review; authority below medium
VA - Martinsville Bulletin,https://www.martinsvillebulletin.com/search/?f=rss,martinsvillebulletin.com,General,8,Tier 8 Unknown/Low Value,40,blocked,False,regional/unknown tier — manual review; feed blocks bots (verify active); authority below medium
VA - Danville Register & Bee,https://www.registerbee.com/search/?f=rss,registerbee.com,General,8,Tier 8 Unknown/Low Value,40,blocked,False,regional/unknown tier — manual review; feed blocks bots (verify active); authority below medium
VA - Waynesboro News Virginian,https://www.newsvirginian.com/search/?f=rss,newsvirginian.com,General,8,Tier 8 Unknown/Low Value,40,blocked,False,regional/unknown tier — manual review; feed blocks bots (verify active); authority below medium
VA - Harrisonburg DNR,https://www.dnronline.com/search/?f=rss,dnronline.com,General,8,Tier 8 Unknown/Low Value,40,blocked,False,regional/unknown tier — manual review; feed blocks bots (verify active); authority below medium
VA - Cardinal News,https://cardinalnews.org/feed/,cardinalnews.org,General,8,Tier 8 Unknown/Low Value,40,active,False,regional/unknown tier — manual review; authority below medium
WA - Walla Walla Union-Bulletin,https://www.union-bulletin.com/search/?f=rss,union-bulletin.com,General,8,Tier 8 Unknown/Low Value,40,blocked,False,regional/unknown tier — manual review; feed blocks bots (verify active); authority below medium
WA - Washington State Standard,https://washingtonstatestandard.com/feed/,washingtonstatestandard.com,General,8,Tier 8 Unknown/Low Value,40,active,False,regional/unknown tier — manual review; authority below medium
WV - Bluefield Daily Telegraph,https://www.bdtonline.com/search/?f=rss,bdtonline.com,General,8,Tier 8 Unknown/Low Value,40,active,False,regional/unknown tier — manual review; authority below medium
WV - Beckley Register-Herald,https://www.register-herald.com/search/?f=rss,register-herald.com,General,8,Tier 8 Unknown/Low Value,40,blocked,False,regional/unknown tier — manual review; feed blocks bots (verify active); authority below medium
WV - WV Public Broadcasting,https://wvpublic.org/feed,wvpublic.org,General,8,Tier 8 Unknown/Low Value,40,active,False,regional/unknown tier — manual review; authority below medium
WI - Eau Claire Leader-Telegram,https://www.leadertelegram.com/search/?f=rss,leadertelegram.com,General,8,Tier 8 Unknown/Low Value,40,blocked,False,regional/unknown tier — manual review; feed blocks bots (verify active); authority below medium
WI - Superior Telegram,https://www.superiortelegram.com/search/?f=rss,superiortelegram.com,General,8,Tier 8 Unknown/Low Value,40,active,False,regional/unknown tier — manual review; authority below medium
WI - Janesville Gazette,https://www.gazettextra.com/search/?f=rss,gazettextra.com,General,8,Tier 8 Unknown/Low Value,40,blocked,False,regional/unknown tier — manual review; feed blocks bots (verify active); authority below medium
WI - Beloit Daily News,https://www.beloitdailynews.com/search/?f=rss,beloitdailynews.com,General,8,Tier 8 Unknown/Low Value,40,blocked,False,regional/unknown tier — manual review; feed blocks bots (verify active); authority below medium
WI - Kenosha News,https://www.kenoshanews.com/search/?f=rss,kenoshanews.com,General,8,Tier 8 Unknown/Low Value,40,blocked,False,regional/unknown tier — manual review; feed blocks bots (verify active); authority below medium
WI - Wisconsin Examiner,https://wisconsinexaminer.com/feed/,wisconsinexaminer.com,General,8,Tier 8 Unknown/Low Value,40,active,False,regional/unknown tier — manual review; authority below medium
WY - Powell Tribune,https://www.powelltribune.com/search/?f=rss,powelltribune.com,General,8,Tier 8 Unknown/Low Value,40,blocked,False,regional/unknown tier — manual review; feed blocks bots (verify active); authority below medium
WY - Douglas Budget,https://www.douglas-budget.com/search/?f=rss,douglas-budget.com,General,8,Tier 8 Unknown/Low Value,40,active,False,regional/unknown tier — manual review; authority below medium
Spanish - La Opinion LA,https://laopinion.com/feed/,laopinion.com,General,8,Tier 8 Unknown/Low Value,40,active,False,regional/unknown tier — manual review; authority below medium
Spanish - Rumbo de Valle TX,https://www.rumbonews.com/feed/,rumbonews.com,General,8,Tier 8 Unknown/Low Value,40,active,False,regional/unknown tier — manual review; authority below medium
Spanish - El Vocero Puerto Rico,https://www.elvocero.com/feed/,elvocero.com,General,8,Tier 8 Unknown/Low Value,40,blocked,False,regional/unknown tier — manual review; feed blocks bots (verify active); authority below medium
Spanish - Telemundo News,https://www.telemundo.com/noticias/rss,telemundo.com,General,8,Tier 8 Unknown/Low Value,40,active,False,regional/unknown tier — manual review; authority below medium
Spanish - Voz de America Spanish,https://www.voanews.com/api/zmpqemprmo,voanews.com,General,8,Tier 8 Unknown/Low Value,40,active,False,regional/unknown tier — manual review; authority below medium
Spanish - Latin Times,https://www.latintimes.com/rss,latintimes.com,General,8,Tier 8 Unknown/Low Value,40,active,False,regional/unknown tier — manual review; authority below medium
Ethnic - Afro American,https://afro.com/feed/,afro.com,General,8,Tier 8 Unknown/Low Value,40,active,False,regional/unknown tier — manual review; authority below medium
Ethnic - New Pittsburgh Courier,https://newpittsburghcourier.com/feed/,newpittsburghcourier.com,General,8,Tier 8 Unknown/Low Value,40,blocked,False,regional/unknown tier — manual review; feed blocks bots (verify active); authority below medium
Ethnic - Los Angeles Sentinel,https://lasentinel.net/feed/,lasentinel.net,General,8,Tier 8 Unknown/Low Value,40,blocked,False,regional/unknown tier — manual review; feed blocks bots (verify active); authority below medium
Ethnic - Atlanta Voice,https://theatlantavoice.com/feed/,theatlantavoice.com,General,8,Tier 8 Unknown/Low Value,40,active,False,regional/unknown tier — manual review; authority below medium
Ethnic - Amsterdam News NY,https://amsterdamnews.com/feed/,amsterdamnews.com,General,8,Tier 8 Unknown/Low Value,40,active,False,regional/unknown tier — manual review; authority below medium
Wire - UPI Technology,https://www.upi.com/rss/Technology/,upi.com,General,8,Tier 8 Unknown/Low Value,40,active,False,regional/unknown tier — manual review; authority below medium
Wire - States Newsroom,https://statesnewsroom.com/feed/,statesnewsroom.com,General,8,Tier 8 Unknown/Low Value,40,active,False,regional/unknown tier — manual review; authority below medium
Cable - PBS NewsHour,https://www.pbs.org/newshour/feeds/rss/headlines,pbs.org,General,8,Tier 8 Unknown/Low Value,40,active,False,regional/unknown tier — manual review; authority below medium
Cable - MSNBC,https://www.msnbc.com/feeds/latest,msnbc.com,General,8,Tier 8 Unknown/Low Value,40,active,False,regional/unknown tier — manual review; authority below medium
Fox News,https://moxie.foxnews.com/google-publisher/latest.xml,moxie.foxnews.com,General,8,Tier 8 Unknown/Low Value,40,active,False,regional/unknown tier — manual review; authority below medium
Fox News National,https://moxie.foxnews.com/google-publisher/national.xml,moxie.foxnews.com,General,8,Tier 8 Unknown/Low Value,40,other,False,regional/unknown tier — manual review; authority below medium
Cable - Fox News Politics,https://moxie.foxnews.com/google-publisher/politics.xml,moxie.foxnews.com,General,8,Tier 8 Unknown/Low Value,40,active,False,regional/unknown tier — manual review; authority below medium
Cable - Fox News Tech,https://moxie.foxnews.com/google-publisher/tech.xml,moxie.foxnews.com,General,8,Tier 8 Unknown/Low Value,40,active,False,regional/unknown tier — manual review; authority below medium
Cable - ABC News Politics,https://abcnews.go.com/abcnews/politicsheadlines,abcnews.go.com,General,8,Tier 8 Unknown/Low Value,40,active,False,regional/unknown tier — manual review; authority below medium
Cable - CBS News Politics,https://www.cbsnews.com/latest/rss/politics,cbsnews.com,General,8,Tier 8 Unknown/Low Value,40,active,False,regional/unknown tier — manual review; authority below medium
Cable - NBC News Politics,https://feeds.nbcnews.com/nbcnews/public/politics,feeds.nbcnews.com,General,8,Tier 8 Unknown/Low Value,40,active,False,regional/unknown tier — manual review; authority below medium
Cable - OAN,https://www.oann.com/feed/,oann.com,General,8,Tier 8 Unknown/Low Value,40,active,False,regional/unknown tier — manual review; authority below medium
Cable - Sinclair Broadcast Group,https://sbgi.net/feed/,sbgi.net,General,8,Tier 8 Unknown/Low Value,40,active,False,regional/unknown tier — manual review; authority below medium
Cable - Nexstar Media,https://www.nexstar.tv/feed/,nexstar.tv,General,8,Tier 8 Unknown/Low Value,40,active,False,regional/unknown tier — manual review; authority below medium
Trade - Adweek,https://www.adweek.com/feed/,adweek.com,General,8,Tier 8 Unknown/Low Value,40,active,False,regional/unknown tier — manual review; authority below medium
Trade - Sound & Vision,https://www.soundandvision.com/rss.xml,soundandvision.com,General,8,Tier 8 Unknown/Low Value,40,active,False,regional/unknown tier — manual review; authority below medium
Trade - Deadline Hollywood,https://deadline.com/feed/,deadline.com,General,8,Tier 8 Unknown/Low Value,40,active,False,regional/unknown tier — manual review; authority below medium
Trade - Lost Remote,https://lostremote.com/feed/,lostremote.com,General,8,Tier 8 Unknown/Low Value,40,active,False,regional/unknown tier — manual review; authority below medium
Trade - Nieman Reports,https://niemanreports.org/feed/,niemanreports.org,General,8,Tier 8 Unknown/Low Value,40,active,False,regional/unknown tier — manual review; authority below medium
Trade - American Journalism Rev,https://ajr.org/feed/,ajr.org,General,8,Tier 8 Unknown/Low Value,40,active,False,regional/unknown tier — manual review; authority below medium
Trade - Editor & Publisher,https://www.editorandpublisher.com/feed/,editorandpublisher.com,General,8,Tier 8 Unknown/Low Value,40,active,False,regional/unknown tier — manual review; authority below medium
Trade - Press Gazette UK,https://pressgazette.co.uk/feed/,pressgazette.co.uk,General,8,Tier 8 Unknown/Low Value,40,active,False,regional/unknown tier — manual review; authority below medium
Trade - Digiday,https://digiday.com/feed/,digiday.com,General,8,Tier 8 Unknown/Low Value,40,active,False,regional/unknown tier — manual review; authority below medium
Trade - Puck News,https://puck.news/feed/,puck.news,General,8,Tier 8 Unknown/Low Value,40,active,False,regional/unknown tier — manual review; authority below medium
Watch - Alabama Political Reporter,https://www.alreporter.com/feed/,alreporter.com,General,8,Tier 8 Unknown/Low Value,40,active,False,regional/unknown tier — manual review; authority below medium
Watch - AZ Center for Investigative,https://azcir.org/feed/,azcir.org,General,8,Tier 8 Unknown/Low Value,40,active,False,regional/unknown tier — manual review; authority below medium
Watch - California Healthline,https://californiahealthline.org/feed/,californiahealthline.org,General,8,Tier 8 Unknown/Low Value,40,active,False,regional/unknown tier — manual review; authority below medium
Watch - CT Health Investigative,https://c-hit.org/feed/,c-hit.org,General,8,Tier 8 Unknown/Low Value,40,active,False,regional/unknown tier — manual review; authority below medium
Watch - DC Line,https://thedcline.org/feed/,thedcline.org,General,8,Tier 8 Unknown/Low Value,40,active,False,regional/unknown tier — manual review; authority below medium
Watch - Georgia Health News,https://georgiahealthnews.com/feed/,georgiahealthnews.com,General,8,Tier 8 Unknown/Low Value,40,active,False,regional/unknown tier — manual review; authority below medium
Watch - IL Answers Project,https://illinoisanswers.org/feed/,illinoisanswers.org,General,8,Tier 8 Unknown/Low Value,40,active,False,regional/unknown tier — manual review; authority below medium
Watch - KY Health News,https://kyhealthnews.org/feed/,kyhealthnews.org,General,8,Tier 8 Unknown/Low Value,40,active,False,regional/unknown tier — manual review; authority below medium
TV - KXAN Austin,https://www.kxan.com/feed/,kxan.com,General,8,Tier 8 Unknown/Low Value,40,active,False,regional/unknown tier — manual review; authority below medium
TV - KVUE Austin,https://www.kvue.com/feeds/syndication/rss/news,kvue.com,General,8,Tier 8 Unknown/Low Value,40,active,False,regional/unknown tier — manual review; authority below medium
TV - KPRC Houston,https://www.click2houston.com/rss,click2houston.com,General,8,Tier 8 Unknown/Low Value,40,active,False,regional/unknown tier — manual review; authority below medium
TV - KXAS Dallas,https://www.nbcdfw.com/feed/,nbcdfw.com,General,8,Tier 8 Unknown/Low Value,40,active,False,regional/unknown tier — manual review; authority below medium
TV - WLS Chicago,https://abc7chicago.com/feed/,abc7chicago.com,General,8,Tier 8 Unknown/Low Value,40,active,False,regional/unknown tier — manual review; authority below medium
TV - WMAQ Chicago,https://www.nbcchicago.com/feed/,nbcchicago.com,General,8,Tier 8 Unknown/Low Value,40,active,False,regional/unknown tier — manual review; authority below medium
TV - WBBM Chicago,https://www.cbschicago.com/rss/,cbschicago.com,General,8,Tier 8 Unknown/Low Value,40,active,False,regional/unknown tier — manual review; authority below medium
TV - WXIA Atlanta,https://www.11alive.com/feeds/syndication/rss/news,11alive.com,General,8,Tier 8 Unknown/Low Value,40,active,False,regional/unknown tier — manual review; authority below medium
TV - WTSP Tampa,https://www.wtsp.com/feeds/syndication/rss/news,wtsp.com,General,8,Tier 8 Unknown/Low Value,40,active,False,regional/unknown tier — manual review; authority below medium
TV - WKMG Orlando,https://www.clickorlando.com/rss,clickorlando.com,General,8,Tier 8 Unknown/Low Value,40,active,False,regional/unknown tier — manual review; authority below medium
TV - WDIV Detroit,https://www.clickondetroit.com/rss,clickondetroit.com,General,8,Tier 8 Unknown/Low Value,40,active,False,regional/unknown tier — manual review; authority below medium
TV - WWJ Detroit,https://www.cbsdetroit.com/rss/,cbsdetroit.com,General,8,Tier 8 Unknown/Low Value,40,active,False,regional/unknown tier — manual review; authority below medium
TV - KING Seattle,https://www.king5.com/feeds/syndication/rss/news,king5.com,General,8,Tier 8 Unknown/Low Value,40,active,False,regional/unknown tier — manual review; authority below medium
TV - KGW Portland,https://www.kgw.com/feeds/syndication/rss/news,kgw.com,General,8,Tier 8 Unknown/Low Value,40,active,False,regional/unknown tier — manual review; authority below medium
TV - KNBC Los Angeles,https://www.nbclosangeles.com/feed/,nbclosangeles.com,General,8,Tier 8 Unknown/Low Value,40,active,False,regional/unknown tier — manual review; authority below medium
TV - KABC Los Angeles,https://abc7.com/feed/,abc7.com,General,8,Tier 8 Unknown/Low Value,40,active,False,regional/unknown tier — manual review; authority below medium
TV - KRQE Albuquerque,https://www.krqe.com/feed/,krqe.com,General,8,Tier 8 Unknown/Low Value,40,active,False,regional/unknown tier — manual review; authority below medium
TV - KTVB Boise,https://www.ktvb.com/feeds/syndication/rss/news,ktvb.com,General,8,Tier 8 Unknown/Low Value,40,active,False,regional/unknown tier — manual review; authority below medium
TV - KREM Spokane,https://www.krem.com/feeds/syndication/rss/news,krem.com,General,8,Tier 8 Unknown/Low Value,40,active,False,regional/unknown tier — manual review; authority below medium
TV - WWL New Orleans,https://www.wwltv.com/feeds/syndication/rss/news,wwltv.com,General,8,Tier 8 Unknown/Low Value,40,active,False,regional/unknown tier — manual review; authority below medium
TV - WDRB Louisville,https://www.wdrb.com/rss/,wdrb.com,General,8,Tier 8 Unknown/Low Value,40,blocked,False,regional/unknown tier — manual review; feed blocks bots (verify active); authority below medium
TV - WKRN Nashville,https://www.wkrn.com/feed/,wkrn.com,General,8,Tier 8 Unknown/Low Value,40,active,False,regional/unknown tier — manual review; authority below medium
TV - WREG Memphis,https://wreg.com/feed/,wreg.com,General,8,Tier 8 Unknown/Low Value,40,active,False,regional/unknown tier — manual review; authority below medium
TV - WATE Knoxville,https://www.wate.com/feed/,wate.com,General,8,Tier 8 Unknown/Low Value,40,active,False,regional/unknown tier — manual review; authority below medium
TV - WHNT Huntsville,https://whnt.com/feed/,whnt.com,General,8,Tier 8 Unknown/Low Value,40,active,False,regional/unknown tier — manual review; authority below medium
TV - WKRG Mobile,https://www.wkrg.com/feed/,wkrg.com,General,8,Tier 8 Unknown/Low Value,40,active,False,regional/unknown tier — manual review; authority below medium
TV - WJXT Jacksonville,https://www.news4jax.com/rss,news4jax.com,General,8,Tier 8 Unknown/Low Value,40,active,False,regional/unknown tier — manual review; authority below medium
TV - WGHP Greensboro,https://myfox8.com/feed/,myfox8.com,General,8,Tier 8 Unknown/Low Value,40,active,False,regional/unknown tier — manual review; authority below medium
TV - WTVD Raleigh,https://abc11.com/feed/,abc11.com,General,8,Tier 8 Unknown/Low Value,40,active,False,regional/unknown tier — manual review; authority below medium
TV - WNCN Raleigh,https://www.cbs17.com/feed/,cbs17.com,General,8,Tier 8 Unknown/Low Value,40,active,False,regional/unknown tier — manual review; authority below medium
TV - WYFF Greenville SC,https://www.wyff4.com/rss,wyff4.com,General,8,Tier 8 Unknown/Low Value,40,active,False,regional/unknown tier — manual review; authority below medium
TV - WSPA Greenville SC,https://www.wspa.com/feed/,wspa.com,General,8,Tier 8 Unknown/Low Value,40,active,False,regional/unknown tier — manual review; authority below medium
TV - WLTX Columbia SC,https://www.wltx.com/feeds/syndication/rss/news,wltx.com,General,8,Tier 8 Unknown/Low Value,40,active,False,regional/unknown tier — manual review; authority below medium
TV - WCBD Charleston SC,https://www.counton2.com/feed/,counton2.com,General,8,Tier 8 Unknown/Low Value,40,active,False,regional/unknown tier — manual review; authority below medium
TV - WSAV Savannah,https://www.wsav.com/feed/,wsav.com,General,8,Tier 8 Unknown/Low Value,40,active,False,regional/unknown tier — manual review; authority below medium
TV - WMAZ Macon,https://www.13wmaz.com/feeds/syndication/rss/news,13wmaz.com,General,8,Tier 8 Unknown/Low Value,40,active,False,regional/unknown tier — manual review; authority below medium
TV - WVEC Norfolk,https://www.13newsnow.com/feeds/syndication/rss/news,13newsnow.com,General,8,Tier 8 Unknown/Low Value,40,active,False,regional/unknown tier — manual review; authority below medium
TV - WRIC Richmond,https://www.wric.com/feed/,wric.com,General,8,Tier 8 Unknown/Low Value,40,active,False,regional/unknown tier — manual review; authority below medium
TV - WUSA Washington DC,https://www.wusa9.com/feeds/syndication/rss/news,wusa9.com,General,8,Tier 8 Unknown/Low Value,40,active,False,regional/unknown tier — manual review; authority below medium
TV - WRC Washington DC,https://www.nbcwashington.com/feed/,nbcwashington.com,General,8,Tier 8 Unknown/Low Value,40,active,False,regional/unknown tier — manual review; authority below medium
TV - WGAL Lancaster PA,https://www.wgal.com/rss,wgal.com,General,8,Tier 8 Unknown/Low Value,40,active,False,regional/unknown tier — manual review; authority below medium
TV - WNEP Scranton,https://www.wnep.com/feeds/syndication/rss/news,wnep.com,General,8,Tier 8 Unknown/Low Value,40,active,False,regional/unknown tier — manual review; authority below medium
TV - WJET Erie PA,https://www.yourerie.com/feed/,yourerie.com,General,8,Tier 8 Unknown/Low Value,40,active,False,regional/unknown tier — manual review; authority below medium
TV - WTAJ Altoona,https://www.wearecentralpa.com/feed/,wearecentralpa.com,General,8,Tier 8 Unknown/Low Value,40,active,False,regional/unknown tier — manual review; authority below medium
TV - WHTM Harrisburg,https://www.abc27.com/feed/,abc27.com,General,8,Tier 8 Unknown/Low Value,40,active,False,regional/unknown tier — manual review; authority below medium
TV - WHP Harrisburg,https://local21news.com/feed/,local21news.com,General,8,Tier 8 Unknown/Low Value,40,other,False,regional/unknown tier — manual review; authority below medium
TV - WCAU Philadelphia,https://www.nbcphiladelphia.com/feed/,nbcphiladelphia.com,General,8,Tier 8 Unknown/Low Value,40,active,False,regional/unknown tier — manual review; authority below medium
TV - WPVI Philadelphia,https://6abc.com/feed/,6abc.com,General,8,Tier 8 Unknown/Low Value,40,active,False,regional/unknown tier — manual review; authority below medium
TV - WTAE Pittsburgh,https://www.wtae.com/rss,wtae.com,General,8,Tier 8 Unknown/Low Value,40,active,False,regional/unknown tier — manual review; authority below medium
TV - WROC Rochester,https://www.rochesterfirst.com/feed/,rochesterfirst.com,General,8,Tier 8 Unknown/Low Value,40,active,False,regional/unknown tier — manual review; authority below medium
TV - WGRZ Buffalo,https://www.wgrz.com/feeds/syndication/rss/news,wgrz.com,General,8,Tier 8 Unknown/Low Value,40,active,False,regional/unknown tier — manual review; authority below medium
TV - WIVB Buffalo,https://www.wivb.com/feed/,wivb.com,General,8,Tier 8 Unknown/Low Value,40,active,False,regional/unknown tier — manual review; authority below medium
TV - WPTZ Burlington VT,https://www.wptz.com/rss,wptz.com,General,8,Tier 8 Unknown/Low Value,40,active,False,regional/unknown tier — manual review; authority below medium
TV - WCVB Boston,https://www.wcvb.com/rss,wcvb.com,General,8,Tier 8 Unknown/Low Value,40,active,False,regional/unknown tier — manual review; authority below medium
TV - WPRI Providence,https://www.wpri.com/feed/,wpri.com,General,8,Tier 8 Unknown/Low Value,40,active,False,regional/unknown tier — manual review; authority below medium
TV - WTNH New Haven,https://www.wtnh.com/feed/,wtnh.com,General,8,Tier 8 Unknown/Low Value,40,active,False,regional/unknown tier — manual review; authority below medium
TV - WBOC Salisbury MD,https://www.wboc.com/rss,wboc.com,General,8,Tier 8 Unknown/Low Value,40,blocked,False,regional/unknown tier — manual review; feed blocks bots (verify active); authority below medium
TV - WFRV Green Bay,https://www.wearegreenbay.com/feed/,wearegreenbay.com,General,8,Tier 8 Unknown/Low Value,40,active,False,regional/unknown tier — manual review; authority below medium
TV - WISN Milwaukee,https://www.wisn.com/rss,wisn.com,General,8,Tier 8 Unknown/Low Value,40,active,False,regional/unknown tier — manual review; authority below medium
TV - WDIO Duluth,https://www.wdio.com/feed/,wdio.com,General,8,Tier 8 Unknown/Low Value,40,active,False,regional/unknown tier — manual review; authority below medium
TV - KSTP Minneapolis,https://kstp.com/feed/,kstp.com,General,8,Tier 8 Unknown/Low Value,40,active,False,regional/unknown tier — manual review; authority below medium
TV - WHO Des Moines,https://who13.com/feed/,who13.com,General,8,Tier 8 Unknown/Low Value,40,active,False,regional/unknown tier — manual review; authority below medium
TV - KCCI Des Moines,https://www.kcci.com/rss,kcci.com,General,8,Tier 8 Unknown/Low Value,40,active,False,regional/unknown tier — manual review; authority below medium
TV - KSNW Wichita,https://www.ksn.com/feed/,ksn.com,General,8,Tier 8 Unknown/Low Value,40,active,False,regional/unknown tier — manual review; authority below medium
TV - KFOR Oklahoma City,https://kfor.com/feed/,kfor.com,General,8,Tier 8 Unknown/Low Value,40,active,False,regional/unknown tier — manual review; authority below medium
TV - KOCO Oklahoma City,https://www.koco.com/rss,koco.com,General,8,Tier 8 Unknown/Low Value,40,active,False,regional/unknown tier — manual review; authority below medium
TV - KTUL Tulsa,https://ktul.com/feed/,ktul.com,General,8,Tier 8 Unknown/Low Value,40,other,False,regional/unknown tier — manual review; authority below medium
TV - KMBC Kansas City,https://www.kmbc.com/rss,kmbc.com,General,8,Tier 8 Unknown/Low Value,40,active,False,regional/unknown tier — manual review; authority below medium
TV - KSDK St Louis,https://www.ksdk.com/feeds/syndication/rss/news,ksdk.com,General,8,Tier 8 Unknown/Low Value,40,active,False,regional/unknown tier — manual review; authority below medium
TV - KTVI St Louis,https://fox2now.com/feed/,fox2now.com,General,8,Tier 8 Unknown/Low Value,40,active,False,regional/unknown tier — manual review; authority below medium
TV - KARK Little Rock,https://www.kark.com/feed/,kark.com,General,8,Tier 8 Unknown/Low Value,40,active,False,regional/unknown tier — manual review; authority below medium
TV - KLFY Lafayette LA,https://www.klfy.com/feed/,klfy.com,General,8,Tier 8 Unknown/Low Value,40,active,False,regional/unknown tier — manual review; authority below medium
TV - KTRK Houston,https://abc13.com/feed/,abc13.com,General,8,Tier 8 Unknown/Low Value,40,active,False,regional/unknown tier — manual review; authority below medium
TV - KAMC Lubbock,https://www.everythinglubbock.com/feed/,everythinglubbock.com,General,8,Tier 8 Unknown/Low Value,40,active,False,regional/unknown tier — manual review; authority below medium
TV - KAMR Amarillo,https://www.myhighplains.com/feed/,myhighplains.com,General,8,Tier 8 Unknown/Low Value,40,active,False,regional/unknown tier — manual review; authority below medium
TV - KXTV Sacramento,https://www.abc10.com/feeds/syndication/rss/news,abc10.com,General,8,Tier 8 Unknown/Low Value,40,active,False,regional/unknown tier — manual review; authority below medium
TV - KFSN Fresno,https://abc30.com/feed/,abc30.com,General,8,Tier 8 Unknown/Low Value,40,active,False,regional/unknown tier — manual review; authority below medium
TV - KSEE Fresno,https://www.yourcentralvalley.com/feed/,yourcentralvalley.com,General,8,Tier 8 Unknown/Low Value,40,active,False,regional/unknown tier — manual review; authority below medium
TV - KGET Bakersfield,https://www.kget.com/feed/,kget.com,General,8,Tier 8 Unknown/Low Value,40,active,False,regional/unknown tier — manual review; authority below medium
TV - KDVR Denver,https://kdvr.com/feed/,kdvr.com,General,8,Tier 8 Unknown/Low Value,40,active,False,regional/unknown tier — manual review; authority below medium
TV - KRDO Colorado Springs,https://krdo.com/feed/,krdo.com,General,8,Tier 8 Unknown/Low Value,40,active,False,regional/unknown tier — manual review; authority below medium
TV - KLAS Las Vegas,https://www.8newsnow.com/feed/,8newsnow.com,General,8,Tier 8 Unknown/Low Value,40,active,False,regional/unknown tier — manual review; authority below medium
TV - KITV Honolulu,https://www.kitv.com/rss,kitv.com,General,8,Tier 8 Unknown/Low Value,40,blocked,False,regional/unknown tier — manual review; feed blocks bots (verify active); authority below medium
TV - KHON Honolulu,https://www.khon2.com/feed/,khon2.com,General,8,Tier 8 Unknown/Low Value,40,active,False,regional/unknown tier — manual review; authority below medium
TV - KXMB Bismarck,https://www.kxnet.com/feed/,kxnet.com,General,8,Tier 8 Unknown/Low Value,40,active,False,regional/unknown tier — manual review; authority below medium
TV - WLNS Lansing MI,https://www.wlns.com/feed/,wlns.com,General,8,Tier 8 Unknown/Low Value,40,active,False,regional/unknown tier — manual review; authority below medium
TV - WOOD Grand Rapids,https://www.woodtv.com/feed/,woodtv.com,General,8,Tier 8 Unknown/Low Value,40,active,False,regional/unknown tier — manual review; authority below medium
TV - WZZM Grand Rapids,https://www.wzzm13.com/feeds/syndication/rss/news,wzzm13.com,General,8,Tier 8 Unknown/Low Value,40,active,False,regional/unknown tier — manual review; authority below medium
TV - WKYC Cleveland,https://www.wkyc.com/feeds/syndication/rss/news,wkyc.com,General,8,Tier 8 Unknown/Low Value,40,active,False,regional/unknown tier — manual review; authority below medium
TV - WJW Cleveland,https://fox8.com/feed/,fox8.com,General,8,Tier 8 Unknown/Low Value,40,active,False,regional/unknown tier — manual review; authority below medium
TV - WKBN Youngstown,https://www.wkbn.com/feed/,wkbn.com,General,8,Tier 8 Unknown/Low Value,40,active,False,regional/unknown tier — manual review; authority below medium
TV - WCMH Columbus,https://www.nbc4i.com/feed/,nbc4i.com,General,8,Tier 8 Unknown/Low Value,40,active,False,regional/unknown tier — manual review; authority below medium
TV - WBNS Columbus,https://www.10tv.com/feeds/syndication/rss/news,10tv.com,General,8,Tier 8 Unknown/Low Value,40,active,False,regional/unknown tier — manual review; authority below medium
TV - WISH Indianapolis,https://www.wishtv.com/feed/,wishtv.com,General,8,Tier 8 Unknown/Low Value,40,active,False,regional/unknown tier — manual review; authority below medium
TV - WXIN Indianapolis,https://fox59.com/feed/,fox59.com,General,8,Tier 8 Unknown/Low Value,40,active,False,regional/unknown tier — manual review; authority below medium
TV - WANE Fort Wayne,https://www.wane.com/feed/,wane.com,General,8,Tier 8 Unknown/Low Value,40,active,False,regional/unknown tier — manual review; authority below medium
TV - WEHT Evansville,https://www.tristatehomepage.com/feed/,tristatehomepage.com,General,8,Tier 8 Unknown/Low Value,40,active,False,regional/unknown tier — manual review; authority below medium
Radio - WHYY Philadelphia,https://whyy.org/feed/,whyy.org,General,8,Tier 8 Unknown/Low Value,40,active,False,regional/unknown tier — manual review; authority below medium
Radio - WJCT Jacksonville,https://www.wjct.org/feed/,wjct.org,General,8,Tier 8 Unknown/Low Value,40,active,False,regional/unknown tier — manual review; authority below medium
Radio - WXXI Rochester,https://www.wxxi.org/rss,wxxi.org,General,8,Tier 8 Unknown/Low Value,40,active,False,regional/unknown tier — manual review; authority below medium
Radio - KOSU Oklahoma City,https://www.kosu.org/rss,kosu.org,General,8,Tier 8 Unknown/Low Value,40,blocked,False,regional/unknown tier — manual review; feed blocks bots (verify active); authority below medium
Radio - Houston Public Media,https://www.houstonpublicmedia.org/feed/,houstonpublicmedia.org,General,8,Tier 8 Unknown/Low Value,40,active,False,regional/unknown tier — manual review; authority below medium
Radio - KCRW Santa Monica,https://www.kcrw.com/rss,kcrw.com,General,8,Tier 8 Unknown/Low Value,40,blocked,False,regional/unknown tier — manual review; feed blocks bots (verify active); authority below medium
Radio - Colorado Public Radio,https://www.cpr.org/feed/,cpr.org,General,8,Tier 8 Unknown/Low Value,40,active,False,regional/unknown tier — manual review; authority below medium
Radio - Wisconsin Public Radio,https://www.wpr.org/feed/,wpr.org,General,8,Tier 8 Unknown/Low Value,40,active,False,regional/unknown tier — manual review; authority below medium
Radio - WABE Atlanta,https://www.wabe.org/rss,wabe.org,General,8,Tier 8 Unknown/Low Value,40,blocked,False,regional/unknown tier — manual review; feed blocks bots (verify active); authority below medium
Radio - WITF Harrisburg,https://www.witf.org/rss,witf.org,General,8,Tier 8 Unknown/Low Value,40,active,False,regional/unknown tier — manual review; authority below medium
National - The Dispatch,https://thedispatch.com/feed/,thedispatch.com,General,8,Tier 8 Unknown/Low Value,40,active,False,regional/unknown tier — manual review; authority below medium
National - National Review,https://www.nationalreview.com/feed/,nationalreview.com,General,8,Tier 8 Unknown/Low Value,40,active,False,regional/unknown tier — manual review; authority below medium
National - Washington Examiner,https://www.washingtonexaminer.com/rss,washingtonexaminer.com,General,8,Tier 8 Unknown/Low Value,40,active,False,regional/unknown tier — manual review; authority below medium
National - Daily Caller,https://dailycaller.com/feed/,dailycaller.com,General,8,Tier 8 Unknown/Low Value,40,active,False,regional/unknown tier — manual review; authority below medium
National - The Free Press,https://www.thefp.com/feed,thefp.com,General,8,Tier 8 Unknown/Low Value,40,active,False,regional/unknown tier — manual review; authority below medium
National - The 19th News,https://19thnews.org/feed/,19thnews.org,General,8,Tier 8 Unknown/Low Value,40,active,False,regional/unknown tier — manual review; authority below medium
National - Capital B News,https://capitalbnews.org/feed/,capitalbnews.org,General,8,Tier 8 Unknown/Low Value,40,active,False,regional/unknown tier — manual review; authority below medium
National - Word in Black,https://wordinblack.com/feed/,wordinblack.com,General,8,Tier 8 Unknown/Low Value,40,active,False,regional/unknown tier — manual review; authority below medium
National - The Appeal,https://theappeal.org/feed/,theappeal.org,General,8,Tier 8 Unknown/Low Value,40,active,False,regional/unknown tier — manual review; authority below medium
National - Courthouse News,https://www.courthousenews.com/feed/,courthousenews.com,General,8,Tier 8 Unknown/Low Value,40,active,False,regional/unknown tier — manual review; authority below medium
National - Next Century Cities,https://nextcenturycities.org/feed/,nextcenturycities.org,General,8,Tier 8 Unknown/Low Value,40,active,False,regional/unknown tier — manual review; authority below medium
Biz - Memphis Business Jrnl,https://www.bizjournals.com/memphis/feed/latest/,bizjournals.com,General,8,Tier 8 Unknown/Low Value,40,blocked,False,regional/unknown tier — manual review; feed blocks bots (verify active); authority below medium
Biz - Raleigh Business Jrnl,https://www.bizjournals.com/triangle/feed/latest/,bizjournals.com,General,8,Tier 8 Unknown/Low Value,40,blocked,False,regional/unknown tier — manual review; feed blocks bots (verify active); authority below medium
Biz - Triad Business Jrnl,https://www.bizjournals.com/triad/feed/latest/,bizjournals.com,General,8,Tier 8 Unknown/Low Value,40,blocked,False,regional/unknown tier — manual review; feed blocks bots (verify active); authority below medium
Biz - Birmingham Business Jrnl,https://www.bizjournals.com/birmingham/feed/latest/,bizjournals.com,General,8,Tier 8 Unknown/Low Value,40,blocked,False,regional/unknown tier — manual review; feed blocks bots (verify active); authority below medium
Biz - Louisville Business Jrnl,https://www.bizjournals.com/louisville/feed/latest/,bizjournals.com,General,8,Tier 8 Unknown/Low Value,40,blocked,False,regional/unknown tier — manual review; feed blocks bots (verify active); authority below medium
Biz - Albany Business Review,https://www.bizjournals.com/albany/feed/latest/,bizjournals.com,General,8,Tier 8 Unknown/Low Value,40,blocked,False,regional/unknown tier — manual review; feed blocks bots (verify active); authority below medium
Biz - Buffalo Business Jrnl,https://www.bizjournals.com/buffalo/feed/latest/,bizjournals.com,General,8,Tier 8 Unknown/Low Value,40,blocked,False,regional/unknown tier — manual review; feed blocks bots (verify active); authority below medium
Biz - Hartford Business Jrnl,https://www.bizjournals.com/hartford/feed/latest/,bizjournals.com,General,8,Tier 8 Unknown/Low Value,40,blocked,False,regional/unknown tier — manual review; feed blocks bots (verify active); authority below medium
Biz - Providence Business News,https://www.bizjournals.com/providence/feed/latest/,bizjournals.com,General,8,Tier 8 Unknown/Low Value,40,blocked,False,regional/unknown tier — manual review; feed blocks bots (verify active); authority below medium
Biz - Albuquerque Business Jrnl,https://www.bizjournals.com/albuquerque/feed/latest/,bizjournals.com,General,8,Tier 8 Unknown/Low Value,40,blocked,False,regional/unknown tier — manual review; feed blocks bots (verify active); authority below medium
Biz - Phoenix Business Jrnl,https://www.bizjournals.com/phoenix/feed/latest/,bizjournals.com,General,8,Tier 8 Unknown/Low Value,40,blocked,False,regional/unknown tier — manual review; feed blocks bots (verify active); authority below medium
Biz - Sacramento Business Jrnl,https://www.bizjournals.com/sacramento/feed/latest/,bizjournals.com,General,8,Tier 8 Unknown/Low Value,40,blocked,False,regional/unknown tier — manual review; feed blocks bots (verify active); authority below medium
Biz - SF Bay Area Biz Times,https://www.bizjournals.com/sanfrancisco/feed/latest/,bizjournals.com,General,8,Tier 8 Unknown/Low Value,40,blocked,False,regional/unknown tier — manual review; feed blocks bots (verify active); authority below medium
Biz - Silicon Valley Biz Jrnl,https://www.bizjournals.com/sanjose/feed/latest/,bizjournals.com,General,8,Tier 8 Unknown/Low Value,40,blocked,False,regional/unknown tier — manual review; feed blocks bots (verify active); authority below medium
Biz - Los Angeles Biz Jrnl,https://www.bizjournals.com/losangeles/feed/latest/,bizjournals.com,General,8,Tier 8 Unknown/Low Value,40,blocked,False,regional/unknown tier — manual review; feed blocks bots (verify active); authority below medium
Biz - San Diego Biz Jrnl,https://www.bizjournals.com/sandiego/feed/latest/,bizjournals.com,General,8,Tier 8 Unknown/Low Value,40,blocked,False,regional/unknown tier — manual review; feed blocks bots (verify active); authority below medium
Biz - Wichita Biz Jrnl,https://www.bizjournals.com/wichita/feed/latest/,bizjournals.com,General,8,Tier 8 Unknown/Low Value,40,blocked,False,regional/unknown tier — manual review; feed blocks bots (verify active); authority below medium
Biz - Oklahoma City Biz Jrnl,https://www.bizjournals.com/oklahomacity/feed/latest/,bizjournals.com,General,8,Tier 8 Unknown/Low Value,40,blocked,False,regional/unknown tier — manual review; feed blocks bots (verify active); authority below medium
Biz - Tulsa Biz Jrnl,https://www.bizjournals.com/tulsa/feed/latest/,bizjournals.com,General,8,Tier 8 Unknown/Low Value,40,blocked,False,regional/unknown tier — manual review; feed blocks bots (verify active); authority below medium
Biz - Omaha Biz Jrnl,https://www.bizjournals.com/omaha/feed/latest/,bizjournals.com,General,8,Tier 8 Unknown/Low Value,40,blocked,False,regional/unknown tier — manual review; feed blocks bots (verify active); authority below medium
Biz - Des Moines Biz Jrnl,https://www.bizjournals.com/desmoines/feed/latest/,bizjournals.com,General,8,Tier 8 Unknown/Low Value,40,blocked,False,regional/unknown tier — manual review; feed blocks bots (verify active); authority below medium
Biz - Dayton Biz Jrnl,https://www.bizjournals.com/dayton/feed/latest/,bizjournals.com,General,8,Tier 8 Unknown/Low Value,40,blocked,False,regional/unknown tier — manual review; feed blocks bots (verify active); authority below medium
Biz - Honolulu Biz Jrnl,https://www.bizjournals.com/pacific/feed/latest/,bizjournals.com,General,8,Tier 8 Unknown/Low Value,40,blocked,False,regional/unknown tier — manual review; feed blocks bots (verify active); authority below medium
Biz - Boise Biz Jrnl,https://www.bizjournals.com/boise/feed/latest/,bizjournals.com,General,8,Tier 8 Unknown/Low Value,40,blocked,False,regional/unknown tier — manual review; feed blocks bots (verify active); authority below medium
Biz - Spokane Biz Jrnl,https://www.bizjournals.com/spokane/feed/latest/,bizjournals.com,General,8,Tier 8 Unknown/Low Value,40,blocked,False,regional/unknown tier — manual review; feed blocks bots (verify active); authority below medium
Payload Space,https://payloadspace.com/feed/,payloadspace.com,General,8,Tier 8 Unknown/Low Value,40,active,False,regional/unknown tier — manual review; authority below medium
Space Intel Report,https://www.spaceintelreport.com/feed/,spaceintelreport.com,General,8,Tier 8 Unknown/Low Value,40,active,False,regional/unknown tier — manual review; authority below medium
NASASpaceFlight,https://www.nasaspaceflight.com/feed/,nasaspaceflight.com,General,8,Tier 8 Unknown/Low Value,40,blocked,False,regional/unknown tier — manual review; feed blocks bots (verify active); authority below medium
Ars Technica Space,https://arstechnica.com/space/feed/,arstechnica.com,General,8,Tier 8 Unknown/Low Value,40,active,False,regional/unknown tier — manual review; authority below medium
SpaceflightNow,https://spaceflightnow.com/feed/,spaceflightnow.com,General,8,Tier 8 Unknown/Low Value,40,active,False,regional/unknown tier — manual review; authority below medium
SpaceRef,https://spaceref.com/feed/,spaceref.com,General,8,Tier 8 Unknown/Low Value,40,active,False,regional/unknown tier — manual review; authority below medium
Teslarati Space,https://www.teslarati.com/feed/,teslarati.com,General,8,Tier 8 Unknown/Low Value,40,active,False,regional/unknown tier — manual review; authority below medium
NENA 911,https://www.nena.org/feed/,nena.org,Cybersecurity,4,Tier 4 Technology Publications,74,blocked,False,feed blocks bots (verify active)
Urgent Communications,https://urgentcomm.com/feed/,urgentcomm.com,Cybersecurity,4,Tier 4 Technology Publications,74,blocked,False,feed blocks bots (verify active)
FierceVideo,https://www.fiercevideo.com/rss/xml,fiercevideo.com,Cybersecurity,4,Tier 4 Technology Publications,74,blocked,False,feed blocks bots (verify active)
Inside Radio,https://www.insideradio.com/feed/,insideradio.com,Cybersecurity,4,Tier 4 Technology Publications,74,blocked,False,feed blocks bots (verify active)
DOJ Antitrust,https://www.justice.gov/rss/atr.xml,justice.gov,Cybersecurity,4,Tier 4 Technology Publications,74,other,False,needs review
Wall Street Journal - Tech,https://wsj.com/xml/rss/3_7455.xml,wsj.com,General,8,Tier 8 Unknown/Low Value,40,blocked,False,regional/unknown tier — manual review; feed blocks bots (verify active); authority below medium
Wall Street Journal - US News,https://wsj.com/xml/rss/3_7085.xml,wsj.com,General,8,Tier 8 Unknown/Low Value,40,blocked,False,regional/unknown tier — manual review; feed blocks bots (verify active); authority below medium
Wall Street Journal - Politics,https://wsj.com/xml/rss/3_7036.xml,wsj.com,General,8,Tier 8 Unknown/Low Value,40,blocked,False,regional/unknown tier — manual review; feed blocks bots (verify active); authority below medium
BuzzFeed News,https://www.buzzfeed.com/index.xml,buzzfeed.com,General,8,Tier 8 Unknown/Low Value,40,active,False,regional/unknown tier — manual review; authority below medium
BuzzFeed Tech,https://www.buzzfeed.com/tech.xml,buzzfeed.com,General,8,Tier 8 Unknown/Low Value,40,active,False,regional/unknown tier — manual review; authority below medium
Motherboard Vice Tech,https://www.vice.com/en/rss,vice.com,General,8,Tier 8 Unknown/Low Value,40,active,False,regional/unknown tier — manual review; authority below medium
Consumer Reports,https://www.consumerreports.org/media-room/feed/,consumerreports.org,General,8,Tier 8 Unknown/Low Value,40,active,False,regional/unknown tier — manual review; authority below medium
CFPB News,https://www.consumerfinance.gov/about-us/newsroom/feed/,consumerfinance.gov,General,8,Tier 8 Unknown/Low Value,40,active,False,regional/unknown tier — manual review; authority below medium
CFPB Blog,https://www.consumerfinance.gov/about-us/blog/feed/,consumerfinance.gov,General,8,Tier 8 Unknown/Low Value,40,active,False,regional/unknown tier — manual review; authority below medium
NWS News,https://www.weather.gov/rss/news.php,weather.gov,General,8,Tier 8 Unknown/Low Value,40,active,False,regional/unknown tier — manual review; authority below medium
