source_id,source_name,website,rss_url,category,tier,authority_score,enabled,country,source_type,collection_method,notes
leg_0000,FCC.gov - News Releases,fcc.gov,https://www.fcc.gov/rss/news-releases,Government,1,100,True,US,government,rss,authority=heuristic-by-category
leg_0001,FCC.gov - Headlines,fcc.gov,https://www.fcc.gov/rss/headlines,Government,1,100,True,US,government,rss,authority=heuristic-by-category
leg_0002,Federal Register - FCC,federalregister.gov,https://www.federalregister.gov/documents/search.rss?conditions%5Bagencies%5D%5B%5D=federal-communications-commission,Government,1,100,True,US,government,rss,authority=heuristic-by-category
leg_0003,Broadband Breakfast,broadbandbreakfast.com,https://broadbandbreakfast.com/feed/,Telecom Trade,2,82,True,US,trade_publication,rss,authority=heuristic-by-category
leg_0004,Light Reading,lightreading.com,https://www.lightreading.com/rss.xml,Telecom Trade,2,82,True,US,trade_publication,rss,authority=heuristic-by-category
leg_0005,Fierce Network,fierce-network.com,https://www.fierce-network.com/rss/xml,Telecom Trade,2,82,True,US,trade_publication,rss,authority=heuristic-by-category
leg_0006,Fierce Wireless,fiercewireless.com,https://www.fiercewireless.com/rss/xml,Telecom Trade,2,82,True,US,trade_publication,rss,authority=heuristic-by-category
leg_0007,RCR Wireless,rcrwireless.com,https://www.rcrwireless.com/feed,Telecom Trade,2,82,True,US,trade_publication,rss,authority=heuristic-by-category
leg_0008,TR Daily,trdaily.com,https://trdaily.com/feed/,Telecom Trade,2,82,True,US,trade_publication,rss,authority=heuristic-by-category
leg_0009,Telecompaper,telecompaper.com,https://www.telecompaper.com/rss/news,Telecom Trade,2,82,True,US,trade_publication,rss,authority=heuristic-by-category
leg_0010,Total Tele,totaltele.com,https://www.totaltele.com/rss.xml,Telecom Trade,2,82,True,US,trade_publication,rss,authority=heuristic-by-category
leg_0011,Telecoms,telecoms.com,https://telecoms.com/feed/,Telecom Trade,2,82,True,US,trade_publication,rss,authority=heuristic-by-category
leg_0012,Telecom Reseller,telecomreseller.com,https://telecomreseller.com/feed/,Telecom Trade,2,82,True,US,trade_publication,rss,authority=heuristic-by-category
leg_0013,Telco Magazine,telcomagazine.com,https://www.telcomagazine.com/feed/,Telecom Trade,2,82,True,US,trade_publication,rss,authority=heuristic-by-category
leg_0014,Broadband World News,broadbandworldnews.com,https://www.broadbandworldnews.com/rss.xml,Telecom Trade,2,82,True,US,trade_publication,rss,authority=heuristic-by-category
leg_0015,Inside Towers,insidetowers.com,https://insidetowers.com/feed/,Telecom Trade,2,82,True,US,trade_publication,rss,authority=heuristic-by-category
leg_0016,Wireless Week,wirelessweek.com,https://www.wirelessweek.com/rss.xml,Telecom Trade,2,82,True,US,trade_publication,rss,authority=heuristic-by-category
leg_0017,TeleGeography,telegeography.com,https://www.telegeography.com/feed/,Telecom Trade,2,82,True,US,trade_publication,rss,authority=heuristic-by-category
leg_0018,Vanilla Plus,vanillaplus.com,https://www.vanillaplus.com/feed/,Telecom Trade,2,82,True,US,trade_publication,rss,authority=heuristic-by-category
leg_0019,Developing Telecoms,developingtelecoms.com,https://developingtelecoms.com/feed,Telecom Trade,2,82,True,US,trade_publication,rss,authority=heuristic-by-category
leg_0020,Mobile World Live,mobileworldlive.com,https://www.mobileworldlive.com/feed/,Telecom Trade,2,82,True,US,trade_publication,rss,authority=heuristic-by-category
leg_0021,Comms Update,commsupdate.com,https://www.commsupdate.com/feed/,Telecom Trade,2,82,True,US,trade_publication,rss,authority=heuristic-by-category
leg_0022,SDxCentral,sdxcentral.com,https://www.sdxcentral.com/feed/,Telecom Trade,2,82,True,US,trade_publication,rss,authority=heuristic-by-category
leg_0023,Network World,networkworld.com,https://www.networkworld.com/index.rss,Telecom Trade,2,82,True,US,trade_publication,rss,authority=heuristic-by-category
leg_0024,TIA Online,tiaonline.org,https://tiaonline.org/feed/,Telecom Trade,2,82,True,US,trade_publication,rss,authority=heuristic-by-category
leg_0025,TV Technology,tvtechnology.com,https://www.tvtechnology.com/rss.xml,Broadcast/Radio,2,72,True,US,broadcast,rss,authority=heuristic-by-category
leg_0026,NextTV,nexttv.com,https://www.nexttv.com/rss.xml,Broadcast/Radio,2,72,True,US,broadcast,rss,authority=heuristic-by-category
leg_0027,Radio World,radioworld.com,https://www.radioworld.com/feed/,Broadcast/Radio,2,72,True,US,broadcast,rss,authority=heuristic-by-category
leg_0028,TVNewsCheck,tvnewscheck.com,https://tvnewscheck.com/feed/,Broadcast/Radio,2,72,True,US,broadcast,rss,authority=heuristic-by-category
leg_0029,RBR,rbr.com,https://www.rbr.com/feed/,Broadcast/Radio,2,72,True,US,broadcast,rss,authority=heuristic-by-category
leg_0030,Inside Radio,insideradio.com,https://www.insideradio.com/rss.xml,Broadcast/Radio,2,72,True,US,broadcast,rss,authority=heuristic-by-category
leg_0031,All Access,allaccess.com,https://www.allaccess.com/merge/archive/rss.xml,Broadcast/Radio,2,72,True,US,broadcast,rss,authority=heuristic-by-category
leg_0032,Talkers,talkers.com,https://talkers.com/feed/,Broadcast/Radio,2,72,True,US,broadcast,rss,authority=heuristic-by-category
leg_0033,Radio Ink,radioink.com,https://radioink.com/feed/,Broadcast/Radio,2,72,True,US,broadcast,rss,authority=heuristic-by-category
leg_0034,The Desk,thedesk.net,https://thedesk.net/feed/,Broadcast/Radio,2,72,True,US,broadcast,rss,authority=heuristic-by-category
leg_0035,Cord Cutters News,cordcuttersnews.com,https://cordcuttersnews.com/feed/,Broadcast/Radio,2,72,True,US,broadcast,rss,authority=heuristic-by-category
leg_0036,FCC Data,fccdata.org,https://fccdata.org/feed/,Broadcast/Radio,2,72,True,US,broadcast,rss,authority=heuristic-by-category
leg_0037,Benton Institute,benton.org,https://www.benton.org/rss.xml,Government,1,95,True,US,government,rss,authority=heuristic-by-category
leg_0038,Public Knowledge,publicknowledge.org,https://publicknowledge.org/feed/,Government,1,95,True,US,government,rss,authority=heuristic-by-category
leg_0039,TechFreedom,techfreedom.org,https://techfreedom.org/feed/,Government,1,95,True,US,government,rss,authority=heuristic-by-category
leg_0040,EFF,eff.org,https://www.eff.org/rss/updates.xml,Government,1,95,True,US,government,rss,authority=heuristic-by-category
leg_0041,Law360,law360.com,https://www.law360.com/rss/articles,Government,1,95,True,US,government,rss,authority=heuristic-by-category
leg_0042,Federal News Network,federalnewsnetwork.com,https://federalnewsnetwork.com/feed/,Government,1,95,True,US,government,rss,authority=heuristic-by-category
leg_0043,GovTech,govtech.com,https://www.govtech.com/rss,Government,1,95,True,US,government,rss,authority=heuristic-by-category
leg_0044,National Law Review,natlawreview.com,https://www.natlawreview.com/recent/feed,Government,1,95,True,US,government,rss,authority=heuristic-by-category
leg_0045,SCOTUSblog,scotusblog.com,https://www.scotusblog.com/feed/,Government,1,95,True,US,government,rss,authority=heuristic-by-category
leg_0046,Yale JREG,yalejreg.com,https://www.yalejreg.com/feed/,Government,1,95,True,US,government,rss,authority=heuristic-by-category
leg_0047,Brookings TechTank,brookings.edu,https://www.brookings.edu/topic/technology-innovation/feed/,Government,1,95,True,US,government,rss,authority=heuristic-by-category
leg_0048,ITIF,itif.org,https://itif.org/feed/,Government,1,95,True,US,government,rss,authority=heuristic-by-category
leg_0049,AEI,aei.org,https://www.aei.org/feed/,Government,1,95,True,US,government,rss,authority=heuristic-by-category
leg_0050,CSIS,csis.org,https://www.csis.org/rss.xml,Government,1,95,True,US,government,rss,authority=heuristic-by-category
leg_0051,Politico,politico.com,https://www.politico.com/rss/technology.xml,Government,1,95,True,US,government,rss,authority=heuristic-by-category
leg_0052,Nextgov,nextgov.com,https://www.nextgov.com/rss/all/,Government,1,95,True,US,government,rss,authority=heuristic-by-category
leg_0053,Bloomberg Law,bloomberglaw.com,https://www.bloomberglaw.com/feed,Government,1,95,True,US,government,rss,authority=heuristic-by-category
leg_0054,Ars Technica,feeds.arstechnica.com,https://feeds.arstechnica.com/arstechnica/index,Technology,2,76,True,US,technology_publication,rss,authority=heuristic-by-category
leg_0055,The Verge,theverge.com,https://www.theverge.com/rss/index.xml,Technology,2,76,True,US,technology_publication,rss,authority=heuristic-by-category
leg_0056,TechCrunch,techcrunch.com,https://techcrunch.com/feed/,Technology,2,76,True,US,technology_publication,rss,authority=heuristic-by-category
leg_0057,TechDirt,techdirt.com,https://www.techdirt.com/feed/,Technology,2,76,True,US,technology_publication,rss,authority=heuristic-by-category
leg_0058,Wired,wired.com,https://www.wired.com/feed/rss,Technology,2,76,True,US,technology_publication,rss,authority=heuristic-by-category
leg_0059,Engadget,engadget.com,https://www.engadget.com/rss.xml,Technology,2,76,True,US,technology_publication,rss,authority=heuristic-by-category
leg_0060,Gizmodo,gizmodo.com,https://gizmodo.com/feed/,Technology,2,76,True,US,technology_publication,rss,authority=heuristic-by-category
leg_0061,CNET,cnet.com,https://www.cnet.com/rss/news/,Technology,2,76,True,US,technology_publication,rss,authority=heuristic-by-category
leg_0062,ZDNet,zdnet.com,https://www.zdnet.com/news/rss.xml,Technology,2,76,True,US,technology_publication,rss,authority=heuristic-by-category
leg_0063,VentureBeat,venturebeat.com,https://venturebeat.com/feed/,Technology,2,76,True,US,technology_publication,rss,authority=heuristic-by-category
leg_0064,Digital Trends,digitaltrends.com,https://www.digitaltrends.com/feed/,Technology,2,76,True,US,technology_publication,rss,authority=heuristic-by-category
leg_0065,TechRadar,techradar.com,https://www.techradar.com/feeds/,Technology,2,76,True,US,technology_publication,rss,authority=heuristic-by-category
leg_0066,PCMag,pcmag.com,https://www.pcmag.com/feeds/latest,Technology,2,76,True,US,technology_publication,rss,authority=heuristic-by-category
leg_0067,Slashdot,rss.slashdot.org,https://rss.slashdot.org/Slashdot/slashdotMain,Technology,2,76,True,US,technology_publication,rss,authority=heuristic-by-category
leg_0068,Mashable,mashable.com,https://mashable.com/feeds/rss/all,Technology,2,76,True,US,technology_publication,rss,authority=heuristic-by-category
leg_0069,eWeek,eweek.com,https://www.eweek.com/rss.xml,Technology,2,76,True,US,technology_publication,rss,authority=heuristic-by-category
leg_0070,CRN,crn.com,https://www.crn.com/rss,Technology,2,76,True,US,technology_publication,rss,authority=heuristic-by-category
leg_0071,CIO,cio.com,https://www.cio.com/feed/,Technology,2,76,True,US,technology_publication,rss,authority=heuristic-by-category
leg_0072,Reuters Technology,feeds.reuters.com,https://feeds.reuters.com/reuters/technologyNews,Major News/Wire,1,92,True,US,wire_service,rss,authority=heuristic-by-category
leg_0073,Reuters Business,feeds.reuters.com,https://feeds.reuters.com/reuters/businessNews,Major News/Wire,1,92,True,US,wire_service,rss,authority=heuristic-by-category
leg_0074,AP News Technology,rsshub.app,https://rsshub.app/apnews/topics/technology,Major News/Wire,1,92,True,US,wire_service,rss,authority=heuristic-by-category
leg_0075,AP News Politics,rsshub.app,https://rsshub.app/apnews/topics/politics,Major News/Wire,1,92,True,US,wire_service,rss,authority=heuristic-by-category
leg_0076,Bloomberg Technology,feeds.bloomberg.com,https://feeds.bloomberg.com/technology/news.rss,Major News/Wire,1,92,True,US,wire_service,rss,authority=heuristic-by-category
leg_0077,Bloomberg Politics,feeds.bloomberg.com,https://feeds.bloomberg.com/politics/news.rss,Major News/Wire,1,92,True,US,wire_service,rss,authority=heuristic-by-category
leg_0078,Wall Street Journal Tech,feeds.content.dowjones.io,https://feeds.content.dowjones.io/public/rss/mw_technology,Major News/Wire,1,92,True,US,wire_service,rss,authority=heuristic-by-category
leg_0079,New York Times Tech,rss.nytimes.com,https://rss.nytimes.com/services/xml/rss/nyt/Technology.xml,Major News/Wire,1,92,True,US,wire_service,rss,authority=heuristic-by-category
leg_0080,New York Times Politics,rss.nytimes.com,https://rss.nytimes.com/services/xml/rss/nyt/Politics.xml,Major News/Wire,1,92,True,US,wire_service,rss,authority=heuristic-by-category
leg_0081,Washington Post Tech,feeds.washingtonpost.com,https://feeds.washingtonpost.com/rss/business/technology,Major News/Wire,1,92,True,US,wire_service,rss,authority=heuristic-by-category
leg_0082,The Hill,thehill.com,https://thehill.com/feed/,Major News/Wire,1,92,True,US,wire_service,rss,authority=heuristic-by-category
leg_0083,Axios,api.axios.com,https://api.axios.com/feed/,Major News/Wire,1,92,True,US,wire_service,rss,authority=heuristic-by-category
leg_0084,CNN Tech,rss.cnn.com,https://rss.cnn.com/rss/cnn_tech.rss,Major News/Wire,1,92,True,US,wire_service,rss,authority=heuristic-by-category
leg_0085,CBS News Tech,cbsnews.com,https://www.cbsnews.com/latest/rss/tech,Major News/Wire,1,92,True,US,wire_service,rss,authority=heuristic-by-category
leg_0086,NBC News Tech,feeds.nbcnews.com,https://feeds.nbcnews.com/nbcnews/public/tech,Major News/Wire,1,92,True,US,wire_service,rss,authority=heuristic-by-category
leg_0087,ABC News Tech,abcnews.go.com,https://abcnews.go.com/abcnews/technologyheadlines,Major News/Wire,1,92,True,US,wire_service,rss,authority=heuristic-by-category
leg_0088,Fox Business,moxie.foxbusiness.com,https://moxie.foxbusiness.com/google-publisher/technology.xml,Major News/Wire,1,92,True,US,wire_service,rss,authority=heuristic-by-category
leg_0089,USA Today Tech,rssfeeds.usatoday.com,https://rssfeeds.usatoday.com/UsatodaycomTech-TopStories,Major News/Wire,1,92,True,US,wire_service,rss,authority=heuristic-by-category
leg_0090,NPR Technology,feeds.npr.org,https://feeds.npr.org/1019/rss.xml,Major News/Wire,1,92,True,US,wire_service,rss,authority=heuristic-by-category
leg_0091,NPR Business,feeds.npr.org,https://feeds.npr.org/1006/rss.xml,Major News/Wire,1,92,True,US,wire_service,rss,authority=heuristic-by-category
leg_0092,Forbes Tech,forbes.com,https://www.forbes.com/innovation/feed/,Major News/Wire,1,92,True,US,wire_service,rss,authority=heuristic-by-category
leg_0093,Fortune,fortune.com,https://fortune.com/feed/,Major News/Wire,1,92,True,US,wire_service,rss,authority=heuristic-by-category
leg_0094,MarketWatch,feeds.content.dowjones.io,https://feeds.content.dowjones.io/public/rss/mw_topstories,Major News/Wire,1,92,True,US,wire_service,rss,authority=heuristic-by-category
leg_0095,CNBC Tech,cnbc.com,https://www.cnbc.com/id/19854910/device/rss/rss.html,Major News/Wire,1,92,True,US,wire_service,rss,authority=heuristic-by-category
leg_0096,CNBC Telecom,cnbc.com,https://www.cnbc.com/id/10000108/device/rss/rss.html,Major News/Wire,1,92,True,US,wire_service,rss,authority=heuristic-by-category
leg_0097,Dark Reading,darkreading.com,https://www.darkreading.com/rss.xml,Cybersecurity,2,74,True,US,technology_publication,rss,authority=heuristic-by-category
leg_0098,Security Week,securityweek.com,https://www.securityweek.com/feed/,Cybersecurity,2,74,True,US,technology_publication,rss,authority=heuristic-by-category
leg_0099,Cybersecurity Dive,cybersecuritydive.com,https://www.cybersecuritydive.com/feeds/news/,Cybersecurity,2,74,True,US,technology_publication,rss,authority=heuristic-by-category
leg_0100,SC Magazine,scmagazine.com,https://www.scmagazine.com/feed/,Cybersecurity,2,74,True,US,technology_publication,rss,authority=heuristic-by-category
leg_0101,Cyber Defense Magazine,cyberdefensemagazine.com,https://www.cyberdefensemagazine.com/feed/,Cybersecurity,2,74,True,US,technology_publication,rss,authority=heuristic-by-category
leg_0102,Multichannel News,nexttv.com,https://www.nexttv.com/rss/multichannel,General,3,40,True,US,unclassified,rss,authority=heuristic-by-category
leg_0103,Broadcasting & Cable,nexttv.com,https://www.nexttv.com/rss/broadcasting-cable,General,3,40,True,US,unclassified,rss,authority=heuristic-by-category
leg_0104,Communications Daily,communicationsdaily.com,https://communicationsdaily.com/feed/,General,3,40,True,US,unclassified,rss,authority=heuristic-by-category
leg_0105,IEEE Spectrum,spectrum.ieee.org,https://spectrum.ieee.org/feeds/feed.rss,General,3,40,True,US,unclassified,rss,authority=heuristic-by-category
leg_0106,MIT Tech Review,technologyreview.com,https://www.technologyreview.com/feed/,General,3,40,True,US,unclassified,rss,authority=heuristic-by-category
leg_0107,Oped News Telecom,opednews.com,https://www.opednews.com/populum/rss_telecom.php,General,3,40,True,US,unclassified,rss,authority=heuristic-by-category
leg_0108,Tech Policy Press,techpolicy.press,https://techpolicy.press/feed/,General,3,40,True,US,unclassified,rss,authority=heuristic-by-category
leg_0109,Protocol,protocol.com,https://www.protocol.com/feeds/feed.rss,General,3,40,True,US,unclassified,rss,authority=heuristic-by-category
leg_0110,Morning Consult Tech,morningconsult.com,https://morningconsult.com/feed/,General,3,40,True,US,unclassified,rss,authority=heuristic-by-category
leg_0111,Pew Research Tech,pewresearch.org,https://www.pewresearch.org/feed/,General,3,40,True,US,unclassified,rss,authority=heuristic-by-category
leg_0112,Government Executive,govexec.com,https://www.govexec.com/rss/all/,General,3,40,True,US,unclassified,rss,authority=heuristic-by-category
leg_0113,Federal Computer Week,fcw.com,https://fcw.com/rss/rss.ashx,General,3,40,True,US,unclassified,rss,authority=heuristic-by-category
leg_0114,Defense One Tech,defenseone.com,https://www.defenseone.com/rss/technology/,General,3,40,True,US,unclassified,rss,authority=heuristic-by-category
leg_0115,Inside Cybersecurity,insidecybersecurity.com,https://insidecybersecurity.com/rss.xml,General,3,40,True,US,unclassified,rss,authority=heuristic-by-category
leg_0116,Access Intelligence,accessintel.com,https://www.accessintel.com/feed/,General,3,40,True,US,unclassified,rss,authority=heuristic-by-category
leg_0117,Telecom Ramblings,telecomramblings.com,https://www.telecomramblings.com/feed/,General,3,40,True,US,unclassified,rss,authority=heuristic-by-category
leg_0118,CircleID,circleid.com,https://www.circleid.com/rss/posts/,General,3,40,True,US,unclassified,rss,authority=heuristic-by-category
leg_0119,IP Watch,ip-watch.org,https://www.ip-watch.org/feed/,General,3,40,True,US,unclassified,rss,authority=heuristic-by-category
leg_0120,Multichannel Merchant,multichannelmerchant.com,https://multichannelmerchant.com/feed/,General,3,40,True,US,unclassified,rss,authority=heuristic-by-category
leg_0121,Satellite Today,satellitetoday.com,https://www.satellitetoday.com/feed/,General,3,40,True,US,unclassified,rss,authority=heuristic-by-category
leg_0122,Via Satellite,satellitetoday.com,https://www.satellitetoday.com/via-satellite/feed/,General,3,40,True,US,unclassified,rss,authority=heuristic-by-category
leg_0123,Space News,spacenews.com,https://spacenews.com/feed/,General,3,40,True,US,unclassified,rss,authority=heuristic-by-category
leg_0124,Broadband Communities,bbcmag.com,https://www.bbcmag.com/rss/,General,3,40,True,US,unclassified,rss,authority=heuristic-by-category
leg_0125,ISP Review UK,ispreview.co.uk,https://www.ispreview.co.uk/index.php/feed,General,3,40,True,US,unclassified,rss,authority=heuristic-by-category
leg_0126,Telecom Asia,telecomasia.net,https://www.telecomasia.net/rss.xml,General,3,40,True,US,unclassified,rss,authority=heuristic-by-category
leg_0127,Telecom Lead,telecomlead.com,https://www.telecomlead.com/feed,General,3,40,True,US,unclassified,rss,authority=heuristic-by-category
leg_0128,Enterprise Networking Planet,enterprisenetworkingplanet.com,https://www.enterprisenetworkingplanet.com/feed/,General,3,40,True,US,unclassified,rss,authority=heuristic-by-category
leg_0129,Data Center Knowledge,datacenterknowledge.com,https://www.datacenterknowledge.com/rss.xml,General,3,40,True,US,unclassified,rss,authority=heuristic-by-category
leg_0130,Fierce Healthcare IT,fiercehealthcare.com,https://www.fiercehealthcare.com/rss/xml,General,3,40,True,US,unclassified,rss,authority=heuristic-by-category
leg_0131,Fierce Education,fierceeducation.com,https://www.fierceeducation.com/rss/xml,General,3,40,True,US,unclassified,rss,authority=heuristic-by-category
leg_0132,E-Commerce Times,ecommercetimes.com,https://www.ecommercetimes.com/rss-feed/,General,3,40,True,US,unclassified,rss,authority=heuristic-by-category
leg_0133,LinuxInsider,linuxinsider.com,https://linuxinsider.com/rss-feed/,General,3,40,True,US,unclassified,rss,authority=heuristic-by-category
leg_0134,TechNewsWorld,technewsworld.com,https://www.technewsworld.com/rss-feed/,General,3,40,True,US,unclassified,rss,authority=heuristic-by-category
leg_0135,MacNewsWorld,macnewsworld.com,https://www.macnewsworld.com/rss-feed/,General,3,40,True,US,unclassified,rss,authority=heuristic-by-category
leg_0136,Tech Republic,techrepublic.com,https://www.techrepublic.com/rssfeeds/articles/,General,3,40,True,US,unclassified,rss,authority=heuristic-by-category
leg_0137,InformationWeek,informationweek.com,https://www.informationweek.com/rss_simple.asp,General,3,40,True,US,unclassified,rss,authority=heuristic-by-category
leg_0138,Computerworld,computerworld.com,https://www.computerworld.com/index.rss,General,3,40,True,US,unclassified,rss,authority=heuristic-by-category
leg_0139,InfoWorld,infoworld.com,https://www.infoworld.com/index.rss,General,3,40,True,US,unclassified,rss,authority=heuristic-by-category
leg_0140,CSO Online,csoonline.com,https://www.csoonline.com/index.rss,General,3,40,True,US,unclassified,rss,authority=heuristic-by-category
leg_0141,IT World Canada,itworldcanada.com,https://www.itworldcanada.com/blog/feed,General,3,40,True,US,unclassified,rss,authority=heuristic-by-category
leg_0142,ZD Net UK,zdnet.com,https://www.zdnet.com/topic/networking/rss.xml,General,3,40,True,US,unclassified,rss,authority=heuristic-by-category
leg_0143,The Register,theregister.com,https://www.theregister.com/headlines.atom,General,3,40,True,US,unclassified,rss,authority=heuristic-by-category
leg_0144,Ars UK,arstechnica.co.uk,https://arstechnica.co.uk/feed/,General,3,40,True,US,unclassified,rss,authority=heuristic-by-category
leg_0145,Hot Hardware,hothardware.com,https://hothardware.com/rss/news.aspx,General,3,40,True,US,unclassified,rss,authority=heuristic-by-category
leg_0146,Extreme Tech,extremetech.com,https://www.extremetech.com/feed,General,3,40,True,US,unclassified,rss,authority=heuristic-by-category
leg_0147,Hack Read,hackread.com,https://www.hackread.com/feed/,General,3,40,True,US,unclassified,rss,authority=heuristic-by-category
leg_0148,Bleeping Computer,bleepingcomputer.com,https://www.bleepingcomputer.com/feed/,General,3,40,True,US,unclassified,rss,authority=heuristic-by-category
leg_0149,Krebs on Security,krebsonsecurity.com,https://krebsonsecurity.com/feed/,General,3,40,True,US,unclassified,rss,authority=heuristic-by-category
leg_0150,Threatpost,threatpost.com,https://threatpost.com/feed/,General,3,40,True,US,unclassified,rss,authority=heuristic-by-category
leg_0151,The Record,therecord.media,https://therecord.media/feed,General,3,40,True,US,unclassified,rss,authority=heuristic-by-category
leg_0152,CyberWire,thecyberwire.com,https://thecyberwire.com/feeds/rss.xml,General,3,40,True,US,unclassified,rss,authority=heuristic-by-category
leg_0153,Lawfare,lawfaremedia.org,https://www.lawfaremedia.org/feed,General,3,40,True,US,unclassified,rss,authority=heuristic-by-category
leg_0154,Just Security,justsecurity.org,https://www.justsecurity.org/feed/,General,3,40,True,US,unclassified,rss,authority=heuristic-by-category
leg_0155,Above the Law,abovethelaw.com,https://abovethelaw.com/feed/,General,3,40,True,US,unclassified,rss,authority=heuristic-by-category
leg_0156,JD Supra Telecom,jdsupra.com,https://www.jdsupra.com/topics/telecommunications/rss/,General,3,40,True,US,unclassified,rss,authority=heuristic-by-category
leg_0157,JD Supra FCC,jdsupra.com,https://www.jdsupra.com/topics/fcc/rss/,General,3,40,True,US,unclassified,rss,authority=heuristic-by-category
leg_0158,Lexology Telecom,lexology.com,https://www.lexology.com/rss/latest?topic=telecom,General,3,40,True,US,unclassified,rss,authority=heuristic-by-category
leg_0159,Mondaq Telecom,mondaq.com,https://www.mondaq.com/rss/telecommunications/,General,3,40,True,US,unclassified,rss,authority=heuristic-by-category
leg_0160,Inside Privacy,insideprivacy.com,https://www.insideprivacy.com/feed/,General,3,40,True,US,unclassified,rss,authority=heuristic-by-category
leg_0161,IAPP News,iapp.org,https://iapp.org/news/rss/,General,3,40,True,US,unclassified,rss,authority=heuristic-by-category
leg_0162,Future of Privacy Forum,fpf.org,https://fpf.org/feed/,General,3,40,True,US,unclassified,rss,authority=heuristic-by-category
leg_0163,CDT,cdt.org,https://cdt.org/feed/,General,3,40,True,US,unclassified,rss,authority=heuristic-by-category
leg_0164,Free Press,freepress.net,https://freepress.net/rss.xml,General,3,40,True,US,unclassified,rss,authority=heuristic-by-category
leg_0165,Media Alliance,media-alliance.org,https://www.media-alliance.org/feed/,General,3,40,True,US,unclassified,rss,authority=heuristic-by-category
leg_0166,Common Cause,commoncause.org,https://www.commoncause.org/feed/,General,3,40,True,US,unclassified,rss,authority=heuristic-by-category
leg_0167,Consumer Reports Tech,consumerreports.org,https://www.consumerreports.org/cro/news/index.htm,General,3,40,True,US,unclassified,rss,authority=heuristic-by-category
leg_0168,FTC News,ftc.gov,https://www.ftc.gov/feeds/press-release-rss.xml,General,3,40,True,US,unclassified,rss,authority=heuristic-by-category
leg_0169,DOJ Press,justice.gov,https://www.justice.gov/feeds/opa/justice-news.xml,General,3,40,True,US,unclassified,rss,authority=heuristic-by-category
leg_0170,FTC Business,ftc.gov,https://www.ftc.gov/feeds/business-guidance.xml,General,3,40,True,US,unclassified,rss,authority=heuristic-by-category
leg_0171,NTIA,ntia.gov,https://www.ntia.gov/rss.xml,General,3,40,True,US,unclassified,rss,authority=heuristic-by-category
leg_0172,USAC,usac.org,https://www.usac.org/rss/,General,3,40,True,US,unclassified,rss,authority=heuristic-by-category
leg_0173,RUS USDA,rd.usda.gov,https://www.rd.usda.gov/rss/updates,General,3,40,True,US,unclassified,rss,authority=heuristic-by-category
leg_0174,FCC Watch,fccwatch.com,https://fccwatch.com/feed/,General,3,40,True,US,unclassified,rss,authority=heuristic-by-category
leg_0175,Communications Lawyer,communicationslawyer.net,https://communicationslawyer.net/feed/,General,3,40,True,US,unclassified,rss,authority=heuristic-by-category
leg_0176,Telecom Policy,telepolicyblog.wordpress.com,https://telepolicyblog.wordpress.com/feed/,General,3,40,True,US,unclassified,rss,authority=heuristic-by-category
leg_0177,Technology Liberation Front,techliberation.com,https://techliberation.com/feed/,General,3,40,True,US,unclassified,rss,authority=heuristic-by-category
leg_0178,Truth on the Market,truthonthemarket.com,https://truthonthemarket.com/feed/,General,3,40,True,US,unclassified,rss,authority=heuristic-by-category
leg_0179,Competition Policy Intl,competitionpolicyinternational.com,https://www.competitionpolicyinternational.com/feed/,General,3,40,True,US,unclassified,rss,authority=heuristic-by-category
leg_0180,Reason Tech,reason.com,https://reason.com/tag/technology/feed/,General,3,40,True,US,unclassified,rss,authority=heuristic-by-category
leg_0181,The American Prospect,prospect.org,https://prospect.org/feeds/rss/,General,3,40,True,US,unclassified,rss,authority=heuristic-by-category
leg_0182,The Atlantic Tech,theatlantic.com,https://www.theatlantic.com/feed/channel/technology/,General,3,40,True,US,unclassified,rss,authority=heuristic-by-category
leg_0183,The Nation,thenation.com,https://www.thenation.com/subject/tech/feed/,General,3,40,True,US,unclassified,rss,authority=heuristic-by-category
leg_0184,Salon Tech,salon.com,https://www.salon.com/topic/tech/feed,General,3,40,True,US,unclassified,rss,authority=heuristic-by-category
leg_0185,Slate Tech,slate.com,https://slate.com/technology.rss,General,3,40,True,US,unclassified,rss,authority=heuristic-by-category
leg_0186,Vox Tech,vox.com,https://www.vox.com/rss/technology/index.xml,General,3,40,True,US,unclassified,rss,authority=heuristic-by-category
leg_0187,Medium Tech Policy,medium.com,https://medium.com/feed/topic/technology,General,3,40,True,US,unclassified,rss,authority=heuristic-by-category
leg_0188,Substack Broadband,broadbandbreakfast.substack.com,https://broadbandbreakfast.substack.com/feed,General,3,40,True,US,unclassified,rss,authority=heuristic-by-category
leg_0189,FCC - All Recent Releases,fcc.gov,https://www.fcc.gov/rss/releases,Government,1,100,True,US,government,rss,authority=heuristic-by-category
leg_0190,FCC - Commissioner Statements,fcc.gov,https://www.fcc.gov/rss/commissioner-statements,Government,1,100,True,US,government,rss,authority=heuristic-by-category
leg_0191,FCC - Commissioner Speeches,fcc.gov,https://www.fcc.gov/rss/speeches,Government,1,100,True,US,government,rss,authority=heuristic-by-category
leg_0192,FCC - Orders,fcc.gov,https://www.fcc.gov/rss/orders,Government,1,100,True,US,government,rss,authority=heuristic-by-category
leg_0193,FCC - Public Notices,fcc.gov,https://www.fcc.gov/rss/public-notices,Government,1,100,True,US,government,rss,authority=heuristic-by-category
leg_0194,FCC - Notices of Proposed Rules,fcc.gov,https://www.fcc.gov/rss/nprm,Government,1,100,True,US,government,rss,authority=heuristic-by-category
leg_0195,FCC - Reports,fcc.gov,https://www.fcc.gov/rss/reports,Government,1,100,True,US,government,rss,authority=heuristic-by-category
leg_0196,FCC - Enforcement Bureau,fcc.gov,https://www.fcc.gov/rss/enforcement-bureau,Government,1,100,True,US,government,rss,authority=heuristic-by-category
leg_0197,FCC - Media Bureau,fcc.gov,https://www.fcc.gov/rss/media-bureau,Government,1,100,True,US,government,rss,authority=heuristic-by-category
leg_0198,FCC - Wireless Bureau,fcc.gov,https://www.fcc.gov/rss/wireless-telecommunications-bureau,Government,1,100,True,US,government,rss,authority=heuristic-by-category
leg_0199,FCC - Wireline Bureau,fcc.gov,https://www.fcc.gov/rss/wireline-competition-bureau,Government,1,100,True,US,government,rss,authority=heuristic-by-category
leg_0200,FCC - Consumer Affairs Bureau,fcc.gov,https://www.fcc.gov/rss/consumer-governmental-affairs-bureau,Government,1,100,True,US,government,rss,authority=heuristic-by-category
leg_0201,FCC - Space Bureau,fcc.gov,https://www.fcc.gov/rss/space-bureau,Government,1,100,True,US,government,rss,authority=heuristic-by-category
leg_0202,FCC - Public Safety Bureau,fcc.gov,https://www.fcc.gov/rss/public-safety-homeland-security-bureau,Government,1,100,True,US,government,rss,authority=heuristic-by-category
leg_0203,FCC - Office of Engineering,fcc.gov,https://www.fcc.gov/rss/office-engineering-technology,Government,1,100,True,US,government,rss,authority=heuristic-by-category
leg_0204,FCC - Office of Economics,fcc.gov,https://www.fcc.gov/rss/office-economics-analytics,Government,1,100,True,US,government,rss,authority=heuristic-by-category
leg_0205,FCC - General Counsel,fcc.gov,https://www.fcc.gov/rss/office-general-counsel,Government,1,100,True,US,government,rss,authority=heuristic-by-category
leg_0206,FCC - Inspector General,fcc.gov,https://www.fcc.gov/rss/office-inspector-general,Government,1,100,True,US,government,rss,authority=heuristic-by-category
leg_0207,FCC - Broadcast Actions,fcc.gov,https://www.fcc.gov/rss/broadcast-actions,Government,1,100,True,US,government,rss,authority=heuristic-by-category
leg_0208,FCC - Broadcast Applications,fcc.gov,https://www.fcc.gov/rss/broadcast-applications,Government,1,100,True,US,government,rss,authority=heuristic-by-category
leg_0209,FCC - Notices of Liability,fcc.gov,https://www.fcc.gov/rss/notices-apparent-liability,Government,1,100,True,US,government,rss,authority=heuristic-by-category
leg_0210,FCC - Fact Sheets,fcc.gov,https://www.fcc.gov/rss/fact-sheets,Government,1,100,True,US,government,rss,authority=heuristic-by-category
leg_0211,FCC - Court Filings,fcc.gov,https://www.fcc.gov/rss/court-filings,Government,1,100,True,US,government,rss,authority=heuristic-by-category
leg_0212,FCC - International Bureau,fcc.gov,https://www.fcc.gov/rss/international-bureau,Government,1,100,True,US,government,rss,authority=heuristic-by-category
leg_0213,JD Supra - Broadband,jdsupra.com,https://www.jdsupra.com/topics/broadband/rss/,Policy/Legal,2,80,True,US,trade_publication,rss,authority=heuristic-by-category
leg_0214,JD Supra - Net Neutrality,jdsupra.com,https://www.jdsupra.com/topics/net-neutrality/rss/,Policy/Legal,2,80,True,US,trade_publication,rss,authority=heuristic-by-category
leg_0215,JD Supra - Media Law,jdsupra.com,https://www.jdsupra.com/topics/media-law/rss/,Policy/Legal,2,80,True,US,trade_publication,rss,authority=heuristic-by-category
leg_0216,Competitive Enterprise Inst,cei.org,https://cei.org/feed/,Policy/Legal,2,80,True,US,trade_publication,rss,authority=heuristic-by-category
leg_0217,Heritage Foundation Tech,heritage.org,https://www.heritage.org/technology/rss,Policy/Legal,2,80,True,US,trade_publication,rss,authority=heuristic-by-category
leg_0218,Mercatus Center Tech,mercatus.org,https://www.mercatus.org/rss/technology,Policy/Legal,2,80,True,US,trade_publication,rss,authority=heuristic-by-category
leg_0219,Bipartisan Policy Center,bipartisanpolicy.org,https://bipartisanpolicy.org/feed/,Policy/Legal,2,80,True,US,trade_publication,rss,authority=heuristic-by-category
leg_0220,R Street Institute,rstreet.org,https://www.rstreet.org/feed/,Policy/Legal,2,80,True,US,trade_publication,rss,authority=heuristic-by-category
leg_0221,Government Accountability Office,gao.gov,https://www.gao.gov/rss/reports.xml,Government,1,95,True,US,government,rss,authority=heuristic-by-category
leg_0222,Senate Commerce Committee,commerce.senate.gov,https://www.commerce.senate.gov/rss/feeds/?type=news,Government,1,95,True,US,government,rss,authority=heuristic-by-category
leg_0223,House Energy Commerce Comm,energycommerce.house.gov,https://energycommerce.house.gov/rss.xml,Government,1,95,True,US,government,rss,authority=heuristic-by-category
leg_0224,Congressional Research Service,everycrsreport.com,https://www.everycrsreport.com/feeds/all.rss,Government,1,95,True,US,government,rss,authority=heuristic-by-category
leg_0225,Anandtech,anandtech.com,https://www.anandtech.com/rss/,Telecom Trade,2,82,True,US,trade_publication,rss,authority=heuristic-by-category
leg_0226,Nextgov - IT,nextgov.com,https://www.nextgov.com/rss/technology/,Telecom Trade,2,82,True,US,trade_publication,rss,authority=heuristic-by-category
leg_0227,StateScoop,statescoop.com,https://statescoop.com/feed/,Telecom Trade,2,82,True,US,trade_publication,rss,authority=heuristic-by-category
leg_0228,EdScoop,edscoop.com,https://edscoop.com/feed/,Telecom Trade,2,82,True,US,trade_publication,rss,authority=heuristic-by-category
leg_0229,CyberScoop,cyberscoop.com,https://cyberscoop.com/feed/,Telecom Trade,2,82,True,US,trade_publication,rss,authority=heuristic-by-category
leg_0230,FedScoop,fedscoop.com,https://fedscoop.com/feed/,Telecom Trade,2,82,True,US,trade_publication,rss,authority=heuristic-by-category
leg_0231,5G Americas,5gamericas.org,https://www.5gamericas.org/feed/,Major News/Wire,1,92,True,US,wire_service,rss,authority=heuristic-by-category
leg_0232,GSMA News,gsma.com,https://www.gsma.com/newsroom/feed/,Major News/Wire,1,92,True,US,wire_service,rss,authority=heuristic-by-category
leg_0233,CTIA Blog,api.ctia.org,https://api.ctia.org/news/feed/,Major News/Wire,1,92,True,US,wire_service,rss,authority=heuristic-by-category
leg_0234,WIA Tower,wia.org,https://wia.org/feed/,Major News/Wire,1,92,True,US,wire_service,rss,authority=heuristic-by-category
leg_0235,FCC Wireless Bureau,fcc.gov,https://www.fcc.gov/wireless-bureau/rss,Major News/Wire,1,92,True,US,wire_service,rss,authority=heuristic-by-category
leg_0236,Spectrum Policy News,spectropolis.blogspot.com,https://spectropolis.blogspot.com/feeds/posts/default,Major News/Wire,1,92,True,US,wire_service,rss,authority=heuristic-by-category
leg_0237,Sasha Javid Spectrum,spectrumfutures.org,https://www.spectrumfutures.org/feed/,Major News/Wire,1,92,True,US,wire_service,rss,authority=heuristic-by-category
leg_0238,NTIA Spectrum,ntia.gov,https://www.ntia.gov/category/spectrum/feed,Major News/Wire,1,92,True,US,wire_service,rss,authority=heuristic-by-category
leg_0239,VentureBeat AI,venturebeat.com,https://venturebeat.com/category/ai/feed/,AI/ML,2,76,True,US,technology_publication,rss,authority=heuristic-by-category
leg_0240,AI Now Institute,ainowinstitute.org,https://ainowinstitute.org/feed/,AI/ML,2,76,True,US,technology_publication,rss,authority=heuristic-by-category
leg_0241,Partnership on AI,partnershiponai.org,https://partnershiponai.org/feed/,AI/ML,2,76,True,US,technology_publication,rss,authority=heuristic-by-category
leg_0242,Brookings AI,brookings.edu,https://www.brookings.edu/topic/artificial-intelligence/feed/,AI/ML,2,76,True,US,technology_publication,rss,authority=heuristic-by-category
leg_0243,Stanford HAI,hai.stanford.edu,https://hai.stanford.edu/news/rss.xml,AI/ML,2,76,True,US,technology_publication,rss,authority=heuristic-by-category
leg_0244,NIST AI,nist.gov,https://www.nist.gov/artificial-intelligence/rss.xml,AI/ML,2,76,True,US,technology_publication,rss,authority=heuristic-by-category
leg_0245,Future of Life Institute,futureoflife.org,https://futureoflife.org/feed/,AI/ML,2,76,True,US,technology_publication,rss,authority=heuristic-by-category
leg_0246,Center for AI Safety,safe.ai,https://www.safe.ai/feed,AI/ML,2,76,True,US,technology_publication,rss,authority=heuristic-by-category
leg_0247,AI Policy Weekly,aipolicyweekly.substack.com,https://aipolicyweekly.substack.com/feed,AI/ML,2,76,True,US,technology_publication,rss,authority=heuristic-by-category
leg_0248,Algorithm Watch,algorithmwatch.org,https://algorithmwatch.org/en/feed/,AI/ML,2,76,True,US,technology_publication,rss,authority=heuristic-by-category
leg_0249,The Markup AI,themarkup.org,https://themarkup.org/series/automated-influence/feed/,AI/ML,2,76,True,US,technology_publication,rss,authority=heuristic-by-category
leg_0250,Government AI,govloop.com,https://www.govloop.com/topic/artificial-intelligence/feed/,AI/ML,2,76,True,US,technology_publication,rss,authority=heuristic-by-category
leg_0251,FCW AI,fcw.com,https://fcw.com/artificial-intelligence/rss,AI/ML,2,76,True,US,technology_publication,rss,authority=heuristic-by-category
leg_0252,Nextgov AI,nextgov.com,https://www.nextgov.com/artificial-intelligence/rss,AI/ML,2,76,True,US,technology_publication,rss,authority=heuristic-by-category
leg_0253,Defense One AI,defenseone.com,https://www.defenseone.com/topic/artificial-intelligence/rss/,AI/ML,2,76,True,US,technology_publication,rss,authority=heuristic-by-category
leg_0254,Open Technology Institute,newamerica.org,https://www.newamerica.org/oti/feed/,Policy/Legal,2,80,True,US,trade_publication,rss,authority=heuristic-by-category
leg_0255,Consumer Reports Policy,advocacy.consumerreports.org,https://advocacy.consumerreports.org/feed/,Policy/Legal,2,80,True,US,trade_publication,rss,authority=heuristic-by-category
leg_0256,INCOMPAS,incompas.org,https://www.incompas.org/news/feed/,Policy/Legal,2,80,True,US,trade_publication,rss,authority=heuristic-by-category
leg_0257,USTelecom Blog,ustelecom.org,https://www.ustelecom.org/feed/,Policy/Legal,2,80,True,US,trade_publication,rss,authority=heuristic-by-category
leg_0258,NCTA Internet,ncta.com,https://www.ncta.com/feed,Policy/Legal,2,80,True,US,trade_publication,rss,authority=heuristic-by-category
leg_0259,Multichannel News,nexttv.com,https://www.nexttv.com/rss/multichannel-news,Policy/Legal,2,80,True,US,trade_publication,rss,authority=heuristic-by-category
leg_0260,Wired Business,wired.com,https://www.wired.com/feed/category/business/latest/rss,Policy/Legal,2,80,True,US,trade_publication,rss,authority=heuristic-by-category
leg_0261,The Information,theinformation.com,https://www.theinformation.com/feed,Policy/Legal,2,80,True,US,trade_publication,rss,authority=heuristic-by-category
leg_0262,Recode Vox,vox.com,https://www.vox.com/recode/rss/index.xml,Policy/Legal,2,80,True,US,trade_publication,rss,authority=heuristic-by-category
leg_0263,Business Insider Tech,feeds.businessinsider.com,https://feeds.businessinsider.com/custom/tech,Policy/Legal,2,80,True,US,trade_publication,rss,authority=heuristic-by-category
leg_0264,Wall Street Journal Tech,feeds.a.dj.com,https://feeds.a.dj.com/rss/RSSWSJD.xml,Policy/Legal,2,80,True,US,trade_publication,rss,authority=heuristic-by-category
leg_0265,MeriTalk,meritalk.com,https://www.meritalk.com/feed/,Policy/Legal,2,80,True,US,trade_publication,rss,authority=heuristic-by-category
leg_0266,GovLoop,govloop.com,https://www.govloop.com/feed/,Policy/Legal,2,80,True,US,trade_publication,rss,authority=heuristic-by-category
leg_0267,TechTarget Networking,techtarget.com,https://www.techtarget.com/rss/SearchNetworking-News.xml,Policy/Legal,2,80,True,US,trade_publication,rss,authority=heuristic-by-category
leg_0268,TechTarget Telecom,techtarget.com,https://www.techtarget.com/rss/SearchTelecom-News.xml,Policy/Legal,2,80,True,US,trade_publication,rss,authority=heuristic-by-category
leg_0269,TechTarget Security,techtarget.com,https://www.techtarget.com/rss/SearchSecurity-News.xml,Policy/Legal,2,80,True,US,trade_publication,rss,authority=heuristic-by-category
leg_0270,SearchEnterpriseAI,techtarget.com,https://www.techtarget.com/rss/SearchEnterpriseAI-News.xml,Policy/Legal,2,80,True,US,trade_publication,rss,authority=heuristic-by-category
leg_0271,Current - Public Media,current.org,https://current.org/feed/,Broadcast/Radio,2,72,True,US,broadcast,rss,authority=heuristic-by-category
leg_0272,RadioInfo,radioinfo.com.au,https://www.radioinfo.com.au/rss.xml,Broadcast/Radio,2,72,True,US,broadcast,rss,authority=heuristic-by-category
leg_0273,RAIN News - Audio/Radio,rainnews.com,https://rainnews.com/feed/,Broadcast/Radio,2,72,True,US,broadcast,rss,authority=heuristic-by-category
leg_0274,Jacobin - Media,jacobin.com,https://jacobin.com/feed/,Broadcast/Radio,2,72,True,US,broadcast,rss,authority=heuristic-by-category
leg_0275,Columbia Journalism Review,cjr.org,https://www.cjr.org/feed,Broadcast/Radio,2,72,True,US,broadcast,rss,authority=heuristic-by-category
leg_0276,Nieman Lab,niemanlab.org,https://www.niemanlab.org/feed/,Broadcast/Radio,2,72,True,US,broadcast,rss,authority=heuristic-by-category
leg_0277,Poynter,poynter.org,https://www.poynter.org/feed/,Broadcast/Radio,2,72,True,US,broadcast,rss,authority=heuristic-by-category
leg_0278,MediaPost,mediapost.com,https://www.mediapost.com/rss/,Broadcast/Radio,2,72,True,US,broadcast,rss,authority=heuristic-by-category
leg_0279,PR Newswire - Telecom,prnewswire.com,https://www.prnewswire.com/rss/news-releases-list.rss?tagABCSIC=5700000000,Broadcast/Radio,2,72,True,US,broadcast,rss,authority=heuristic-by-category
leg_0280,Business Wire - Telecom,feed.businesswire.com,https://feed.businesswire.com/rss/home/?rss=G1&category=Telecommunications,Broadcast/Radio,2,72,True,US,broadcast,rss,authority=heuristic-by-category
leg_0281,Globe Newswire - Telecom,globenewswire.com,https://www.globenewswire.com/RssFeed/industry/9621-Telecommunications,Broadcast/Radio,2,72,True,US,broadcast,rss,authority=heuristic-by-category
leg_0282,5G Technology World,5gtechnologyworld.com,https://www.5gtechnologyworld.com/feed/,Major News/Wire,1,92,True,US,wire_service,rss,authority=heuristic-by-category
leg_0283,RCR Wireless 5G,rcrwireless.com,https://www.rcrwireless.com/category/5g/feed,Major News/Wire,1,92,True,US,wire_service,rss,authority=heuristic-by-category
leg_0284,FierceWireless 5G,fiercewireless.com,https://www.fiercewireless.com/rss/5g-xml,Major News/Wire,1,92,True,US,wire_service,rss,authority=heuristic-by-category
leg_0285,Light Reading 5G,lightreading.com,https://www.lightreading.com/5g/rss.xml,Major News/Wire,1,92,True,US,wire_service,rss,authority=heuristic-by-category
leg_0286,Nokia Bell Labs Blog,bell-labs.com,https://www.bell-labs.com/institute/feed/,Major News/Wire,1,92,True,US,wire_service,rss,authority=heuristic-by-category
leg_0287,Ericsson Blog,ericsson.com,https://www.ericsson.com/en/blog/rss,Major News/Wire,1,92,True,US,wire_service,rss,authority=heuristic-by-category
leg_0288,Qualcomm Blog,qualcomm.com,https://www.qualcomm.com/news/blog/rss,Major News/Wire,1,92,True,US,wire_service,rss,authority=heuristic-by-category
leg_0289,T-Mobile Newsroom,t-mobile.com,https://www.t-mobile.com/news/rss.xml,Major News/Wire,1,92,True,US,wire_service,rss,authority=heuristic-by-category
leg_0290,Verizon News,verizon.com,https://www.verizon.com/about/news/rss,Major News/Wire,1,92,True,US,wire_service,rss,authority=heuristic-by-category
leg_0291,AT&T Newsroom,about.att.com,https://about.att.com/innovation/rss,Major News/Wire,1,92,True,US,wire_service,rss,authority=heuristic-by-category
leg_0292,Comcast Newsroom,corporate.comcast.com,https://corporate.comcast.com/news-information/news-feed/rss,Major News/Wire,1,92,True,US,wire_service,rss,authority=heuristic-by-category
leg_0293,Charter Communications,corporate.charter.com,https://corporate.charter.com/newsroom/rss,Major News/Wire,1,92,True,US,wire_service,rss,authority=heuristic-by-category
leg_0294,CTIA Wireless,ctia.org,https://www.ctia.org/rss/,Major News/Wire,1,92,True,US,wire_service,rss,authority=heuristic-by-category
leg_0295,NCTA Cable,ncta.com,https://www.ncta.com/rss.xml,Major News/Wire,1,92,True,US,wire_service,rss,authority=heuristic-by-category
leg_0296,INCOMPAS,incompas.org,https://www.incompas.org/feed/,Major News/Wire,1,92,True,US,wire_service,rss,authority=heuristic-by-category
leg_0297,ACA Connects,acaconnects.org,https://acaconnects.org/feed/,Major News/Wire,1,92,True,US,wire_service,rss,authority=heuristic-by-category
leg_0298,WTA Telecom,wtaonline.org,https://www.wtaonline.org/feed/,Major News/Wire,1,92,True,US,wire_service,rss,authority=heuristic-by-category
leg_0299,NTCA Rural Broadband,ntca.org,https://www.ntca.org/feed/,Major News/Wire,1,92,True,US,wire_service,rss,authority=heuristic-by-category
leg_0300,WISPA Wireless ISP,wispa.org,https://www.wispa.org/feed/,Major News/Wire,1,92,True,US,wire_service,rss,authority=heuristic-by-category
leg_0301,NATE Tower Association,natehome.com,https://www.natehome.com/feed/,Major News/Wire,1,92,True,US,wire_service,rss,authority=heuristic-by-category
leg_0302,Reuters - Media,feeds.reuters.com,https://feeds.reuters.com/reuters/mediaNews,Major News/Wire,1,92,True,US,wire_service,rss,authority=heuristic-by-category
leg_0303,AP - Science Tech,rsshub.app,https://rsshub.app/apnews/topics/science,Major News/Wire,1,92,True,US,wire_service,rss,authority=heuristic-by-category
leg_0304,Bloomberg - Telecom,feeds.bloomberg.com,https://feeds.bloomberg.com/industries/TelecommunicationsServices.rss,Major News/Wire,1,92,True,US,wire_service,rss,authority=heuristic-by-category
leg_0305,Wall Street Journal - Media,feeds.content.dowjones.io,https://feeds.content.dowjones.io/public/rss/mw_media,Major News/Wire,1,92,True,US,wire_service,rss,authority=heuristic-by-category
leg_0306,Financial Times - Tech,ft.com,https://www.ft.com/technology?format=rss,Major News/Wire,1,92,True,US,wire_service,rss,authority=heuristic-by-category
leg_0307,The Guardian - Tech,theguardian.com,https://www.theguardian.com/technology/rss,Major News/Wire,1,92,True,US,wire_service,rss,authority=heuristic-by-category
leg_0308,BBC - Tech,feeds.bbci.co.uk,https://feeds.bbci.co.uk/news/technology/rss.xml,Major News/Wire,1,92,True,US,wire_service,rss,authority=heuristic-by-category
leg_0309,Politico - Media,politico.com,https://www.politico.com/rss/media.xml,Major News/Wire,1,92,True,US,wire_service,rss,authority=heuristic-by-category
leg_0310,Politico - Congress,politico.com,https://www.politico.com/rss/congress.xml,Major News/Wire,1,92,True,US,wire_service,rss,authority=heuristic-by-category
leg_0311,Ars Technica - Policy,feeds.arstechnica.com,https://feeds.arstechnica.com/arstechnica/tech-policy,Major News/Wire,1,92,True,US,wire_service,rss,authority=heuristic-by-category
leg_0312,Ars Technica - Telecom,feeds.arstechnica.com,https://feeds.arstechnica.com/arstechnica/telecom,Major News/Wire,1,92,True,US,wire_service,rss,authority=heuristic-by-category
leg_0313,The Verge - Policy,theverge.com,https://www.theverge.com/rss/policy/index.xml,Major News/Wire,1,92,True,US,wire_service,rss,authority=heuristic-by-category
leg_0314,TechCrunch - Government,techcrunch.com,https://techcrunch.com/tag/government/feed/,Major News/Wire,1,92,True,US,wire_service,rss,authority=heuristic-by-category
leg_0315,Axios - Media Trends,api.axios.com,https://api.axios.com/feed/axios/media-trends,Major News/Wire,1,92,True,US,wire_service,rss,authority=heuristic-by-category
leg_0316,Axios - Technology,api.axios.com,https://api.axios.com/feed/axios/technology,Major News/Wire,1,92,True,US,wire_service,rss,authority=heuristic-by-category
leg_0317,Axios - Login,api.axios.com,https://api.axios.com/feed/axios/login,Major News/Wire,1,92,True,US,wire_service,rss,authority=heuristic-by-category
leg_0318,Pew Research - Tech,pewresearch.org,https://www.pewresearch.org/internet/feed/,Major News/Wire,1,92,True,US,wire_service,rss,authority=heuristic-by-category
leg_0319,Harvard Berkman Center,cyber.harvard.edu,https://cyber.harvard.edu/feeds/news,Major News/Wire,1,92,True,US,wire_service,rss,authority=heuristic-by-category
leg_0320,Stanford Internet Observatory,stacks.stanford.edu,https://stacks.stanford.edu/feed,Major News/Wire,1,92,True,US,wire_service,rss,authority=heuristic-by-category
leg_0321,Georgetown Law Tech,law.georgetown.edu,https://www.law.georgetown.edu/news/feed/,Major News/Wire,1,92,True,US,wire_service,rss,authority=heuristic-by-category
leg_0322,Duke Law Tech,law.duke.edu,https://law.duke.edu/news/rss/,Major News/Wire,1,92,True,US,wire_service,rss,authority=heuristic-by-category
leg_0323,Yale Law - Tech,law.yale.edu,https://law.yale.edu/rss/news,Major News/Wire,1,92,True,US,wire_service,rss,authority=heuristic-by-category
leg_0324,George Washington Law,law.gwu.edu,https://www.law.gwu.edu/news/rss,Major News/Wire,1,92,True,US,wire_service,rss,authority=heuristic-by-category
leg_0325,American University Law,wcl.american.edu,https://www.wcl.american.edu/impact/rss/,Major News/Wire,1,92,True,US,wire_service,rss,authority=heuristic-by-category
leg_0326,Chicago Tribune,chicagotribune.com,https://www.chicagotribune.com/feed/,General,3,40,True,US,unclassified,rss,authority=heuristic-by-category
leg_0327,Los Angeles Times,latimes.com,https://www.latimes.com/local/rss2.0.xml,General,3,40,True,US,unclassified,rss,authority=heuristic-by-category
leg_0328,New York Times (Home),rss.nytimes.com,https://rss.nytimes.com/services/xml/rss/nyt/HomePage.xml,General,3,40,True,US,unclassified,rss,authority=heuristic-by-category
leg_0329,Philadelphia Inquirer,inquirer.com,https://www.inquirer.com/arcio/rss/,General,3,40,True,US,unclassified,rss,authority=heuristic-by-category
leg_0330,SF Gate,sfgate.com,https://www.sfgate.com/default/feed/SFGate-Latest-News-2960713.php,General,3,40,True,US,unclassified,rss,authority=heuristic-by-category
leg_0331,USA Today (Top Stories),rssfeeds.usatoday.com,https://rssfeeds.usatoday.com/usatoday-NewsTopStories,General,3,40,True,US,unclassified,rss,authority=heuristic-by-category
leg_0332,Washington Post (National),feeds.washingtonpost.com,https://feeds.washingtonpost.com/rss/national,General,3,40,True,US,unclassified,rss,authority=heuristic-by-category
leg_0333,Atlanta Journal-Constitution,ajc.com,https://www.ajc.com/news/rss.xml,General,3,40,True,US,unclassified,rss,authority=heuristic-by-category
leg_0334,Austin American-Statesman,statesman.com,https://www.statesman.com/arc/outboundfeeds/rss/,General,3,40,True,US,unclassified,rss,authority=heuristic-by-category
leg_0335,Baltimore Sun,baltimoresun.com,https://www.baltimoresun.com/arcio/rss/,General,3,40,True,US,unclassified,rss,authority=heuristic-by-category
leg_0336,Boston Globe,bostonglobe.com,https://www.bostonglobe.com/rss/homepage,General,3,40,True,US,unclassified,rss,authority=heuristic-by-category
leg_0337,Boston Herald,bostonherald.com,https://www.bostonherald.com/feed/,General,3,40,True,US,unclassified,rss,authority=heuristic-by-category
leg_0338,Chicago Sun-Times,chicago.suntimes.com,https://chicago.suntimes.com/rss/index.xml,General,3,40,True,US,unclassified,rss,authority=heuristic-by-category
leg_0339,Cleveland Plain Dealer,cleveland.com,https://www.cleveland.com/arc/outboundfeeds/rss/,General,3,40,True,US,unclassified,rss,authority=heuristic-by-category
leg_0340,Dallas Morning News,dallasnews.com,https://www.dallasnews.com/arc/outboundfeeds/rss/,General,3,40,True,US,unclassified,rss,authority=heuristic-by-category
leg_0341,Detroit Free Press,freep.com,https://www.freep.com/arcio/rss/,General,3,40,True,US,unclassified,rss,authority=heuristic-by-category
leg_0342,Houston Chronicle,houstonchronicle.com,https://www.houstonchronicle.com/arc/outboundfeeds/rss/,General,3,40,True,US,unclassified,rss,authority=heuristic-by-category
leg_0343,Kansas City Star,kansascity.com,https://www.kansascity.com/arc/outboundfeeds/rss/,General,3,40,True,US,unclassified,rss,authority=heuristic-by-category
leg_0344,Miami Herald,miamiherald.com,https://www.miamiherald.com/arc/outboundfeeds/rss/,General,3,40,True,US,unclassified,rss,authority=heuristic-by-category
leg_0345,Minneapolis Star Tribune,startribune.com,https://www.startribune.com/local/rss,General,3,40,True,US,unclassified,rss,authority=heuristic-by-category
leg_0346,NY Daily News,nydailynews.com,https://www.nydailynews.com/arc/outboundfeeds/rss/,General,3,40,True,US,unclassified,rss,authority=heuristic-by-category
leg_0347,New York Post,nypost.com,https://nypost.com/feed/,General,3,40,True,US,unclassified,rss,authority=heuristic-by-category
leg_0348,NJ.com,nj.com,https://www.nj.com/arc/outboundfeeds/rss/,General,3,40,True,US,unclassified,rss,authority=heuristic-by-category
leg_0349,Oregonian,oregonlive.com,https://www.oregonlive.com/arc/outboundfeeds/rss/,General,3,40,True,US,unclassified,rss,authority=heuristic-by-category
leg_0350,Pittsburgh Post-Gazette,post-gazette.com,https://www.post-gazette.com/rss/homepage,General,3,40,True,US,unclassified,rss,authority=heuristic-by-category
leg_0351,San Jose Mercury News,mercurynews.com,https://www.mercurynews.com/arc/outboundfeeds/rss/,General,3,40,True,US,unclassified,rss,authority=heuristic-by-category
leg_0352,Seattle Times,seattletimes.com,https://www.seattletimes.com/feed/,General,3,40,True,US,unclassified,rss,authority=heuristic-by-category
leg_0353,Tampa Bay Times,tampabay.com,https://www.tampabay.com/feed/,General,3,40,True,US,unclassified,rss,authority=heuristic-by-category
leg_0354,Arizona Republic,azcentral.com,https://www.azcentral.com/arc/outboundfeeds/rss/,General,3,40,True,US,unclassified,rss,authority=heuristic-by-category
leg_0355,Washington Times,washingtontimes.com,https://www.washingtontimes.com/rss/headlines/news/,General,3,40,True,US,unclassified,rss,authority=heuristic-by-category
leg_0356,AP News (Top),feeds.apnews.com,https://feeds.apnews.com/rss/topnews,General,3,40,True,US,unclassified,rss,authority=heuristic-by-category
leg_0357,Ad Age,adage.com,https://adage.com/rss/technology,General,3,40,True,US,unclassified,rss,authority=heuristic-by-category
leg_0358,Daily Beast,feeds.thedailybeast.com,https://feeds.thedailybeast.com/rss/articles,General,3,40,True,US,unclassified,rss,authority=heuristic-by-category
leg_0359,Economist Tech,economist.com,https://www.economist.com/technology/rss.xml,General,3,40,True,US,unclassified,rss,authority=heuristic-by-category
leg_0360,Fierce Cable,fiercecable.com,https://www.fiercecable.com/rss/xml,General,3,40,True,US,unclassified,rss,authority=heuristic-by-category
leg_0361,Fierce Telecom,fiercetelecom.com,https://www.fiercetelecom.com/rss/xml,General,3,40,True,US,unclassified,rss,authority=heuristic-by-category
leg_0362,Hollywood Reporter,hollywoodreporter.com,https://www.hollywoodreporter.com/feed/,General,3,40,True,US,unclassified,rss,authority=heuristic-by-category
leg_0363,Roll Call,rollcall.com,https://rollcall.com/feed/,General,3,40,True,US,unclassified,rss,authority=heuristic-by-category
leg_0364,Variety,variety.com,https://variety.com/feed/,General,3,40,True,US,unclassified,rss,authority=heuristic-by-category
leg_0365,The Wrap,thewrap.com,https://www.thewrap.com/feed/,General,3,40,True,US,unclassified,rss,authority=heuristic-by-category
leg_0366,Fast Company,fastcompany.com,https://www.fastcompany.com/latest/rss?x=1,General,3,40,True,US,unclassified,rss,authority=heuristic-by-category
leg_0367,HuffPost,huffpost.com,https://www.huffpost.com/section/front-page/feed,General,3,40,True,US,unclassified,rss,authority=heuristic-by-category
leg_0368,Vice Motherboard,vice.com,https://www.vice.com/en/section/tech/rss,General,3,40,True,US,unclassified,rss,authority=heuristic-by-category
leg_0369,Telecompetitor,telecompetitor.com,https://www.telecompetitor.com/feed/,General,3,40,True,US,unclassified,rss,authority=heuristic-by-category
leg_0370,Awful Announcing,awfulannouncing.com,https://awfulannouncing.com/feed/,General,3,40,True,US,unclassified,rss,authority=heuristic-by-category
leg_0371,Democracy Now,democracynow.org,https://www.democracynow.org/democracynow.rss,General,3,40,True,US,unclassified,rss,authority=heuristic-by-category
leg_0372,NPR Homepage,feeds.npr.org,https://feeds.npr.org/1001/rss.xml,General,3,40,True,US,unclassified,rss,authority=heuristic-by-category
leg_0373,National Journal,nationaljournal.com,https://www.nationaljournal.com/rss,General,3,40,True,US,unclassified,rss,authority=heuristic-by-category
leg_0374,DSLReports,dslreports.com,https://www.dslreports.com/rss,General,3,40,True,US,unclassified,rss,authority=heuristic-by-category
leg_0375,AL - Anniston Star,annistonstar.com,https://www.annistonstar.com/search/?f=rss&t=article&l=50&s=start_time&sd=desc,Regional,3,50,True,US,regional,rss,authority=heuristic-by-category; region=Alabama
leg_0376,AL - Birmingham News,al.com,https://www.al.com/news/birmingham/index.ssf/rss2.0.xml,Regional,3,50,True,US,regional,rss,authority=heuristic-by-category; region=Alabama
leg_0377,AL - Decatur Daily,decaturdaily.com,https://www.decaturdaily.com/search/?f=rss&t=article&l=50&s=start_time&sd=desc,Regional,3,50,True,US,regional,rss,authority=heuristic-by-category; region=Alabama
leg_0378,AL - Dothan Eagle,dothaneagle.com,https://www.dothaneagle.com/search/?f=rss&t=article&l=50&s=start_time&sd=desc,Regional,3,50,True,US,regional,rss,authority=heuristic-by-category; region=Alabama
leg_0379,AL - Gadsden Times,gadsdentimes.com,https://www.gadsdentimes.com/search/?f=rss&t=article&l=50&s=start_time&sd=desc,Regional,3,50,True,US,regional,rss,authority=heuristic-by-category; region=Alabama
leg_0380,AL - Huntsville Times,al.com,https://www.al.com/news/huntsville/index.ssf/rss2.0.xml,Regional,3,50,True,US,regional,rss,authority=heuristic-by-category; region=Alabama
leg_0381,AL - Mobile Press-Register,al.com,https://www.al.com/news/mobile/index.ssf/rss2.0.xml,Regional,3,50,True,US,regional,rss,authority=heuristic-by-category; region=Alabama
leg_0382,AL - Montgomery Advertiser,montgomeryadvertiser.com,https://www.montgomeryadvertiser.com/rss/,Regional,3,50,True,US,regional,rss,authority=heuristic-by-category; region=Alabama
leg_0383,AL - Tuscaloosa News,tuscaloosanews.com,https://www.tuscaloosanews.com/rss/,Regional,3,50,True,US,regional,rss,authority=heuristic-by-category; region=Alabama
leg_0384,AL - Florence Times Daily,timesdaily.com,https://www.timesdaily.com/search/?f=rss&t=article&l=50&s=start_time&sd=desc,Regional,3,50,True,US,regional,rss,authority=heuristic-by-category; region=Alabama
leg_0385,AK - Anchorage Daily News,adn.com,https://www.adn.com/feed/,Regional,3,50,True,US,regional,rss,authority=heuristic-by-category; region=Alaska
leg_0386,AK - Fairbanks Daily News-Miner,newsminer.com,https://www.newsminer.com/search/?f=rss&t=article&l=50&s=start_time&sd=desc,Regional,3,50,True,US,regional,rss,authority=heuristic-by-category; region=Alaska
leg_0387,AK - Juneau Empire,juneauempire.com,https://www.juneauempire.com/feed/,Regional,3,50,True,US,regional,rss,authority=heuristic-by-category; region=Alaska
leg_0388,AK - Kodiak Daily Mirror,kodiakdailymirror.com,https://www.kodiakdailymirror.com/search/?f=rss&t=article&l=50,Regional,3,50,True,US,regional,rss,authority=heuristic-by-category; region=Alaska
leg_0389,AK - Sitka Sentinel,sitkasentinel.com,https://www.sitkasentinel.com/feed/,Regional,3,50,True,US,regional,rss,authority=heuristic-by-category; region=Alaska
leg_0390,AZ - Arizona Republic,azcentral.com,https://www.azcentral.com/rss/,Regional,3,50,True,US,regional,rss,authority=heuristic-by-category; region=Arizona
leg_0391,AZ - Arizona Daily Star,tucson.com,https://tucson.com/search/?f=rss&t=article&l=50&s=start_time&sd=desc,Regional,3,50,True,US,regional,rss,authority=heuristic-by-category; region=Arizona
leg_0392,AZ - East Valley Tribune,eastvalleytribune.com,https://www.eastvalleytribune.com/feed/,Regional,3,50,True,US,regional,rss,authority=heuristic-by-category; region=Arizona
leg_0393,AZ - Arizona Daily Sun,azdailysun.com,https://azdailysun.com/search/?f=rss&t=article&l=50,Regional,3,50,True,US,regional,rss,authority=heuristic-by-category; region=Arizona
leg_0394,AZ - Yuma Sun,yumasun.com,https://www.yumasun.com/search/?f=rss&t=article&l=50,Regional,3,50,True,US,regional,rss,authority=heuristic-by-category; region=Arizona
leg_0395,AZ - Casa Grande Dispatch,pinalcentral.com,https://www.pinalcentral.com/search/?f=rss&t=article&l=50,Regional,3,50,True,US,regional,rss,authority=heuristic-by-category; region=Arizona
leg_0396,AZ - Prescott Daily Courier,dcourier.com,https://www.dcourier.com/feed/,Regional,3,50,True,US,regional,rss,authority=heuristic-by-category; region=Arizona
leg_0397,AZ - Kingman Daily Miner,kingmandailyminer.com,https://www.kingmandailyminer.com/feed/,Regional,3,50,True,US,regional,rss,authority=heuristic-by-category; region=Arizona
leg_0398,AZ - Arizona Capitol Times,azcapitoltimes.com,https://azcapitoltimes.com/feed/,Regional,3,50,True,US,regional,rss,authority=heuristic-by-category; region=Arizona
leg_0399,AR - Arkansas Democrat-Gazette,arkansasonline.com,https://www.arkansasonline.com/syndication/rss/,Regional,3,50,True,US,regional,rss,authority=heuristic-by-category; region=Arkansas
leg_0400,AR - Northwest Arkansas Democrat,nwaonline.com,https://www.nwaonline.com/syndication/rss/,Regional,3,50,True,US,regional,rss,authority=heuristic-by-category; region=Arkansas
leg_0401,AR - Jonesboro Sun,jonesborosun.com,https://www.jonesborosun.com/search/?f=rss&t=article&l=50,Regional,3,50,True,US,regional,rss,authority=heuristic-by-category; region=Arkansas
leg_0402,AR - Arkansas Times,arktimes.com,https://arktimes.com/feed/,Regional,3,50,True,US,regional,rss,authority=heuristic-by-category; region=Arkansas
leg_0403,AR - El Dorado News-Times,eldoradonews.com,https://www.eldoradonews.com/search/?f=rss&t=article&l=50,Regional,3,50,True,US,regional,rss,authority=heuristic-by-category; region=Arkansas
leg_0404,AR - Fort Smith Times Record,swtimes.com,https://www.swtimes.com/search/?f=rss&t=article&l=50,Regional,3,50,True,US,regional,rss,authority=heuristic-by-category; region=Arkansas
leg_0405,AR - Pine Bluff Commercial,pbcommercial.com,https://www.pbcommercial.com/search/?f=rss&t=article&l=50,Regional,3,50,True,US,regional,rss,authority=heuristic-by-category; region=Arkansas
leg_0406,CA - Los Angeles Times,latimes.com,https://www.latimes.com/rss2.0.xml,Regional,3,50,True,US,regional,rss,authority=heuristic-by-category; region=California
leg_0407,CA - San Francisco Chronicle,sfgate.com,https://www.sfgate.com/rss/feed/SFGate-Latest-News-2960713.php,Regional,3,50,True,US,regional,rss,authority=heuristic-by-category; region=California
leg_0408,CA - San Jose Mercury News,mercurynews.com,https://www.mercurynews.com/feed/,Regional,3,50,True,US,regional,rss,authority=heuristic-by-category; region=California
leg_0409,CA - Sacramento Bee,sacbee.com,https://www.sacbee.com/news/local/rss,Regional,3,50,True,US,regional,rss,authority=heuristic-by-category; region=California
leg_0410,CA - San Diego Union-Tribune,sandiegouniontribune.com,https://www.sandiegouniontribune.com/rss/,Regional,3,50,True,US,regional,rss,authority=heuristic-by-category; region=California
leg_0411,CA - Orange County Register,ocregister.com,https://www.ocregister.com/feed/,Regional,3,50,True,US,regional,rss,authority=heuristic-by-category; region=California
leg_0412,CA - Fresno Bee,fresnobee.com,https://www.fresnobee.com/news/local/rss,Regional,3,50,True,US,regional,rss,authority=heuristic-by-category; region=California
leg_0413,CA - Long Beach Press-Telegram,presstelegram.com,https://www.presstelegram.com/feed/,Regional,3,50,True,US,regional,rss,authority=heuristic-by-category; region=California
leg_0414,CA - Riverside Press-Enterprise,pe.com,https://www.pe.com/feed/,Regional,3,50,True,US,regional,rss,authority=heuristic-by-category; region=California
leg_0415,CA - San Bernardino Sun,sbsun.com,https://www.sbsun.com/feed/,Regional,3,50,True,US,regional,rss,authority=heuristic-by-category; region=California
leg_0416,CA - Pasadena Star-News,pasadenastarnews.com,https://www.pasadenastarnews.com/feed/,Regional,3,50,True,US,regional,rss,authority=heuristic-by-category; region=California
leg_0417,CA - Ventura County Star,vcstar.com,https://www.vcstar.com/rss/,Regional,3,50,True,US,regional,rss,authority=heuristic-by-category; region=California
leg_0418,CA - Modesto Bee,modbee.com,https://www.modbee.com/news/local/rss,Regional,3,50,True,US,regional,rss,authority=heuristic-by-category; region=California
leg_0419,CA - Stockton Record,recordnet.com,https://www.recordnet.com/rss/,Regional,3,50,True,US,regional,rss,authority=heuristic-by-category; region=California
leg_0420,CA - Bakersfield Californian,bakersfield.com,https://www.bakersfield.com/search/?f=rss&t=article&l=50,Regional,3,50,True,US,regional,rss,authority=heuristic-by-category; region=California
leg_0421,CA - Santa Barbara News-Press,newspress.com,https://newspress.com/feed/,Regional,3,50,True,US,regional,rss,authority=heuristic-by-category; region=California
leg_0422,CA - Santa Cruz Sentinel,santacruzsentinel.com,https://www.santacruzsentinel.com/feed/,Regional,3,50,True,US,regional,rss,authority=heuristic-by-category; region=California
leg_0423,CA - Monterey Herald,montereyherald.com,https://www.montereyherald.com/feed/,Regional,3,50,True,US,regional,rss,authority=heuristic-by-category; region=California
leg_0424,CA - Marin Independent Journal,marinij.com,https://www.marinij.com/feed/,Regional,3,50,True,US,regional,rss,authority=heuristic-by-category; region=California
leg_0425,CA - Redding Record Searchlight,redding.com,https://www.redding.com/rss/,Regional,3,50,True,US,regional,rss,authority=heuristic-by-category; region=California
leg_0426,CA - Daily Breeze,dailybreeze.com,https://www.dailybreeze.com/feed/,Regional,3,50,True,US,regional,rss,authority=heuristic-by-category; region=California
leg_0427,CA - San Gabriel Valley Tribune,sgvtribune.com,https://www.sgvtribune.com/feed/,Regional,3,50,True,US,regional,rss,authority=heuristic-by-category; region=California
leg_0428,CA - Daily Bulletin Ontario,dailybulletin.com,https://www.dailybulletin.com/feed/,Regional,3,50,True,US,regional,rss,authority=heuristic-by-category; region=California
leg_0429,CA - Whittier Daily News,whittierdailynews.com,https://www.whittierdailynews.com/feed/,Regional,3,50,True,US,regional,rss,authority=heuristic-by-category; region=California
leg_0430,CA - San Mateo Daily Journal,smdailyjournal.com,https://www.smdailyjournal.com/search/?f=rss,Regional,3,50,True,US,regional,rss,authority=heuristic-by-category; region=California
leg_0431,CA - Chico Enterprise-Record,chicoer.com,https://www.chicoer.com/feed/,Regional,3,50,True,US,regional,rss,authority=heuristic-by-category; region=California
leg_0432,CA - Visalia Times-Delta,visaliatimesdelta.com,https://www.visaliatimesdelta.com/rss/,Regional,3,50,True,US,regional,rss,authority=heuristic-by-category; region=California
leg_0433,CA - Lodi News-Sentinel,lodinews.com,https://www.lodinews.com/search/?f=rss,Regional,3,50,True,US,regional,rss,authority=heuristic-by-category; region=California
leg_0434,CA - Ukiah Daily Journal,ukiahdailyjournal.com,https://www.ukiahdailyjournal.com/feed/,Regional,3,50,True,US,regional,rss,authority=heuristic-by-category; region=California
leg_0435,CA - Times of San Diego,timesofsandiego.com,https://timesofsandiego.com/feed/,Regional,3,50,True,US,regional,rss,authority=heuristic-by-category; region=California
leg_0436,CA - LA Daily News,dailynews.com,https://www.dailynews.com/feed/,Regional,3,50,True,US,regional,rss,authority=heuristic-by-category; region=California
leg_0437,CO - Denver Post,denverpost.com,https://www.denverpost.com/feed/,Regional,3,50,True,US,regional,rss,authority=heuristic-by-category; region=Colorado
leg_0438,CO - Colorado Springs Gazette,gazette.com,https://gazette.com/search/?f=rss&t=article&l=50,Regional,3,50,True,US,regional,rss,authority=heuristic-by-category; region=Colorado
leg_0439,CO - Fort Collins Coloradoan,coloradoan.com,https://www.coloradoan.com/rss/,Regional,3,50,True,US,regional,rss,authority=heuristic-by-category; region=Colorado
leg_0440,CO - Boulder Daily Camera,dailycamera.com,https://www.dailycamera.com/feed/,Regional,3,50,True,US,regional,rss,authority=heuristic-by-category; region=Colorado
leg_0441,CO - Pueblo Chieftain,chieftain.com,https://www.chieftain.com/search/?f=rss&t=article&l=50,Regional,3,50,True,US,regional,rss,authority=heuristic-by-category; region=Colorado
leg_0442,CO - Greeley Tribune,greeleytribune.com,https://www.greeleytribune.com/feed/,Regional,3,50,True,US,regional,rss,authority=heuristic-by-category; region=Colorado
leg_0443,CO - Grand Junction Sentinel,gjsentinel.com,https://www.gjsentinel.com/search/?f=rss&t=article&l=50,Regional,3,50,True,US,regional,rss,authority=heuristic-by-category; region=Colorado
leg_0444,CO - Durango Herald,durangoherald.com,https://durangoherald.com/feed/,Regional,3,50,True,US,regional,rss,authority=heuristic-by-category; region=Colorado
leg_0445,CO - Aspen Times,aspentimes.com,https://www.aspentimes.com/feed/,Regional,3,50,True,US,regional,rss,authority=heuristic-by-category; region=Colorado
leg_0446,CO - Vail Daily,vaildaily.com,https://www.vaildaily.com/feed/,Regional,3,50,True,US,regional,rss,authority=heuristic-by-category; region=Colorado
leg_0447,CO - Denver Business Journal,bizjournals.com,https://www.bizjournals.com/denver/feed/latest/,Regional,3,50,True,US,regional,rss,authority=heuristic-by-category; region=Colorado
leg_0448,CT - Hartford Courant,courant.com,https://www.courant.com/arcio/rss/,Regional,3,50,True,US,regional,rss,authority=heuristic-by-category; region=Connecticut
leg_0449,CT - New Haven Register,nhregister.com,https://www.nhregister.com/feed/,Regional,3,50,True,US,regional,rss,authority=heuristic-by-category; region=Connecticut
leg_0450,CT - Stamford Advocate,stamfordadvocate.com,https://www.stamfordadvocate.com/feed/,Regional,3,50,True,US,regional,rss,authority=heuristic-by-category; region=Connecticut
leg_0451,CT - Connecticut Post,ctpost.com,https://www.ctpost.com/feed/,Regional,3,50,True,US,regional,rss,authority=heuristic-by-category; region=Connecticut
leg_0452,CT - Waterbury Republican-Am,rep-am.com,https://www.rep-am.com/feed/,Regional,3,50,True,US,regional,rss,authority=heuristic-by-category; region=Connecticut
leg_0453,CT - Norwich Bulletin,norwichbulletin.com,https://www.norwichbulletin.com/rss/,Regional,3,50,True,US,regional,rss,authority=heuristic-by-category; region=Connecticut
leg_0454,CT - Greenwich Time,greenwichtime.com,https://www.greenwichtime.com/feed/,Regional,3,50,True,US,regional,rss,authority=heuristic-by-category; region=Connecticut
leg_0455,CT - Danbury News-Times,newstimes.com,https://www.newstimes.com/feed/,Regional,3,50,True,US,regional,rss,authority=heuristic-by-category; region=Connecticut
leg_0456,DE - Delaware Online/News Journal,delawareonline.com,https://www.delawareonline.com/rss/,Regional,3,50,True,US,regional,rss,authority=heuristic-by-category; region=Delaware
leg_0457,DE - Delaware State News,delawarestatesnews.com,https://delawarestatesnews.com/feed/,Regional,3,50,True,US,regional,rss,authority=heuristic-by-category; region=Delaware
leg_0458,DE - Cape Gazette,capegazette.com,https://www.capegazette.com/rss,Regional,3,50,True,US,regional,rss,authority=heuristic-by-category; region=Delaware
leg_0459,FL - Miami Herald,miamiherald.com,https://www.miamiherald.com/news/rss,Regional,3,50,True,US,regional,rss,authority=heuristic-by-category; region=Florida
leg_0460,FL - Orlando Sentinel,orlandosentinel.com,https://www.orlandosentinel.com/arcio/rss/,Regional,3,50,True,US,regional,rss,authority=heuristic-by-category; region=Florida
leg_0461,FL - South Florida Sun-Sentinel,sun-sentinel.com,https://www.sun-sentinel.com/arcio/rss/,Regional,3,50,True,US,regional,rss,authority=heuristic-by-category; region=Florida
leg_0462,FL - Florida Times-Union,jacksonville.com,https://www.jacksonville.com/arcio/rss/,Regional,3,50,True,US,regional,rss,authority=heuristic-by-category; region=Florida
leg_0463,FL - Tallahassee Democrat,tallahassee.com,https://www.tallahassee.com/rss/,Regional,3,50,True,US,regional,rss,authority=heuristic-by-category; region=Florida
leg_0464,FL - Palm Beach Post,palmbeachpost.com,https://www.palmbeachpost.com/rss/,Regional,3,50,True,US,regional,rss,authority=heuristic-by-category; region=Florida
leg_0465,FL - Sarasota Herald-Tribune,heraldtribune.com,https://www.heraldtribune.com/rss/,Regional,3,50,True,US,regional,rss,authority=heuristic-by-category; region=Florida
leg_0466,FL - Naples Daily News,naplesnews.com,https://www.naplesnews.com/rss/,Regional,3,50,True,US,regional,rss,authority=heuristic-by-category; region=Florida
leg_0467,FL - Pensacola News Journal,pnj.com,https://www.pnj.com/rss/,Regional,3,50,True,US,regional,rss,authority=heuristic-by-category; region=Florida
leg_0468,FL - Daytona Beach News-Journal,news-journalonline.com,https://www.news-journalonline.com/rss/,Regional,3,50,True,US,regional,rss,authority=heuristic-by-category; region=Florida
leg_0469,FL - Gainesville Sun,gainesville.com,https://www.gainesville.com/rss/,Regional,3,50,True,US,regional,rss,authority=heuristic-by-category; region=Florida
leg_0470,FL - Ocala Star-Banner,ocala.com,https://www.ocala.com/rss/,Regional,3,50,True,US,regional,rss,authority=heuristic-by-category; region=Florida
leg_0471,FL - Lakeland Ledger,theledger.com,https://www.theledger.com/rss/,Regional,3,50,True,US,regional,rss,authority=heuristic-by-category; region=Florida
leg_0472,FL - Melbourne Florida Today,floridatoday.com,https://www.floridatoday.com/rss/,Regional,3,50,True,US,regional,rss,authority=heuristic-by-category; region=Florida
leg_0473,FL - Fort Myers News-Press,news-press.com,https://www.news-press.com/rss/,Regional,3,50,True,US,regional,rss,authority=heuristic-by-category; region=Florida
leg_0474,FL - Stuart News,tcpalm.com,https://www.tcpalm.com/rss/,Regional,3,50,True,US,regional,rss,authority=heuristic-by-category; region=Florida
leg_0475,FL - Key West Citizen,keysnews.com,https://www.keysnews.com/search/?f=rss&t=article&l=50,Regional,3,50,True,US,regional,rss,authority=heuristic-by-category; region=Florida
leg_0476,FL - Panama City News Herald,newsherald.com,https://www.newsherald.com/search/?f=rss&t=article&l=50,Regional,3,50,True,US,regional,rss,authority=heuristic-by-category; region=Florida
leg_0477,FL - Miami New Times,miaminewtimes.com,https://www.miaminewtimes.com/feed/,Regional,3,50,True,US,regional,rss,authority=heuristic-by-category; region=Florida
leg_0478,FL - Tampa Bay Business Journal,bizjournals.com,https://www.bizjournals.com/tampabay/feed/latest/,Regional,3,50,True,US,regional,rss,authority=heuristic-by-category; region=Florida
leg_0479,FL - South Florida Business Jrnl,bizjournals.com,https://www.bizjournals.com/southflorida/feed/latest/,Regional,3,50,True,US,regional,rss,authority=heuristic-by-category; region=Florida
leg_0480,FL - Jacksonville Business Jrnl,bizjournals.com,https://www.bizjournals.com/jacksonville/feed/latest/,Regional,3,50,True,US,regional,rss,authority=heuristic-by-category; region=Florida
leg_0481,FL - Orlando Business Journal,bizjournals.com,https://www.bizjournals.com/orlando/feed/latest/,Regional,3,50,True,US,regional,rss,authority=heuristic-by-category; region=Florida
leg_0482,GA - Atlanta Journal-Constitution,ajc.com,https://www.ajc.com/feed/,Regional,3,50,True,US,regional,rss,authority=heuristic-by-category; region=Georgia
leg_0483,GA - Savannah Morning News,savannahnow.com,https://www.savannahnow.com/rss/,Regional,3,50,True,US,regional,rss,authority=heuristic-by-category; region=Georgia
leg_0484,GA - Augusta Chronicle,augustachronicle.com,https://www.augustachronicle.com/rss/,Regional,3,50,True,US,regional,rss,authority=heuristic-by-category; region=Georgia
leg_0485,GA - Macon Telegraph,macon.com,https://www.macon.com/news/local/rss,Regional,3,50,True,US,regional,rss,authority=heuristic-by-category; region=Georgia
leg_0486,GA - Columbus Ledger-Enquirer,ledger-enquirer.com,https://www.ledger-enquirer.com/news/local/rss,Regional,3,50,True,US,regional,rss,authority=heuristic-by-category; region=Georgia
leg_0487,GA - Athens Banner-Herald,onlineathens.com,https://www.onlineathens.com/rss/,Regional,3,50,True,US,regional,rss,authority=heuristic-by-category; region=Georgia
leg_0488,GA - Rome News-Tribune,northwestgeorgianews.com,https://www.northwestgeorgianews.com/romenews/search/?f=rss,Regional,3,50,True,US,regional,rss,authority=heuristic-by-category; region=Georgia
leg_0489,GA - Brunswick News,thebrunswicknews.com,https://thebrunswicknews.com/search/?f=rss&t=article&l=50,Regional,3,50,True,US,regional,rss,authority=heuristic-by-category; region=Georgia
leg_0490,GA - Dalton Daily Citizen,daltondailycitizen.com,https://www.daltondailycitizen.com/search/?f=rss,Regional,3,50,True,US,regional,rss,authority=heuristic-by-category; region=Georgia
leg_0491,GA - Atlanta Business Chronicle,bizjournals.com,https://www.bizjournals.com/atlanta/feed/latest/,Regional,3,50,True,US,regional,rss,authority=heuristic-by-category; region=Georgia
leg_0492,HI - Honolulu Star-Advertiser,staradvertiser.com,https://www.staradvertiser.com/feed/,Regional,3,50,True,US,regional,rss,authority=heuristic-by-category; region=Hawaii
leg_0493,HI - Maui News,mauinews.com,https://www.mauinews.com/feed/,Regional,3,50,True,US,regional,rss,authority=heuristic-by-category; region=Hawaii
leg_0494,HI - Hawaii Tribune-Herald,hawaiitribune-herald.com,https://www.hawaiitribune-herald.com/feed/,Regional,3,50,True,US,regional,rss,authority=heuristic-by-category; region=Hawaii
leg_0495,HI - West Hawaii Today,westhawaiitoday.com,https://www.westhawaiitoday.com/feed/,Regional,3,50,True,US,regional,rss,authority=heuristic-by-category; region=Hawaii
leg_0496,HI - Garden Island (Kauai),thegardenisland.com,https://www.thegardenisland.com/feed/,Regional,3,50,True,US,regional,rss,authority=heuristic-by-category; region=Hawaii
leg_0497,HI - Civil Beat,civilbeat.org,https://www.civilbeat.org/feed/,Regional,3,50,True,US,regional,rss,authority=heuristic-by-category; region=Hawaii
leg_0498,ID - Idaho Statesman,idahostatesman.com,https://www.idahostatesman.com/news/local/rss,Regional,3,50,True,US,regional,rss,authority=heuristic-by-category; region=Idaho
leg_0499,ID - Idaho Press-Tribune,idahopress.com,https://www.idahopress.com/search/?f=rss&t=article&l=50,Regional,3,50,True,US,regional,rss,authority=heuristic-by-category; region=Idaho
leg_0500,ID - Post Register,postregister.com,https://www.postregister.com/search/?f=rss&t=article&l=50,Regional,3,50,True,US,regional,rss,authority=heuristic-by-category; region=Idaho
leg_0501,ID - Lewiston Tribune,lmtribune.com,https://lmtribune.com/search/?f=rss&t=article&l=50,Regional,3,50,True,US,regional,rss,authority=heuristic-by-category; region=Idaho
leg_0502,ID - Moscow-Pullman Daily News,dnews.com,https://dnews.com/search/?f=rss&t=article&l=50,Regional,3,50,True,US,regional,rss,authority=heuristic-by-category; region=Idaho
leg_0503,ID - Twin Falls Times-News,magicvalley.com,https://magicvalley.com/search/?f=rss&t=article&l=50,Regional,3,50,True,US,regional,rss,authority=heuristic-by-category; region=Idaho
leg_0504,IL - Chicago Tribune,chicagotribune.com,https://www.chicagotribune.com/arcio/rss/,Regional,3,50,True,US,regional,rss,authority=heuristic-by-category; region=Illinois
leg_0505,IL - Rockford Register Star,rrstar.com,https://www.rrstar.com/rss/,Regional,3,50,True,US,regional,rss,authority=heuristic-by-category; region=Illinois
leg_0506,IL - Springfield State Journal-Reg,sj-r.com,https://www.sj-r.com/rss/,Regional,3,50,True,US,regional,rss,authority=heuristic-by-category; region=Illinois
leg_0507,IL - Peoria Journal Star,pjstar.com,https://www.pjstar.com/rss/,Regional,3,50,True,US,regional,rss,authority=heuristic-by-category; region=Illinois
leg_0508,IL - Champaign News-Gazette,news-gazette.com,https://www.news-gazette.com/search/?f=rss&t=article&l=50,Regional,3,50,True,US,regional,rss,authority=heuristic-by-category; region=Illinois
leg_0509,IL - Quad-City Times,qctimes.com,https://qctimes.com/search/?f=rss&t=article&l=50,Regional,3,50,True,US,regional,rss,authority=heuristic-by-category; region=Illinois
leg_0510,IL - Bloomington Pantagraph,pantagraph.com,https://pantagraph.com/search/?f=rss&t=article&l=50,Regional,3,50,True,US,regional,rss,authority=heuristic-by-category; region=Illinois
leg_0511,IL - Decatur Herald & Review,herald-review.com,https://herald-review.com/search/?f=rss&t=article&l=50,Regional,3,50,True,US,regional,rss,authority=heuristic-by-category; region=Illinois
leg_0512,IL - Aurora Beacon-News,chicagotribune.com,https://www.chicagotribune.com/suburbs/aurora-beacon-news/rss2.0.xml,Regional,3,50,True,US,regional,rss,authority=heuristic-by-category; region=Illinois
leg_0513,IL - Naperville Sun,chicagotribune.com,https://www.chicagotribune.com/suburbs/naperville-sun/rss2.0.xml,Regional,3,50,True,US,regional,rss,authority=heuristic-by-category; region=Illinois
leg_0514,IL - Daily Herald Suburbs,dailyherald.com,https://www.dailyherald.com/rss/,Regional,3,50,True,US,regional,rss,authority=heuristic-by-category; region=Illinois
leg_0515,IL - Chicago Business,chicagobusiness.com,https://www.chicagobusiness.com/feeds/news/rss/,Regional,3,50,True,US,regional,rss,authority=heuristic-by-category; region=Illinois
leg_0516,IL - Chicago Reporter,chicagoreporter.com,https://www.chicagoreporter.com/feed/,Regional,3,50,True,US,regional,rss,authority=heuristic-by-category; region=Illinois
leg_0517,IN - Indianapolis Star,indystar.com,https://www.indystar.com/rss/,Regional,3,50,True,US,regional,rss,authority=heuristic-by-category; region=Indiana
leg_0518,IN - Fort Wayne Journal Gazette,journalgazette.net,https://www.journalgazette.net/search/?f=rss&t=article&l=50,Regional,3,50,True,US,regional,rss,authority=heuristic-by-category; region=Indiana
leg_0519,IN - Fort Wayne News-Sentinel,news-sentinel.com,https://www.news-sentinel.com/search/?f=rss&t=article&l=50,Regional,3,50,True,US,regional,rss,authority=heuristic-by-category; region=Indiana
leg_0520,IN - South Bend Tribune,southbendtribune.com,https://www.southbendtribune.com/search/?f=rss&t=article&l=50,Regional,3,50,True,US,regional,rss,authority=heuristic-by-category; region=Indiana
leg_0521,IN - Evansville Courier & Press,courierpress.com,https://www.courierpress.com/rss/,Regional,3,50,True,US,regional,rss,authority=heuristic-by-category; region=Indiana
leg_0522,IN - Lafayette Journal & Courier,jconline.com,https://www.jconline.com/rss/,Regional,3,50,True,US,regional,rss,authority=heuristic-by-category; region=Indiana
leg_0523,IN - Muncie Star Press,thestarpress.com,https://www.thestarpress.com/rss/,Regional,3,50,True,US,regional,rss,authority=heuristic-by-category; region=Indiana
leg_0524,IN - Terre Haute Tribune-Star,tribstar.com,https://www.tribstar.com/search/?f=rss&t=article&l=50,Regional,3,50,True,US,regional,rss,authority=heuristic-by-category; region=Indiana
leg_0525,IN - Columbus Republic,therepublic.com,https://www.therepublic.com/search/?f=rss&t=article&l=50,Regional,3,50,True,US,regional,rss,authority=heuristic-by-category; region=Indiana
leg_0526,IN - Indianapolis Business Jrnl,bizjournals.com,https://www.bizjournals.com/indianapolis/feed/latest/,Regional,3,50,True,US,regional,rss,authority=heuristic-by-category; region=Indiana
leg_0527,IA - Des Moines Register,desmoinesregister.com,https://www.desmoinesregister.com/rss/,Regional,3,50,True,US,regional,rss,authority=heuristic-by-category; region=Iowa
leg_0528,IA - Cedar Rapids Gazette,thegazette.com,https://www.thegazette.com/feed/,Regional,3,50,True,US,regional,rss,authority=heuristic-by-category; region=Iowa
leg_0529,IA - Iowa City Press-Citizen,press-citizen.com,https://www.press-citizen.com/rss/,Regional,3,50,True,US,regional,rss,authority=heuristic-by-category; region=Iowa
leg_0530,IA - Sioux City Journal,siouxcityjournal.com,https://siouxcityjournal.com/search/?f=rss&t=article&l=50,Regional,3,50,True,US,regional,rss,authority=heuristic-by-category; region=Iowa
leg_0531,IA - Waterloo Cedar Falls Courier,wcfcourier.com,https://wcfcourier.com/search/?f=rss&t=article&l=50,Regional,3,50,True,US,regional,rss,authority=heuristic-by-category; region=Iowa
leg_0532,IA - Dubuque Telegraph Herald,telegraphherald.com,https://www.telegraphherald.com/search/?f=rss&t=article&l=50,Regional,3,50,True,US,regional,rss,authority=heuristic-by-category; region=Iowa
leg_0533,KS - Wichita Eagle,kansas.com,https://www.kansas.com/news/local/rss,Regional,3,50,True,US,regional,rss,authority=heuristic-by-category; region=Kansas
leg_0534,KS - Topeka Capital-Journal,cjonline.com,https://www.cjonline.com/rss/,Regional,3,50,True,US,regional,rss,authority=heuristic-by-category; region=Kansas
leg_0535,KS - Salina Journal,salina.com,https://www.salina.com/search/?f=rss&t=article&l=50,Regional,3,50,True,US,regional,rss,authority=heuristic-by-category; region=Kansas
leg_0536,KS - Lawrence Journal-World,www2.ljworld.com,https://www2.ljworld.com/rss/,Regional,3,50,True,US,regional,rss,authority=heuristic-by-category; region=Kansas
leg_0537,KS - Hutchinson News,hutchnews.com,https://www.hutchnews.com/search/?f=rss&t=article&l=50,Regional,3,50,True,US,regional,rss,authority=heuristic-by-category; region=Kansas
leg_0538,KS - Manhattan Mercury,themercury.com,https://www.themercury.com/search/?f=rss&t=article&l=50,Regional,3,50,True,US,regional,rss,authority=heuristic-by-category; region=Kansas
leg_0539,KS - Hays Daily News,hdnews.net,https://www.hdnews.net/search/?f=rss&t=article&l=50,Regional,3,50,True,US,regional,rss,authority=heuristic-by-category; region=Kansas
leg_0540,KY - Courier-Journal Louisville,courier-journal.com,https://www.courier-journal.com/rss/,Regional,3,50,True,US,regional,rss,authority=heuristic-by-category; region=Kentucky
leg_0541,KY - Lexington Herald-Leader,kentucky.com,https://www.kentucky.com/news/local/rss,Regional,3,50,True,US,regional,rss,authority=heuristic-by-category; region=Kentucky
leg_0542,KY - Bowling Green Daily News,bgdailynews.com,https://www.bgdailynews.com/search/?f=rss&t=article&l=50,Regional,3,50,True,US,regional,rss,authority=heuristic-by-category; region=Kentucky
leg_0543,KY - Owensboro Messenger-Inquirer,messenger-inquirer.com,https://www.messenger-inquirer.com/search/?f=rss&t=article&l=50,Regional,3,50,True,US,regional,rss,authority=heuristic-by-category; region=Kentucky
leg_0544,KY - Frankfort State Journal,state-journal.com,https://www.state-journal.com/search/?f=rss&t=article&l=50,Regional,3,50,True,US,regional,rss,authority=heuristic-by-category; region=Kentucky
leg_0545,KY - Paducah Sun,paducahsun.com,https://www.paducahsun.com/search/?f=rss&t=article&l=50,Regional,3,50,True,US,regional,rss,authority=heuristic-by-category; region=Kentucky
leg_0546,LA - Times-Picayune New Orleans,nola.com,https://www.nola.com/search/?f=rss&t=article&l=50,Regional,3,50,True,US,regional,rss,authority=heuristic-by-category; region=Louisiana
leg_0547,LA - Baton Rouge Advocate,theadvocate.com,https://www.theadvocate.com/baton_rouge/rss,Regional,3,50,True,US,regional,rss,authority=heuristic-by-category; region=Louisiana
leg_0548,LA - Shreveport Times,shreveporttimes.com,https://www.shreveporttimes.com/rss/,Regional,3,50,True,US,regional,rss,authority=heuristic-by-category; region=Louisiana
leg_0549,LA - Monroe News-Star,thenewsstar.com,https://www.thenewsstar.com/rss/,Regional,3,50,True,US,regional,rss,authority=heuristic-by-category; region=Louisiana
leg_0550,LA - Lafayette Advertiser,theadvertiser.com,https://www.theadvertiser.com/rss/,Regional,3,50,True,US,regional,rss,authority=heuristic-by-category; region=Louisiana
leg_0551,LA - Alexandria Town Talk,thetowntalk.com,https://www.thetowntalk.com/rss/,Regional,3,50,True,US,regional,rss,authority=heuristic-by-category; region=Louisiana
leg_0552,LA - Lake Charles American Press,americanpress.com,https://www.americanpress.com/search/?f=rss&t=article&l=50,Regional,3,50,True,US,regional,rss,authority=heuristic-by-category; region=Louisiana
leg_0553,LA - Houma Courier,houmatoday.com,https://www.houmatoday.com/search/?f=rss&t=article&l=50,Regional,3,50,True,US,regional,rss,authority=heuristic-by-category; region=Louisiana
leg_0554,LA - New Orleans Business Jrnl,bizjournals.com,https://www.bizjournals.com/neworleans/feed/latest/,Regional,3,50,True,US,regional,rss,authority=heuristic-by-category; region=Louisiana
leg_0555,ME - Portland Press Herald,pressherald.com,https://www.pressherald.com/feed/,Regional,3,50,True,US,regional,rss,authority=heuristic-by-category; region=Maine
leg_0556,ME - Bangor Daily News,bangordailynews.com,https://bangordailynews.com/feed/,Regional,3,50,True,US,regional,rss,authority=heuristic-by-category; region=Maine
leg_0557,ME - Kennebec Journal,centralmaine.com,https://www.centralmaine.com/feed/,Regional,3,50,True,US,regional,rss,authority=heuristic-by-category; region=Maine
leg_0558,ME - Lewiston Sun Journal,sunjournal.com,https://www.sunjournal.com/feed/,Regional,3,50,True,US,regional,rss,authority=heuristic-by-category; region=Maine
leg_0559,MD - Washington Post (MD),feeds.washingtonpost.com,https://feeds.washingtonpost.com/rss/local/maryland,Regional,3,50,True,US,regional,rss,authority=heuristic-by-category; region=Maryland
leg_0560,MD - Capital Gazette Annapolis,capitalgazette.com,https://www.capitalgazette.com/arcio/rss/,Regional,3,50,True,US,regional,rss,authority=heuristic-by-category; region=Maryland
leg_0561,MD - Frederick News-Post,fredericknewspost.com,https://www.fredericknewspost.com/search/?f=rss&t=article&l=50,Regional,3,50,True,US,regional,rss,authority=heuristic-by-category; region=Maryland
leg_0562,MD - Hagerstown Herald-Mail,heraldmailmedia.com,https://www.heraldmailmedia.com/search/?f=rss&t=article&l=50,Regional,3,50,True,US,regional,rss,authority=heuristic-by-category; region=Maryland
leg_0563,MD - Salisbury Daily Times,delmarvanow.com,https://www.delmarvanow.com/rss/,Regional,3,50,True,US,regional,rss,authority=heuristic-by-category; region=Maryland
leg_0564,MD - Cumberland Times-News,times-news.com,https://www.times-news.com/search/?f=rss&t=article&l=50,Regional,3,50,True,US,regional,rss,authority=heuristic-by-category; region=Maryland
leg_0565,MD - Baltimore Business Journal,bizjournals.com,https://www.bizjournals.com/baltimore/feed/latest/,Regional,3,50,True,US,regional,rss,authority=heuristic-by-category; region=Maryland
leg_0566,MD - Maryland Reporter,marylandreporter.com,https://marylandreporter.com/feed/,Regional,3,50,True,US,regional,rss,authority=heuristic-by-category; region=Maryland
leg_0567,MA - Boston Globe,bostonglobe.com,https://www.bostonglobe.com/rss/,Regional,3,50,True,US,regional,rss,authority=heuristic-by-category; region=Massachusetts
leg_0568,MA - Worcester Telegram & Gazette,telegram.com,https://www.telegram.com/arcio/rss/,Regional,3,50,True,US,regional,rss,authority=heuristic-by-category; region=Massachusetts
leg_0569,MA - Springfield Republican,masslive.com,https://www.masslive.com/rss/,Regional,3,50,True,US,regional,rss,authority=heuristic-by-category; region=Massachusetts
leg_0570,MA - Lowell Sun,lowellsun.com,https://www.lowellsun.com/feed/,Regional,3,50,True,US,regional,rss,authority=heuristic-by-category; region=Massachusetts
leg_0571,MA - Patriot Ledger,patriotledger.com,https://www.patriotledger.com/feed/,Regional,3,50,True,US,regional,rss,authority=heuristic-by-category; region=Massachusetts
leg_0572,MA - Cape Cod Times,capecodtimes.com,https://www.capecodtimes.com/arcio/rss/,Regional,3,50,True,US,regional,rss,authority=heuristic-by-category; region=Massachusetts
leg_0573,MA - New Bedford Standard-Times,southcoasttoday.com,https://www.southcoasttoday.com/search/?f=rss&t=article&l=50,Regional,3,50,True,US,regional,rss,authority=heuristic-by-category; region=Massachusetts
leg_0574,MA - Berkshire Eagle,berkshireeagle.com,https://www.berkshireeagle.com/feed/,Regional,3,50,True,US,regional,rss,authority=heuristic-by-category; region=Massachusetts
leg_0575,MA - Gloucester Daily Times,gloucestertimes.com,https://www.gloucestertimes.com/feed/,Regional,3,50,True,US,regional,rss,authority=heuristic-by-category; region=Massachusetts
leg_0576,MA - Boston Business Journal,bizjournals.com,https://www.bizjournals.com/boston/feed/latest/,Regional,3,50,True,US,regional,rss,authority=heuristic-by-category; region=Massachusetts
leg_0577,MA - CommonWealth Magazine,commonwealthbeacon.org,https://commonwealthbeacon.org/feed/,Regional,3,50,True,US,regional,rss,authority=heuristic-by-category; region=Massachusetts
leg_0578,MI - Detroit News,detroitnews.com,https://www.detroitnews.com/arcio/rss/,Regional,3,50,True,US,regional,rss,authority=heuristic-by-category; region=Michigan
leg_0579,MI - Grand Rapids Press,mlive.com,https://www.mlive.com/grand-rapids/index.ssf/rss2.0.xml,Regional,3,50,True,US,regional,rss,authority=heuristic-by-category; region=Michigan
leg_0580,MI - Lansing State Journal,lansingstatejournal.com,https://www.lansingstatejournal.com/rss/,Regional,3,50,True,US,regional,rss,authority=heuristic-by-category; region=Michigan
leg_0581,MI - Flint Journal,mlive.com,https://www.mlive.com/flint/index.ssf/rss2.0.xml,Regional,3,50,True,US,regional,rss,authority=heuristic-by-category; region=Michigan
leg_0582,MI - Kalamazoo Gazette,mlive.com,https://www.mlive.com/kalamazoo/index.ssf/rss2.0.xml,Regional,3,50,True,US,regional,rss,authority=heuristic-by-category; region=Michigan
leg_0583,MI - Ann Arbor News,mlive.com,https://www.mlive.com/ann-arbor/index.ssf/rss2.0.xml,Regional,3,50,True,US,regional,rss,authority=heuristic-by-category; region=Michigan
leg_0584,MI - Bay City Times,mlive.com,https://www.mlive.com/bay-city/index.ssf/rss2.0.xml,Regional,3,50,True,US,regional,rss,authority=heuristic-by-category; region=Michigan
leg_0585,MI - Saginaw News,mlive.com,https://www.mlive.com/saginaw/index.ssf/rss2.0.xml,Regional,3,50,True,US,regional,rss,authority=heuristic-by-category; region=Michigan
leg_0586,MI - Traverse City Record-Eagle,record-eagle.com,https://www.record-eagle.com/search/?f=rss&t=article&l=50,Regional,3,50,True,US,regional,rss,authority=heuristic-by-category; region=Michigan
leg_0587,MI - Muskegon Chronicle,mlive.com,https://www.mlive.com/muskegon/index.ssf/rss2.0.xml,Regional,3,50,True,US,regional,rss,authority=heuristic-by-category; region=Michigan
leg_0588,MI - Detroit Business,crainsdetroit.com,https://www.crainsdetroit.com/rss/,Regional,3,50,True,US,regional,rss,authority=heuristic-by-category; region=Michigan
leg_0589,MI - Bridge Michigan,bridgemi.com,https://bridgemi.com/feed/,Regional,3,50,True,US,regional,rss,authority=heuristic-by-category; region=Michigan
leg_0590,MN - Minneapolis Star Tribune,startribune.com,https://www.startribune.com/feeds/,Regional,3,50,True,US,regional,rss,authority=heuristic-by-category; region=Minnesota
leg_0591,MN - St. Paul Pioneer Press,twincities.com,https://www.twincities.com/feed/,Regional,3,50,True,US,regional,rss,authority=heuristic-by-category; region=Minnesota
leg_0592,MN - Duluth News Tribune,duluthnewstribune.com,https://www.duluthnewstribune.com/feed/,Regional,3,50,True,US,regional,rss,authority=heuristic-by-category; region=Minnesota
leg_0593,MN - Rochester Post-Bulletin,postbulletin.com,https://www.postbulletin.com/search/?f=rss&t=article&l=50,Regional,3,50,True,US,regional,rss,authority=heuristic-by-category; region=Minnesota
leg_0594,MN - St. Cloud Times,sctimes.com,https://www.sctimes.com/rss/,Regional,3,50,True,US,regional,rss,authority=heuristic-by-category; region=Minnesota
leg_0595,MN - Mankato Free Press,mankatofreepress.com,https://www.mankatofreepress.com/search/?f=rss&t=article&l=50,Regional,3,50,True,US,regional,rss,authority=heuristic-by-category; region=Minnesota
leg_0596,MN - Brainerd Dispatch,brainerddispatch.com,https://www.brainerddispatch.com/search/?f=rss&t=article&l=50,Regional,3,50,True,US,regional,rss,authority=heuristic-by-category; region=Minnesota
leg_0597,MN - Minneapolis Business Journal,bizjournals.com,https://www.bizjournals.com/twincities/feed/latest/,Regional,3,50,True,US,regional,rss,authority=heuristic-by-category; region=Minnesota
leg_0598,MN - MinnPost,minnpost.com,https://www.minnpost.com/feed/,Regional,3,50,True,US,regional,rss,authority=heuristic-by-category; region=Minnesota
leg_0599,MS - Clarion-Ledger Jackson,clarionledger.com,https://www.clarionledger.com/rss/,Regional,3,50,True,US,regional,rss,authority=heuristic-by-category; region=Mississippi
leg_0600,MS - Sun Herald Biloxi,sunherald.com,https://www.sunherald.com/news/local/rss,Regional,3,50,True,US,regional,rss,authority=heuristic-by-category; region=Mississippi
leg_0601,MS - Commercial Dispatch Columbus,cdispatch.com,https://www.cdispatch.com/search/?f=rss&t=article&l=50,Regional,3,50,True,US,regional,rss,authority=heuristic-by-category; region=Mississippi
leg_0602,MS - Hattiesburg American,hattiesburgamerican.com,https://www.hattiesburgamerican.com/rss/,Regional,3,50,True,US,regional,rss,authority=heuristic-by-category; region=Mississippi
leg_0603,MS - Vicksburg Post,vicksburgpost.com,https://www.vicksburgpost.com/search/?f=rss&t=article&l=50,Regional,3,50,True,US,regional,rss,authority=heuristic-by-category; region=Mississippi
leg_0604,MS - Meridian Star,meridianstar.com,https://www.meridianstar.com/search/?f=rss&t=article&l=50,Regional,3,50,True,US,regional,rss,authority=heuristic-by-category; region=Mississippi
leg_0605,MS - Mississippi Today,mississippitoday.org,https://mississippitoday.org/feed/,Regional,3,50,True,US,regional,rss,authority=heuristic-by-category; region=Mississippi
leg_0606,MO - St. Louis Post-Dispatch,stltoday.com,https://www.stltoday.com/search/?f=rss&t=article&l=50,Regional,3,50,True,US,regional,rss,authority=heuristic-by-category; region=Missouri
leg_0607,MO - Kansas City Star,kansascity.com,https://www.kansascity.com/news/local/rss,Regional,3,50,True,US,regional,rss,authority=heuristic-by-category; region=Missouri
leg_0608,MO - Springfield News-Leader,news-leader.com,https://www.news-leader.com/rss/,Regional,3,50,True,US,regional,rss,authority=heuristic-by-category; region=Missouri
leg_0609,MO - Columbia Missourian,columbiamissourian.com,https://www.columbiamissourian.com/search/?f=rss&t=article&l=50,Regional,3,50,True,US,regional,rss,authority=heuristic-by-category; region=Missouri
leg_0610,MO - Joplin Globe,joplinglobe.com,https://www.joplinglobe.com/search/?f=rss&t=article&l=50,Regional,3,50,True,US,regional,rss,authority=heuristic-by-category; region=Missouri
leg_0611,MO - St. Joseph News-Press,newspressnow.com,https://www.newspressnow.com/search/?f=rss&t=article&l=50,Regional,3,50,True,US,regional,rss,authority=heuristic-by-category; region=Missouri
leg_0612,MO - Columbia Tribune,columbiatribune.com,https://www.columbiatribune.com/search/?f=rss&t=article&l=50,Regional,3,50,True,US,regional,rss,authority=heuristic-by-category; region=Missouri
leg_0613,MO - Kansas City Business Journal,bizjournals.com,https://www.bizjournals.com/kansascity/feed/latest/,Regional,3,50,True,US,regional,rss,authority=heuristic-by-category; region=Missouri
leg_0614,MO - St. Louis Business Journal,bizjournals.com,https://www.bizjournals.com/stlouis/feed/latest/,Regional,3,50,True,US,regional,rss,authority=heuristic-by-category; region=Missouri
leg_0615,MT - Missoulian,missoulian.com,https://missoulian.com/search/?f=rss&t=article&l=50,Regional,3,50,True,US,regional,rss,authority=heuristic-by-category; region=Montana
leg_0616,MT - Billings Gazette,billingsgazette.com,https://billingsgazette.com/search/?f=rss&t=article&l=50,Regional,3,50,True,US,regional,rss,authority=heuristic-by-category; region=Montana
leg_0617,MT - Great Falls Tribune,greatfallstribune.com,https://www.greatfallstribune.com/rss/,Regional,3,50,True,US,regional,rss,authority=heuristic-by-category; region=Montana
leg_0618,MT - Helena Independent Record,helenair.com,https://helenair.com/search/?f=rss&t=article&l=50,Regional,3,50,True,US,regional,rss,authority=heuristic-by-category; region=Montana
leg_0619,MT - Bozeman Daily Chronicle,bozemandailychronicle.com,https://www.bozemandailychronicle.com/search/?f=rss&t=article&l=50,Regional,3,50,True,US,regional,rss,authority=heuristic-by-category; region=Montana
leg_0620,MT - Flathead Beacon,flatheadbeacon.com,https://flatheadbeacon.com/feed/,Regional,3,50,True,US,regional,rss,authority=heuristic-by-category; region=Montana
leg_0621,MT - Montana Free Press,montanafreepress.org,https://montanafreepress.org/feed/,Regional,3,50,True,US,regional,rss,authority=heuristic-by-category; region=Montana
leg_0622,NE - Omaha World-Herald,omaha.com,https://omaha.com/search/?f=rss&t=article&l=50,Regional,3,50,True,US,regional,rss,authority=heuristic-by-category; region=Nebraska
leg_0623,NE - Lincoln Journal Star,journalstar.com,https://journalstar.com/search/?f=rss&t=article&l=50,Regional,3,50,True,US,regional,rss,authority=heuristic-by-category; region=Nebraska
leg_0624,NE - Fremont Tribune,fremonttribune.com,https://www.fremonttribune.com/search/?f=rss&t=article&l=50,Regional,3,50,True,US,regional,rss,authority=heuristic-by-category; region=Nebraska
leg_0625,NE - Kearney Hub,kearneyhub.com,https://www.kearneyhub.com/search/?f=rss&t=article&l=50,Regional,3,50,True,US,regional,rss,authority=heuristic-by-category; region=Nebraska
leg_0626,NE - Grand Island Independent,theindependent.com,https://www.theindependent.com/search/?f=rss&t=article&l=50,Regional,3,50,True,US,regional,rss,authority=heuristic-by-category; region=Nebraska
leg_0627,NE - Scottsbluff Star-Herald,starherald.com,https://www.starherald.com/search/?f=rss&t=article&l=50,Regional,3,50,True,US,regional,rss,authority=heuristic-by-category; region=Nebraska
leg_0628,NE - Norfolk Daily News,norfolkdailynews.com,https://www.norfolkdailynews.com/search/?f=rss&t=article&l=50,Regional,3,50,True,US,regional,rss,authority=heuristic-by-category; region=Nebraska
leg_0629,NV - Las Vegas Review-Journal,reviewjournal.com,https://www.reviewjournal.com/feed/,Regional,3,50,True,US,regional,rss,authority=heuristic-by-category; region=Nevada
leg_0630,NV - Las Vegas Sun,lasvegassun.com,https://lasvegassun.com/feed/,Regional,3,50,True,US,regional,rss,authority=heuristic-by-category; region=Nevada
leg_0631,NV - Reno Gazette-Journal,rgj.com,https://www.rgj.com/rss/,Regional,3,50,True,US,regional,rss,authority=heuristic-by-category; region=Nevada
leg_0632,NV - Nevada Independent,thenevadaindependent.com,https://thenevadaindependent.com/feed/,Regional,3,50,True,US,regional,rss,authority=heuristic-by-category; region=Nevada
leg_0633,NV - Las Vegas Weekly,lasvegasweekly.com,https://lasvegasweekly.com/feed/,Regional,3,50,True,US,regional,rss,authority=heuristic-by-category; region=Nevada
leg_0634,NV - Las Vegas Business Press,bizjournals.com,https://www.bizjournals.com/lasvegas/feed/latest/,Regional,3,50,True,US,regional,rss,authority=heuristic-by-category; region=Nevada
leg_0635,NH - Union Leader Manchester,unionleader.com,https://www.unionleader.com/search/?f=rss&t=article&l=50,Regional,3,50,True,US,regional,rss,authority=heuristic-by-category; region=New Hampshire
leg_0636,NH - Concord Monitor,concordmonitor.com,https://www.concordmonitor.com/feed/,Regional,3,50,True,US,regional,rss,authority=heuristic-by-category; region=New Hampshire
leg_0637,NH - Keene Sentinel,sentinelsource.com,https://www.sentinelsource.com/search/?f=rss&t=article&l=50,Regional,3,50,True,US,regional,rss,authority=heuristic-by-category; region=New Hampshire
leg_0638,NH - Laconia Daily Sun,laconiadailysun.com,https://laconiadailysun.com/feed/,Regional,3,50,True,US,regional,rss,authority=heuristic-by-category; region=New Hampshire
leg_0639,NJ - NJ.com / Star-Ledger,nj.com,https://www.nj.com/arcio/rss/,Regional,3,50,True,US,regional,rss,authority=heuristic-by-category; region=New Jersey
leg_0640,NJ - Bergen Record,northjersey.com,https://www.northjersey.com/arcio/rss/,Regional,3,50,True,US,regional,rss,authority=heuristic-by-category; region=New Jersey
leg_0641,NJ - Asbury Park Press,app.com,https://www.app.com/rss/,Regional,3,50,True,US,regional,rss,authority=heuristic-by-category; region=New Jersey
leg_0642,NJ - Courier-Post Cherry Hill,courierpostonline.com,https://www.courierpostonline.com/rss/,Regional,3,50,True,US,regional,rss,authority=heuristic-by-category; region=New Jersey
leg_0643,NJ - Burlington County Times,burlingtoncountytimes.com,https://www.burlingtoncountytimes.com/rss/,Regional,3,50,True,US,regional,rss,authority=heuristic-by-category; region=New Jersey
leg_0644,NJ - Home News Tribune,mycentraljersey.com,https://www.mycentraljersey.com/rss/,Regional,3,50,True,US,regional,rss,authority=heuristic-by-category; region=New Jersey
leg_0645,NJ - Times of Trenton,nj.com,https://www.nj.com/times-of-trenton/index.ssf/rss2.0.xml,Regional,3,50,True,US,regional,rss,authority=heuristic-by-category; region=New Jersey
leg_0646,NJ - New Jersey Business Jrnl,bizjournals.com,https://www.bizjournals.com/newjersey/feed/latest/,Regional,3,50,True,US,regional,rss,authority=heuristic-by-category; region=New Jersey
leg_0647,NJ - NJ Spotlight News,njspotlightnews.org,https://www.njspotlightnews.org/feed/,Regional,3,50,True,US,regional,rss,authority=heuristic-by-category; region=New Jersey
leg_0648,NM - Albuquerque Journal,abqjournal.com,https://www.abqjournal.com/feed/,Regional,3,50,True,US,regional,rss,authority=heuristic-by-category; region=New Mexico
leg_0649,NM - Santa Fe New Mexican,santafenewmexican.com,https://www.santafenewmexican.com/search/?f=rss&t=article&l=50,Regional,3,50,True,US,regional,rss,authority=heuristic-by-category; region=New Mexico
leg_0650,NM - Las Cruces Sun-News,lcsun-news.com,https://www.lcsun-news.com/rss/,Regional,3,50,True,US,regional,rss,authority=heuristic-by-category; region=New Mexico
leg_0651,NM - Roswell Daily Record,rdrnews.com,https://www.rdrnews.com/search/?f=rss&t=article&l=50,Regional,3,50,True,US,regional,rss,authority=heuristic-by-category; region=New Mexico
leg_0652,NM - Farmington Daily Times,daily-times.com,https://www.daily-times.com/rss/,Regional,3,50,True,US,regional,rss,authority=heuristic-by-category; region=New Mexico
leg_0653,NM - New Mexico Political Report,nmpoliticalreport.com,https://nmpoliticalreport.com/feed/,Regional,3,50,True,US,regional,rss,authority=heuristic-by-category; region=New Mexico
leg_0654,NY - NY Daily News,nydailynews.com,https://www.nydailynews.com/arcio/rss/,Regional,3,50,True,US,regional,rss,authority=heuristic-by-category; region=New York
leg_0655,NY - Newsday Long Island,newsday.com,https://www.newsday.com/rss,Regional,3,50,True,US,regional,rss,authority=heuristic-by-category; region=New York
leg_0656,NY - Buffalo News,buffalonews.com,https://buffalonews.com/search/?f=rss&t=article&l=50,Regional,3,50,True,US,regional,rss,authority=heuristic-by-category; region=New York
leg_0657,NY - Rochester Democrat & Chronicle,democratandchronicle.com,https://www.democratandchronicle.com/rss/,Regional,3,50,True,US,regional,rss,authority=heuristic-by-category; region=New York
leg_0658,NY - Albany Times-Union,timesunion.com,https://www.timesunion.com/search/?f=rss&t=article&l=50,Regional,3,50,True,US,regional,rss,authority=heuristic-by-category; region=New York
leg_0659,NY - Syracuse Post-Standard,syracuse.com,https://www.syracuse.com/arcio/rss/,Regional,3,50,True,US,regional,rss,authority=heuristic-by-category; region=New York
leg_0660,NY - Binghamton Press & Sun-Bull,pressconnects.com,https://www.pressconnects.com/rss/,Regional,3,50,True,US,regional,rss,authority=heuristic-by-category; region=New York
leg_0661,NY - Utica Observer-Dispatch,uticaod.com,https://www.uticaod.com/search/?f=rss&t=article&l=50,Regional,3,50,True,US,regional,rss,authority=heuristic-by-category; region=New York
leg_0662,NY - Poughkeepsie Journal,poughkeepsiejournal.com,https://www.poughkeepsiejournal.com/rss/,Regional,3,50,True,US,regional,rss,authority=heuristic-by-category; region=New York
leg_0663,NY - Journal News Westchester,lohud.com,https://www.lohud.com/arcio/rss/,Regional,3,50,True,US,regional,rss,authority=heuristic-by-category; region=New York
leg_0664,NY - Staten Island Advance,silive.com,https://www.silive.com/arcio/rss/,Regional,3,50,True,US,regional,rss,authority=heuristic-by-category; region=New York
leg_0665,NY - New York Business Journal,bizjournals.com,https://www.bizjournals.com/newyork/feed/latest/,Regional,3,50,True,US,regional,rss,authority=heuristic-by-category; region=New York
leg_0666,NY - City & State NY,cityandstateny.com,https://www.cityandstateny.com/feed/,Regional,3,50,True,US,regional,rss,authority=heuristic-by-category; region=New York
leg_0667,NY - Gothamist,gothamist.com,https://gothamist.com/feed,Regional,3,50,True,US,regional,rss,authority=heuristic-by-category; region=New York
leg_0668,NY - The City NYC,thecity.nyc,https://www.thecity.nyc/feed/,Regional,3,50,True,US,regional,rss,authority=heuristic-by-category; region=New York
leg_0669,NY - Observer NY,observer.com,https://observer.com/feed/,Regional,3,50,True,US,regional,rss,authority=heuristic-by-category; region=New York
leg_0670,NC - Charlotte Observer,charlotteobserver.com,https://www.charlotteobserver.com/news/local/rss,Regional,3,50,True,US,regional,rss,authority=heuristic-by-category; region=North Carolina
leg_0671,NC - News & Observer Raleigh,newsobserver.com,https://www.newsobserver.com/news/local/rss,Regional,3,50,True,US,regional,rss,authority=heuristic-by-category; region=North Carolina
leg_0672,NC - Winston-Salem Journal,journalnow.com,https://www.journalnow.com/search/?f=rss&t=article&l=50,Regional,3,50,True,US,regional,rss,authority=heuristic-by-category; region=North Carolina
leg_0673,NC - Greensboro News & Record,greensboro.com,https://greensboro.com/search/?f=rss&t=article&l=50,Regional,3,50,True,US,regional,rss,authority=heuristic-by-category; region=North Carolina
leg_0674,NC - Durham Herald-Sun,heraldsun.com,https://www.heraldsun.com/news/local/rss,Regional,3,50,True,US,regional,rss,authority=heuristic-by-category; region=North Carolina
leg_0675,NC - Fayetteville Observer,fayobserver.com,https://www.fayobserver.com/rss/,Regional,3,50,True,US,regional,rss,authority=heuristic-by-category; region=North Carolina
leg_0676,NC - Wilmington Star-News,starnewsonline.com,https://www.starnewsonline.com/rss/,Regional,3,50,True,US,regional,rss,authority=heuristic-by-category; region=North Carolina
leg_0677,NC - Asheville Citizen-Times,citizen-times.com,https://www.citizen-times.com/rss/,Regional,3,50,True,US,regional,rss,authority=heuristic-by-category; region=North Carolina
leg_0678,NC - Statesville Record Landmark,statesville.com,https://www.statesville.com/search/?f=rss&t=article&l=50,Regional,3,50,True,US,regional,rss,authority=heuristic-by-category; region=North Carolina
leg_0679,NC - High Point Enterprise,hpenews.com,https://www.hpenews.com/search/?f=rss&t=article&l=50,Regional,3,50,True,US,regional,rss,authority=heuristic-by-category; region=North Carolina
leg_0680,NC - Rocky Mount Telegram,rockymounttelegram.com,https://www.rockymounttelegram.com/search/?f=rss&t=article&l=50,Regional,3,50,True,US,regional,rss,authority=heuristic-by-category; region=North Carolina
leg_0681,NC - Charlotte Business Journal,bizjournals.com,https://www.bizjournals.com/charlotte/feed/latest/,Regional,3,50,True,US,regional,rss,authority=heuristic-by-category; region=North Carolina
leg_0682,NC - NC Policy Watch,ncpolicywatch.com,https://ncpolicywatch.com/feed/,Regional,3,50,True,US,regional,rss,authority=heuristic-by-category; region=North Carolina
leg_0683,NC - Carolina Public Press,carolinapublicpress.org,https://carolinapublicpress.org/feed/,Regional,3,50,True,US,regional,rss,authority=heuristic-by-category; region=North Carolina
leg_0684,ND - Bismarck Tribune,bismarcktribune.com,https://bismarcktribune.com/search/?f=rss&t=article&l=50,Regional,3,50,True,US,regional,rss,authority=heuristic-by-category; region=North Dakota
leg_0685,ND - Fargo Forum,inforum.com,https://www.inforum.com/search/?f=rss&t=article&l=50,Regional,3,50,True,US,regional,rss,authority=heuristic-by-category; region=North Dakota
leg_0686,ND - Grand Forks Herald,grandforksherald.com,https://www.grandforksherald.com/search/?f=rss&t=article&l=50,Regional,3,50,True,US,regional,rss,authority=heuristic-by-category; region=North Dakota
leg_0687,ND - Minot Daily News,minotdailynews.com,https://www.minotdailynews.com/feed/,Regional,3,50,True,US,regional,rss,authority=heuristic-by-category; region=North Dakota
leg_0688,ND - Dickinson Press,thedickinsonpress.com,https://www.thedickinsonpress.com/search/?f=rss&t=article&l=50,Regional,3,50,True,US,regional,rss,authority=heuristic-by-category; region=North Dakota
leg_0689,OH - Cleveland Plain Dealer,cleveland.com,https://www.cleveland.com/arcio/rss/,Regional,3,50,True,US,regional,rss,authority=heuristic-by-category; region=Ohio
leg_0690,OH - Columbus Dispatch,dispatch.com,https://www.dispatch.com/search/?f=rss&t=article&l=50,Regional,3,50,True,US,regional,rss,authority=heuristic-by-category; region=Ohio
leg_0691,OH - Cincinnati Enquirer,cincinnati.com,https://www.cincinnati.com/rss/,Regional,3,50,True,US,regional,rss,authority=heuristic-by-category; region=Ohio
leg_0692,OH - Toledo Blade,toledoblade.com,https://www.toledoblade.com/search/?f=rss&t=article&l=50,Regional,3,50,True,US,regional,rss,authority=heuristic-by-category; region=Ohio
leg_0693,OH - Akron Beacon Journal,beaconjournal.com,https://www.beaconjournal.com/search/?f=rss&t=article&l=50,Regional,3,50,True,US,regional,rss,authority=heuristic-by-category; region=Ohio
leg_0694,OH - Dayton Daily News,daytondailynews.com,https://www.daytondailynews.com/rss/,Regional,3,50,True,US,regional,rss,authority=heuristic-by-category; region=Ohio
leg_0695,OH - Youngstown Vindicator,vindy.com,https://www.vindy.com/rss/news/,Regional,3,50,True,US,regional,rss,authority=heuristic-by-category; region=Ohio
leg_0696,OH - Canton Repository,cantonrep.com,https://www.cantonrep.com/search/?f=rss&t=article&l=50,Regional,3,50,True,US,regional,rss,authority=heuristic-by-category; region=Ohio
leg_0697,OH - Springfield News-Sun,springfieldnewssun.com,https://www.springfieldnewssun.com/rss/,Regional,3,50,True,US,regional,rss,authority=heuristic-by-category; region=Ohio
leg_0698,OH - Mansfield News Journal,mansfieldnewsjournal.com,https://www.mansfieldnewsjournal.com/rss/,Regional,3,50,True,US,regional,rss,authority=heuristic-by-category; region=Ohio
leg_0699,OH - Cleveland Business,crainscleveland.com,https://www.crainscleveland.com/rss/,Regional,3,50,True,US,regional,rss,authority=heuristic-by-category; region=Ohio
leg_0700,OH - Columbus Business First,bizjournals.com,https://www.bizjournals.com/columbus/feed/latest/,Regional,3,50,True,US,regional,rss,authority=heuristic-by-category; region=Ohio
leg_0701,OH - Cincinnati Business Courier,bizjournals.com,https://www.bizjournals.com/cincinnati/feed/latest/,Regional,3,50,True,US,regional,rss,authority=heuristic-by-category; region=Ohio
leg_0702,OH - Ohio Capital Journal,ohiocapitaljournal.com,https://ohiocapitaljournal.com/feed/,Regional,3,50,True,US,regional,rss,authority=heuristic-by-category; region=Ohio
leg_0703,OK - Oklahoman,oklahoman.com,https://www.oklahoman.com/rss/,Regional,3,50,True,US,regional,rss,authority=heuristic-by-category; region=Oklahoma
leg_0704,OK - Tulsa World,tulsaworld.com,https://tulsaworld.com/search/?f=rss&t=article&l=50,Regional,3,50,True,US,regional,rss,authority=heuristic-by-category; region=Oklahoma
leg_0705,OK - Lawton Constitution,swoknews.com,https://www.swoknews.com/search/?f=rss&t=article&l=50,Regional,3,50,True,US,regional,rss,authority=heuristic-by-category; region=Oklahoma
leg_0706,OK - Enid News & Eagle,enidnews.com,https://www.enidnews.com/search/?f=rss&t=article&l=50,Regional,3,50,True,US,regional,rss,authority=heuristic-by-category; region=Oklahoma
leg_0707,OK - Muskogee Phoenix,muskogeephoenix.com,https://www.muskogeephoenix.com/search/?f=rss&t=article&l=50,Regional,3,50,True,US,regional,rss,authority=heuristic-by-category; region=Oklahoma
leg_0708,OK - Oklahoma Watch,oklahomawatch.org,https://oklahomawatch.org/feed/,Regional,3,50,True,US,regional,rss,authority=heuristic-by-category; region=Oklahoma
leg_0709,OR - Oregonian Portland,oregonlive.com,https://www.oregonlive.com/arcio/rss/,Regional,3,50,True,US,regional,rss,authority=heuristic-by-category; region=Oregon
leg_0710,OR - Eugene Register-Guard,registerguard.com,https://www.registerguard.com/search/?f=rss&t=article&l=50,Regional,3,50,True,US,regional,rss,authority=heuristic-by-category; region=Oregon
leg_0711,OR - Salem Statesman Journal,statesmanjournal.com,https://www.statesmanjournal.com/rss/,Regional,3,50,True,US,regional,rss,authority=heuristic-by-category; region=Oregon
leg_0712,OR - Medford Mail Tribune,mailtribune.com,https://www.mailtribune.com/search/?f=rss&t=article&l=50,Regional,3,50,True,US,regional,rss,authority=heuristic-by-category; region=Oregon
leg_0713,OR - Bend Bulletin,bendbulletin.com,https://www.bendbulletin.com/search/?f=rss&t=article&l=50,Regional,3,50,True,US,regional,rss,authority=heuristic-by-category; region=Oregon
leg_0714,OR - Corvallis Gazette-Times,gazettetimes.com,https://www.gazettetimes.com/search/?f=rss&t=article&l=50,Regional,3,50,True,US,regional,rss,authority=heuristic-by-category; region=Oregon
leg_0715,OR - Albany Democrat-Herald,democratherald.com,https://democratherald.com/search/?f=rss&t=article&l=50,Regional,3,50,True,US,regional,rss,authority=heuristic-by-category; region=Oregon
leg_0716,OR - Portland Business Journal,bizjournals.com,https://www.bizjournals.com/portland/feed/latest/,Regional,3,50,True,US,regional,rss,authority=heuristic-by-category; region=Oregon
leg_0717,OR - Willamette Week,wweek.com,https://www.wweek.com/feed/,Regional,3,50,True,US,regional,rss,authority=heuristic-by-category; region=Oregon
leg_0718,OR - Oregon Public Broadcasting,opb.org,https://www.opb.org/rss/news/,Regional,3,50,True,US,regional,rss,authority=heuristic-by-category; region=Oregon
leg_0719,PA - Harrisburg Patriot-News,pennlive.com,https://www.pennlive.com/arcio/rss/,Regional,3,50,True,US,regional,rss,authority=heuristic-by-category; region=Pennsylvania
leg_0720,PA - Pittsburgh Tribune-Review,triblive.com,https://triblive.com/feed/,Regional,3,50,True,US,regional,rss,authority=heuristic-by-category; region=Pennsylvania
leg_0721,PA - Allentown Morning Call,mcall.com,https://www.mcall.com/arcio/rss/,Regional,3,50,True,US,regional,rss,authority=heuristic-by-category; region=Pennsylvania
leg_0722,PA - Reading Eagle,readingeagle.com,https://www.readingeagle.com/search/?f=rss&t=article&l=50,Regional,3,50,True,US,regional,rss,authority=heuristic-by-category; region=Pennsylvania
leg_0723,PA - Lancaster Intelligencer Jrnl,lancasteronline.com,https://lancasteronline.com/search/?f=rss&t=article&l=50,Regional,3,50,True,US,regional,rss,authority=heuristic-by-category; region=Pennsylvania
leg_0724,PA - Scranton Times-Tribune,thetimes-tribune.com,https://www.thetimes-tribune.com/search/?f=rss&t=article&l=50,Regional,3,50,True,US,regional,rss,authority=heuristic-by-category; region=Pennsylvania
leg_0725,PA - Erie Times-News,goerie.com,https://www.goerie.com/search/?f=rss&t=article&l=50,Regional,3,50,True,US,regional,rss,authority=heuristic-by-category; region=Pennsylvania
leg_0726,PA - Wilkes-Barre Citizens Voice,citizensvoice.com,https://www.citizensvoice.com/search/?f=rss&t=article&l=50,Regional,3,50,True,US,regional,rss,authority=heuristic-by-category; region=Pennsylvania
leg_0727,PA - Pittsburgh Business Times,bizjournals.com,https://www.bizjournals.com/pittsburgh/feed/latest/,Regional,3,50,True,US,regional,rss,authority=heuristic-by-category; region=Pennsylvania
leg_0728,PA - Philadelphia Business Jrnl,bizjournals.com,https://www.bizjournals.com/philadelphia/feed/latest/,Regional,3,50,True,US,regional,rss,authority=heuristic-by-category; region=Pennsylvania
leg_0729,PA - Spotlight PA,spotlightpa.org,https://www.spotlightpa.org/feed/,Regional,3,50,True,US,regional,rss,authority=heuristic-by-category; region=Pennsylvania
leg_0730,PA - Pennsylvania Capital-Star,penncapital-star.com,https://www.penncapital-star.com/feed/,Regional,3,50,True,US,regional,rss,authority=heuristic-by-category; region=Pennsylvania
leg_0731,RI - Providence Journal,providencejournal.com,https://www.providencejournal.com/arcio/rss/,Regional,3,50,True,US,regional,rss,authority=heuristic-by-category; region=Rhode Island
leg_0732,RI - Woonsocket Call,woonsocketcall.com,https://www.woonsocketcall.com/search/?f=rss&t=article&l=50,Regional,3,50,True,US,regional,rss,authority=heuristic-by-category; region=Rhode Island
leg_0733,RI - Newport Daily News,newportri.com,https://www.newportri.com/search/?f=rss&t=article&l=50,Regional,3,50,True,US,regional,rss,authority=heuristic-by-category; region=Rhode Island
leg_0734,RI - Rhode Island Current,rhodeislandcurrent.com,https://rhodeislandcurrent.com/feed/,Regional,3,50,True,US,regional,rss,authority=heuristic-by-category; region=Rhode Island
leg_0735,SC - State Columbia,thestate.com,https://www.thestate.com/news/local/rss,Regional,3,50,True,US,regional,rss,authority=heuristic-by-category; region=South Carolina
leg_0736,SC - Greenville News,greenvilleonline.com,https://www.greenvilleonline.com/rss/,Regional,3,50,True,US,regional,rss,authority=heuristic-by-category; region=South Carolina
leg_0737,SC - Post and Courier Charleston,postandcourier.com,https://www.postandcourier.com/feed/,Regional,3,50,True,US,regional,rss,authority=heuristic-by-category; region=South Carolina
leg_0738,SC - Myrtle Beach Sun News,myrtlebeachonline.com,https://www.myrtlebeachonline.com/news/local/rss,Regional,3,50,True,US,regional,rss,authority=heuristic-by-category; region=South Carolina
leg_0739,SC - Rock Hill Herald,heraldonline.com,https://www.heraldonline.com/news/local/rss,Regional,3,50,True,US,regional,rss,authority=heuristic-by-category; region=South Carolina
leg_0740,SC - Anderson Independent Mail,independentmail.com,https://www.independentmail.com/rss/,Regional,3,50,True,US,regional,rss,authority=heuristic-by-category; region=South Carolina
leg_0741,SC - Spartanburg Herald-Journal,goupstate.com,https://www.goupstate.com/search/?f=rss&t=article&l=50,Regional,3,50,True,US,regional,rss,authority=heuristic-by-category; region=South Carolina
leg_0742,SD - Argus Leader Sioux Falls,argusleader.com,https://www.argusleader.com/rss/,Regional,3,50,True,US,regional,rss,authority=heuristic-by-category; region=South Dakota
leg_0743,SD - Rapid City Journal,rapidcityjournal.com,https://rapidcityjournal.com/search/?f=rss&t=article&l=50,Regional,3,50,True,US,regional,rss,authority=heuristic-by-category; region=South Dakota
leg_0744,SD - Aberdeen American News,aberdeennews.com,https://www.aberdeennews.com/search/?f=rss&t=article&l=50,Regional,3,50,True,US,regional,rss,authority=heuristic-by-category; region=South Dakota
leg_0745,SD - Watertown Public Opinion,thepublicopinion.com,https://www.thepublicopinion.com/search/?f=rss&t=article&l=50,Regional,3,50,True,US,regional,rss,authority=heuristic-by-category; region=South Dakota
leg_0746,SD - South Dakota Searchlight,southdakotasearchlight.com,https://southdakotasearchlight.com/feed/,Regional,3,50,True,US,regional,rss,authority=heuristic-by-category; region=South Dakota
leg_0747,TN - Tennessean Nashville,tennessean.com,https://www.tennessean.com/rss/,Regional,3,50,True,US,regional,rss,authority=heuristic-by-category; region=Tennessee
leg_0748,TN - Memphis Commercial Appeal,commercialappeal.com,https://www.commercialappeal.com/rss/,Regional,3,50,True,US,regional,rss,authority=heuristic-by-category; region=Tennessee
leg_0749,TN - Knoxville News Sentinel,knoxnews.com,https://www.knoxnews.com/rss/,Regional,3,50,True,US,regional,rss,authority=heuristic-by-category; region=Tennessee
leg_0750,TN - Chattanooga Times Free Press,timesfreepress.com,https://www.timesfreepress.com/search/?f=rss&t=article&l=50,Regional,3,50,True,US,regional,rss,authority=heuristic-by-category; region=Tennessee
leg_0751,TN - Jackson Sun,jacksonsun.com,https://www.jacksonsun.com/rss/,Regional,3,50,True,US,regional,rss,authority=heuristic-by-category; region=Tennessee
leg_0752,TN - Clarksville Leaf-Chronicle,theleafchronicle.com,https://www.theleafchronicle.com/rss/,Regional,3,50,True,US,regional,rss,authority=heuristic-by-category; region=Tennessee
leg_0753,TN - Johnson City Press,johnsoncitypress.com,https://www.johnsoncitypress.com/search/?f=rss&t=article&l=50,Regional,3,50,True,US,regional,rss,authority=heuristic-by-category; region=Tennessee
leg_0754,TN - Nashville Business Journal,bizjournals.com,https://www.bizjournals.com/nashville/feed/latest/,Regional,3,50,True,US,regional,rss,authority=heuristic-by-category; region=Tennessee
leg_0755,TN - Tennessee Lookout,tennesseelookout.com,https://tennesseelookout.com/feed/,Regional,3,50,True,US,regional,rss,authority=heuristic-by-category; region=Tennessee
leg_0756,TX - Dallas Morning News,dallasnews.com,https://www.dallasnews.com/arcio/rss/,Regional,3,50,True,US,regional,rss,authority=heuristic-by-category; region=Texas
leg_0757,TX - Houston Chronicle,houstonchronicle.com,https://www.houstonchronicle.com/arcio/rss/,Regional,3,50,True,US,regional,rss,authority=heuristic-by-category; region=Texas
leg_0758,TX - San Antonio Express-News,mysanantonio.com,https://www.mysanantonio.com/arcio/rss/,Regional,3,50,True,US,regional,rss,authority=heuristic-by-category; region=Texas
leg_0759,TX - Austin American-Statesman,statesman.com,https://www.statesman.com/arcio/rss/,Regional,3,50,True,US,regional,rss,authority=heuristic-by-category; region=Texas
leg_0760,TX - Fort Worth Star-Telegram,star-telegram.com,https://www.star-telegram.com/news/local/rss,Regional,3,50,True,US,regional,rss,authority=heuristic-by-category; region=Texas
leg_0761,TX - El Paso Times,elpasotimes.com,https://www.elpasotimes.com/rss/,Regional,3,50,True,US,regional,rss,authority=heuristic-by-category; region=Texas
leg_0762,TX - Corpus Christi Caller-Times,caller.com,https://www.caller.com/rss/,Regional,3,50,True,US,regional,rss,authority=heuristic-by-category; region=Texas
leg_0763,TX - Lubbock Avalanche-Journal,lubbockonline.com,https://www.lubbockonline.com/rss/,Regional,3,50,True,US,regional,rss,authority=heuristic-by-category; region=Texas
leg_0764,TX - Waco Tribune-Herald,wacotrib.com,https://wacotrib.com/search/?f=rss&t=article&l=50,Regional,3,50,True,US,regional,rss,authority=heuristic-by-category; region=Texas
leg_0765,TX - Amarillo Globe-News,amarillo.com,https://www.amarillo.com/search/?f=rss&t=article&l=50,Regional,3,50,True,US,regional,rss,authority=heuristic-by-category; region=Texas
leg_0766,TX - Abilene Reporter-News,reporternews.com,https://www.reporternews.com/rss/,Regional,3,50,True,US,regional,rss,authority=heuristic-by-category; region=Texas
leg_0767,TX - Beaumont Enterprise,beaumontenterprise.com,https://www.beaumontenterprise.com/arcio/rss/,Regional,3,50,True,US,regional,rss,authority=heuristic-by-category; region=Texas
leg_0768,TX - Laredo Morning Times,lmtonline.com,https://www.lmtonline.com/search/?f=rss&t=article&l=50,Regional,3,50,True,US,regional,rss,authority=heuristic-by-category; region=Texas
leg_0769,TX - Midland Reporter-Telegram,mrt.com,https://www.mrt.com/search/?f=rss&t=article&l=50,Regional,3,50,True,US,regional,rss,authority=heuristic-by-category; region=Texas
leg_0770,TX - McAllen Monitor,themonitor.com,https://www.themonitor.com/search/?f=rss&t=article&l=50,Regional,3,50,True,US,regional,rss,authority=heuristic-by-category; region=Texas
leg_0771,TX - Tyler Morning Telegraph,tylerpaper.com,https://tylerpaper.com/search/?f=rss&t=article&l=50,Regional,3,50,True,US,regional,rss,authority=heuristic-by-category; region=Texas
leg_0772,TX - Odessa American,oaoa.com,https://www.oaoa.com/search/?f=rss&t=article&l=50,Regional,3,50,True,US,regional,rss,authority=heuristic-by-category; region=Texas
leg_0773,TX - Longview News-Journal,news-journal.com,https://www.news-journal.com/search/?f=rss&t=article&l=50,Regional,3,50,True,US,regional,rss,authority=heuristic-by-category; region=Texas
leg_0774,TX - Houston Business Journal,bizjournals.com,https://www.bizjournals.com/houston/feed/latest/,Regional,3,50,True,US,regional,rss,authority=heuristic-by-category; region=Texas
leg_0775,TX - Dallas Business Journal,bizjournals.com,https://www.bizjournals.com/dallas/feed/latest/,Regional,3,50,True,US,regional,rss,authority=heuristic-by-category; region=Texas
leg_0776,TX - San Antonio Business Jrnl,bizjournals.com,https://www.bizjournals.com/sanantonio/feed/latest/,Regional,3,50,True,US,regional,rss,authority=heuristic-by-category; region=Texas
leg_0777,TX - Austin Business Journal,bizjournals.com,https://www.bizjournals.com/austin/feed/latest/,Regional,3,50,True,US,regional,rss,authority=heuristic-by-category; region=Texas
leg_0778,TX - Texas Tribune,texastribune.org,https://www.texastribune.org/feed/,Regional,3,50,True,US,regional,rss,authority=heuristic-by-category; region=Texas
leg_0779,TX - Dallas Observer,dallasobserver.com,https://www.dallasobserver.com/feed/,Regional,3,50,True,US,regional,rss,authority=heuristic-by-category; region=Texas
leg_0780,TX - Houston Press,houstonpress.com,https://www.houstonpress.com/feed/,Regional,3,50,True,US,regional,rss,authority=heuristic-by-category; region=Texas
leg_0781,UT - Salt Lake Tribune,sltrib.com,https://www.sltrib.com/feed/,Regional,3,50,True,US,regional,rss,authority=heuristic-by-category; region=Utah
leg_0782,UT - Deseret News,deseret.com,https://www.deseret.com/rss,Regional,3,50,True,US,regional,rss,authority=heuristic-by-category; region=Utah
leg_0783,UT - Provo Daily Herald,heraldextra.com,https://www.heraldextra.com/search/?f=rss&t=article&l=50,Regional,3,50,True,US,regional,rss,authority=heuristic-by-category; region=Utah
leg_0784,UT - St. George Spectrum,thespectrum.com,https://www.thespectrum.com/rss/,Regional,3,50,True,US,regional,rss,authority=heuristic-by-category; region=Utah
leg_0785,UT - Ogden Standard-Examiner,standard.net,https://www.standard.net/search/?f=rss&t=article&l=50,Regional,3,50,True,US,regional,rss,authority=heuristic-by-category; region=Utah
leg_0786,UT - Cache Valley Daily,cachevalleydaily.com,https://www.cachevalleydaily.com/search/?f=rss&t=article&l=50,Regional,3,50,True,US,regional,rss,authority=heuristic-by-category; region=Utah
leg_0787,VT - Burlington Free Press,burlingtonfreepress.com,https://www.burlingtonfreepress.com/rss/,Regional,3,50,True,US,regional,rss,authority=heuristic-by-category; region=Vermont
leg_0788,VT - Barre Times Argus,timesargus.com,https://www.timesargus.com/search/?f=rss&t=article&l=50,Regional,3,50,True,US,regional,rss,authority=heuristic-by-category; region=Vermont
leg_0789,VT - Brattleboro Reformer,reformer.com,https://www.reformer.com/search/?f=rss&t=article&l=50,Regional,3,50,True,US,regional,rss,authority=heuristic-by-category; region=Vermont
leg_0790,VT - Rutland Herald,rutlandherald.com,https://www.rutlandherald.com/search/?f=rss&t=article&l=50,Regional,3,50,True,US,regional,rss,authority=heuristic-by-category; region=Vermont
leg_0791,VT - VTDigger,vtdigger.org,https://vtdigger.org/feed/,Regional,3,50,True,US,regional,rss,authority=heuristic-by-category; region=Vermont
leg_0792,VA - Richmond Times-Dispatch,richmond.com,https://richmond.com/search/?f=rss&t=article&l=50,Regional,3,50,True,US,regional,rss,authority=heuristic-by-category; region=Virginia
leg_0793,VA - Virginian-Pilot Norfolk,pilotonline.com,https://www.pilotonline.com/arcio/rss/,Regional,3,50,True,US,regional,rss,authority=heuristic-by-category; region=Virginia
leg_0794,VA - Washington Post (VA),feeds.washingtonpost.com,https://feeds.washingtonpost.com/rss/local/virginia,Regional,3,50,True,US,regional,rss,authority=heuristic-by-category; region=Virginia
leg_0795,VA - Roanoke Times,roanoke.com,https://roanoke.com/search/?f=rss&t=article&l=50,Regional,3,50,True,US,regional,rss,authority=heuristic-by-category; region=Virginia
leg_0796,VA - Daily Press Newport News,dailypress.com,https://www.dailypress.com/arcio/rss/,Regional,3,50,True,US,regional,rss,authority=heuristic-by-category; region=Virginia
leg_0797,VA - Fredericksburg Free Lance-Star,fredericksburg.com,https://www.fredericksburg.com/search/?f=rss&t=article&l=50,Regional,3,50,True,US,regional,rss,authority=heuristic-by-category; region=Virginia
leg_0798,VA - Lynchburg News & Advance,newsadvance.com,https://newsadvance.com/search/?f=rss&t=article&l=50,Regional,3,50,True,US,regional,rss,authority=heuristic-by-category; region=Virginia
leg_0799,VA - Charlottesville Daily Progress,dailyprogress.com,https://dailyprogress.com/search/?f=rss&t=article&l=50,Regional,3,50,True,US,regional,rss,authority=heuristic-by-category; region=Virginia
leg_0800,VA - Staunton News Leader,newsleader.com,https://www.newsleader.com/rss/,Regional,3,50,True,US,regional,rss,authority=heuristic-by-category; region=Virginia
leg_0801,VA - Winchester Star,winchesterstar.com,https://www.winchesterstar.com/search/?f=rss&t=article&l=50,Regional,3,50,True,US,regional,rss,authority=heuristic-by-category; region=Virginia
leg_0802,VA - Virginia Business Journal,bizjournals.com,https://www.bizjournals.com/virginia/feed/latest/,Regional,3,50,True,US,regional,rss,authority=heuristic-by-category; region=Virginia
leg_0803,VA - Virginia Mercury,virginiamercury.com,https://virginiamercury.com/feed/,Regional,3,50,True,US,regional,rss,authority=heuristic-by-category; region=Virginia
leg_0804,WA - Seattle Post-Intelligencer,seattlepi.com,https://www.seattlepi.com/seattlenews/feed/,Regional,3,50,True,US,regional,rss,authority=heuristic-by-category; region=Washington
leg_0805,WA - Spokane Spokesman-Review,spokesman.com,https://www.spokesman.com/feed/,Regional,3,50,True,US,regional,rss,authority=heuristic-by-category; region=Washington
leg_0806,WA - Tacoma News Tribune,thenewstribune.com,https://www.thenewstribune.com/news/local/rss,Regional,3,50,True,US,regional,rss,authority=heuristic-by-category; region=Washington
leg_0807,WA - Bellingham Herald,bellinghamherald.com,https://www.bellinghamherald.com/news/local/rss,Regional,3,50,True,US,regional,rss,authority=heuristic-by-category; region=Washington
leg_0808,WA - Olympian,theolympian.com,https://www.theolympian.com/news/local/rss,Regional,3,50,True,US,regional,rss,authority=heuristic-by-category; region=Washington
leg_0809,WA - Tri-City Herald,tri-cityherald.com,https://www.tri-cityherald.com/news/local/rss,Regional,3,50,True,US,regional,rss,authority=heuristic-by-category; region=Washington
leg_0810,WA - Wenatchee World,wenatcheeworld.com,https://www.wenatcheeworld.com/search/?f=rss&t=article&l=50,Regional,3,50,True,US,regional,rss,authority=heuristic-by-category; region=Washington
leg_0811,WA - Yakima Herald-Republic,yakimaherald.com,https://www.yakimaherald.com/search/?f=rss&t=article&l=50,Regional,3,50,True,US,regional,rss,authority=heuristic-by-category; region=Washington
leg_0812,WA - Seattle Business Journal,bizjournals.com,https://www.bizjournals.com/seattle/feed/latest/,Regional,3,50,True,US,regional,rss,authority=heuristic-by-category; region=Washington
leg_0813,WA - Crosscut,crosscut.com,https://crosscut.com/feed,Regional,3,50,True,US,regional,rss,authority=heuristic-by-category; region=Washington
leg_0814,DC - Politico,politico.com,https://www.politico.com/rss/politicopicks.xml,General,3,40,True,US,unclassified,rss,authority=heuristic-by-category
leg_0815,DC - DCist,dcist.com,https://dcist.com/feed,General,3,40,True,US,unclassified,rss,authority=heuristic-by-category
leg_0816,DC - Washington City Paper,washingtoncitypaper.com,https://washingtoncitypaper.com/feed/,General,3,40,True,US,unclassified,rss,authority=heuristic-by-category
leg_0817,DC - Washington Business Journal,bizjournals.com,https://www.bizjournals.com/washington/feed/latest/,General,3,40,True,US,unclassified,rss,authority=heuristic-by-category
leg_0818,WV - Charleston Gazette-Mail,wvgazettemail.com,https://www.wvgazettemail.com/search/?f=rss&t=article&l=50,Regional,3,50,True,US,regional,rss,authority=heuristic-by-category; region=West Virginia
leg_0819,WV - Huntington Herald-Dispatch,herald-dispatch.com,https://www.herald-dispatch.com/search/?f=rss&t=article&l=50,Regional,3,50,True,US,regional,rss,authority=heuristic-by-category; region=West Virginia
leg_0820,WV - Parkersburg News & Sentinel,newsandsentinel.com,https://www.newsandsentinel.com/search/?f=rss&t=article&l=50,Regional,3,50,True,US,regional,rss,authority=heuristic-by-category; region=West Virginia
leg_0821,WV - Wheeling Intelligencer,theintelligencer.net,https://www.theintelligencer.net/search/?f=rss&t=article&l=50,Regional,3,50,True,US,regional,rss,authority=heuristic-by-category; region=West Virginia
leg_0822,WV - West Virginia MetroNews,wvmetronews.com,https://wvmetronews.com/feed/,Regional,3,50,True,US,regional,rss,authority=heuristic-by-category; region=West Virginia
leg_0823,WV - Mountain State Spotlight,mountainstatespotlight.org,https://mountainstatespotlight.org/feed/,Regional,3,50,True,US,regional,rss,authority=heuristic-by-category; region=West Virginia
leg_0824,WI - Milwaukee Journal Sentinel,jsonline.com,https://www.jsonline.com/arcio/rss/,Regional,3,50,True,US,regional,rss,authority=heuristic-by-category; region=Wisconsin
leg_0825,WI - Madison Wisconsin State Journal,madison.com,https://madison.com/wsj/search/?f=rss&t=article&l=50,Regional,3,50,True,US,regional,rss,authority=heuristic-by-category; region=Wisconsin
leg_0826,WI - Green Bay Press-Gazette,greenbaypressgazette.com,https://www.greenbaypressgazette.com/rss/,Regional,3,50,True,US,regional,rss,authority=heuristic-by-category; region=Wisconsin
leg_0827,WI - Appleton Post-Crescent,postcrescent.com,https://www.postcrescent.com/rss/,Regional,3,50,True,US,regional,rss,authority=heuristic-by-category; region=Wisconsin
leg_0828,WI - Racine Journal Times,journaltimes.com,https://journaltimes.com/search/?f=rss&t=article&l=50,Regional,3,50,True,US,regional,rss,authority=heuristic-by-category; region=Wisconsin
leg_0829,WI - Sheboygan Press,sheboyganpress.com,https://www.sheboyganpress.com/rss/,Regional,3,50,True,US,regional,rss,authority=heuristic-by-category; region=Wisconsin
leg_0830,WI - Oshkosh Northwestern,thenorthwestern.com,https://www.thenorthwestern.com/rss/,Regional,3,50,True,US,regional,rss,authority=heuristic-by-category; region=Wisconsin
leg_0831,WI - Fond du Lac Reporter,fdlreporter.com,https://www.fdlreporter.com/rss/,Regional,3,50,True,US,regional,rss,authority=heuristic-by-category; region=Wisconsin
leg_0832,WI - Wausau Daily Herald,wausaudailyherald.com,https://www.wausaudailyherald.com/rss/,Regional,3,50,True,US,regional,rss,authority=heuristic-by-category; region=Wisconsin
leg_0833,WI - Stevens Point Journal,stevenspointjournal.com,https://www.stevenspointjournal.com/rss/,Regional,3,50,True,US,regional,rss,authority=heuristic-by-category; region=Wisconsin
leg_0834,WI - La Crosse Tribune,lacrossetribune.com,https://lacrossetribune.com/search/?f=rss&t=article&l=50,Regional,3,50,True,US,regional,rss,authority=heuristic-by-category; region=Wisconsin
leg_0835,WI - Milwaukee Business Journal,bizjournals.com,https://www.bizjournals.com/milwaukee/feed/latest/,Regional,3,50,True,US,regional,rss,authority=heuristic-by-category; region=Wisconsin
leg_0836,WI - Wisconsin Watch,wisconsinwatch.org,https://wisconsinwatch.org/feed/,Regional,3,50,True,US,regional,rss,authority=heuristic-by-category; region=Wisconsin
leg_0837,WI - WisContext,wiscontext.org,https://www.wiscontext.org/feed/,Regional,3,50,True,US,regional,rss,authority=heuristic-by-category; region=Wisconsin
leg_0838,WY - Wyoming Tribune Eagle,wyomingnews.com,https://www.wyomingnews.com/search/?f=rss&t=article&l=50,Regional,3,50,True,US,regional,rss,authority=heuristic-by-category; region=Wyoming
leg_0839,WY - Casper Star-Tribune,trib.com,https://trib.com/search/?f=rss&t=article&l=50,Regional,3,50,True,US,regional,rss,authority=heuristic-by-category; region=Wyoming
leg_0840,WY - Laramie Boomerang,laramieboomerang.com,https://www.laramieboomerang.com/search/?f=rss&t=article&l=50,Regional,3,50,True,US,regional,rss,authority=heuristic-by-category; region=Wyoming
leg_0841,WY - Gillette News Record,gillettenewsrecord.com,https://www.gillettenewsrecord.com/search/?f=rss&t=article&l=50,Regional,3,50,True,US,regional,rss,authority=heuristic-by-category; region=Wyoming
leg_0842,WY - WyoFile,wyofile.com,https://wyofile.com/feed/,Regional,3,50,True,US,regional,rss,authority=heuristic-by-category; region=Wyoming
leg_0843,National - ProPublica,feeds.propublica.org,https://feeds.propublica.org/propublica/main,General,3,40,True,US,unclassified,rss,authority=heuristic-by-category
leg_0844,National - The Intercept,theintercept.com,https://theintercept.com/feed/?rss,General,3,40,True,US,unclassified,rss,authority=heuristic-by-category
leg_0845,National - Mother Jones,motherjones.com,https://www.motherjones.com/feed/,General,3,40,True,US,unclassified,rss,authority=heuristic-by-category
leg_0846,National - The Atlantic,theatlantic.com,https://www.theatlantic.com/feed/all/,General,3,40,True,US,unclassified,rss,authority=heuristic-by-category
leg_0847,National - Vox,vox.com,https://www.vox.com/rss/index.xml,General,3,40,True,US,unclassified,rss,authority=heuristic-by-category
leg_0848,National - Slate,slate.com,https://slate.com/feeds/all.rss,General,3,40,True,US,unclassified,rss,authority=heuristic-by-category
leg_0849,National - Quartz,qz.com,https://qz.com/feed,General,3,40,True,US,unclassified,rss,authority=heuristic-by-category
leg_0850,National - BuzzFeed News,buzzfeednews.com,https://www.buzzfeednews.com/rss,General,3,40,True,US,unclassified,rss,authority=heuristic-by-category
leg_0851,National - Salon,salon.com,https://www.salon.com/feed,General,3,40,True,US,unclassified,rss,authority=heuristic-by-category
leg_0852,National - Truthdig,truthdig.com,https://www.truthdig.com/feed/,General,3,40,True,US,unclassified,rss,authority=heuristic-by-category
leg_0853,National - The Nation,thenation.com,https://www.thenation.com/feed/?post-type=article,General,3,40,True,US,unclassified,rss,authority=heuristic-by-category
leg_0854,National - New Republic,newrepublic.com,https://newrepublic.com/feed,General,3,40,True,US,unclassified,rss,authority=heuristic-by-category
leg_0855,National - In These Times,inthesetimes.com,https://inthesetimes.com/feed,General,3,40,True,US,unclassified,rss,authority=heuristic-by-category
leg_0856,National - Grist,grist.org,https://grist.org/feed/,General,3,40,True,US,unclassified,rss,authority=heuristic-by-category
leg_0857,National - Governing,governing.com,https://www.governing.com/rss/all/,General,3,40,True,US,unclassified,rss,authority=heuristic-by-category
leg_0858,National - Pew Stateline,stateline.org,https://stateline.org/feed/,General,3,40,True,US,unclassified,rss,authority=heuristic-by-category
leg_0859,National - Pulitzer Center,pulitzercenter.org,https://pulitzercenter.org/feed,General,3,40,True,US,unclassified,rss,authority=heuristic-by-category
leg_0860,National - OpenSecrets,opensecrets.org,https://www.opensecrets.org/news/feed,General,3,40,True,US,unclassified,rss,authority=heuristic-by-category
leg_0861,National - The Markup,themarkup.org,https://themarkup.org/feed/,General,3,40,True,US,unclassified,rss,authority=heuristic-by-category
leg_0862,National - Rest of World,restofworld.org,https://restofworld.org/feed/,General,3,40,True,US,unclassified,rss,authority=heuristic-by-category
leg_0863,TV - WBAL Baltimore,wbaltv.com,https://www.wbaltv.com/news/rss,Broadcast/Radio,2,72,True,US,broadcast,rss,authority=heuristic-by-category
leg_0864,TV - WBZ Boston,cbsnews.com,https://www.cbsnews.com/boston/latest/rss/,Broadcast/Radio,2,72,True,US,broadcast,rss,authority=heuristic-by-category
leg_0865,TV - WGN Chicago,wgntv.com,https://wgntv.com/feed/,Broadcast/Radio,2,72,True,US,broadcast,rss,authority=heuristic-by-category
leg_0866,TV - WEWS Cleveland,news5cleveland.com,https://www.news5cleveland.com/rss,Broadcast/Radio,2,72,True,US,broadcast,rss,authority=heuristic-by-category
leg_0867,TV - WFAA Dallas,wfaa.com,https://www.wfaa.com/feeds/syndication/rss/news,Broadcast/Radio,2,72,True,US,broadcast,rss,authority=heuristic-by-category
leg_0868,TV - KUSA Denver,9news.com,https://www.9news.com/feeds/syndication/rss/news,Broadcast/Radio,2,72,True,US,broadcast,rss,authority=heuristic-by-category
leg_0869,TV - WXYZ Detroit,wxyz.com,https://www.wxyz.com/rss,Broadcast/Radio,2,72,True,US,broadcast,rss,authority=heuristic-by-category
leg_0870,TV - KHOU Houston,khou.com,https://www.khou.com/feeds/syndication/rss/news,Broadcast/Radio,2,72,True,US,broadcast,rss,authority=heuristic-by-category
leg_0871,TV - WTHR Indianapolis,wthr.com,https://www.wthr.com/rss,Broadcast/Radio,2,72,True,US,broadcast,rss,authority=heuristic-by-category
leg_0872,TV - WDSU New Orleans,wdsu.com,https://www.wdsu.com/rss,Broadcast/Radio,2,72,True,US,broadcast,rss,authority=heuristic-by-category
leg_0873,TV - WNBC New York,nbcnewyork.com,https://www.nbcnewyork.com/news/local/feed/,Broadcast/Radio,2,72,True,US,broadcast,rss,authority=heuristic-by-category
leg_0874,TV - KPHO Phoenix,azfamily.com,https://www.azfamily.com/rss,Broadcast/Radio,2,72,True,US,broadcast,rss,authority=heuristic-by-category
leg_0875,TV - WPXI Pittsburgh,wpxi.com,https://www.wpxi.com/rss,Broadcast/Radio,2,72,True,US,broadcast,rss,authority=heuristic-by-category
leg_0876,TV - KOIN Portland,koin.com,https://www.koin.com/feed/,Broadcast/Radio,2,72,True,US,broadcast,rss,authority=heuristic-by-category
leg_0877,TV - KCRA Sacramento,kcra.com,https://www.kcra.com/rss,Broadcast/Radio,2,72,True,US,broadcast,rss,authority=heuristic-by-category
leg_0878,TV - KSAT San Antonio,ksat.com,https://www.ksat.com/rss,Broadcast/Radio,2,72,True,US,broadcast,rss,authority=heuristic-by-category
leg_0879,TV - KGTV San Diego,10news.com,https://www.10news.com/rss,Broadcast/Radio,2,72,True,US,broadcast,rss,authority=heuristic-by-category
leg_0880,TV - KGO San Francisco,abc7news.com,https://abc7news.com/feed/,Broadcast/Radio,2,72,True,US,broadcast,rss,authority=heuristic-by-category
leg_0881,TV - KOMO Seattle,komonews.com,https://komonews.com/feed/,Broadcast/Radio,2,72,True,US,broadcast,rss,authority=heuristic-by-category
leg_0882,TV - WTTG Washington DC,fox5dc.com,https://www.fox5dc.com/rss,Broadcast/Radio,2,72,True,US,broadcast,rss,authority=heuristic-by-category
leg_0883,TV - WTMJ Milwaukee,tmj4.com,https://www.tmj4.com/rss,Broadcast/Radio,2,72,True,US,broadcast,rss,authority=heuristic-by-category
leg_0884,TV - KARE Minneapolis,kare11.com,https://www.kare11.com/feeds/syndication/rss/news,Broadcast/Radio,2,72,True,US,broadcast,rss,authority=heuristic-by-category
leg_0885,TV - WESH Orlando,wesh.com,https://www.wesh.com/rss,Broadcast/Radio,2,72,True,US,broadcast,rss,authority=heuristic-by-category
leg_0886,TV - WFTS Tampa,abcactionnews.com,https://www.abcactionnews.com/rss,Broadcast/Radio,2,72,True,US,broadcast,rss,authority=heuristic-by-category
leg_0887,TV - WPLG Miami,local10.com,https://www.local10.com/rss,Broadcast/Radio,2,72,True,US,broadcast,rss,authority=heuristic-by-category
leg_0888,TV - WSB Atlanta,wsbtv.com,https://www.wsbtv.com/rss,Broadcast/Radio,2,72,True,US,broadcast,rss,authority=heuristic-by-category
leg_0889,TV - WRAL Raleigh,wral.com,https://www.wral.com/rss/,Broadcast/Radio,2,72,True,US,broadcast,rss,authority=heuristic-by-category
leg_0890,TV - WCNC Charlotte,wcnc.com,https://www.wcnc.com/feeds/syndication/rss/news,Broadcast/Radio,2,72,True,US,broadcast,rss,authority=heuristic-by-category
leg_0891,TV - WAVY Norfolk,wavy.com,https://www.wavy.com/feed/,Broadcast/Radio,2,72,True,US,broadcast,rss,authority=heuristic-by-category
leg_0892,TV - WLWT Cincinnati,wlwt.com,https://www.wlwt.com/rss,Broadcast/Radio,2,72,True,US,broadcast,rss,authority=heuristic-by-category
leg_0893,Radio - WBEZ Chicago,wbez.org,https://www.wbez.org/feed/news,Broadcast/Radio,2,72,True,US,broadcast,rss,authority=heuristic-by-category
leg_0894,Radio - WAMU Washington DC,wamu.org,https://wamu.org/feed/news,Broadcast/Radio,2,72,True,US,broadcast,rss,authority=heuristic-by-category
leg_0895,Radio - KQED San Francisco,kqed.org,https://www.kqed.org/news/feed,Broadcast/Radio,2,72,True,US,broadcast,rss,authority=heuristic-by-category
leg_0896,Radio - WNYC New York,wnyc.org,https://www.wnyc.org/feed/,Broadcast/Radio,2,72,True,US,broadcast,rss,authority=heuristic-by-category
leg_0897,Radio - KPCC Los Angeles,kpcc.org,https://www.kpcc.org/rss/news/latest,Broadcast/Radio,2,72,True,US,broadcast,rss,authority=heuristic-by-category
leg_0898,Radio - WBUR Boston,wbur.org,https://www.wbur.org/rss/,Broadcast/Radio,2,72,True,US,broadcast,rss,authority=heuristic-by-category
leg_0899,Radio - WDET Detroit,wdet.org,https://wdet.org/feed/,Broadcast/Radio,2,72,True,US,broadcast,rss,authority=heuristic-by-category
leg_0900,Radio - KPBS San Diego,kpbs.org,https://www.kpbs.org/rss,Broadcast/Radio,2,72,True,US,broadcast,rss,authority=heuristic-by-category
leg_0901,Radio - WOSU Columbus,radio.wosu.org,https://radio.wosu.org/term/news/feed,Broadcast/Radio,2,72,True,US,broadcast,rss,authority=heuristic-by-category
leg_0902,Radio - WUSF Tampa,wusfnews.wusf.usf.edu,https://wusfnews.wusf.usf.edu/feed,Broadcast/Radio,2,72,True,US,broadcast,rss,authority=heuristic-by-category
leg_0903,Radio - WESA Pittsburgh,wesa.fm,https://www.wesa.fm/feed,Broadcast/Radio,2,72,True,US,broadcast,rss,authority=heuristic-by-category
leg_0904,Radio - KJZZ Phoenix,kjzz.org,https://kjzz.org/rss.xml,Broadcast/Radio,2,72,True,US,broadcast,rss,authority=heuristic-by-category
leg_0905,Radio - KUOW Seattle,kuow.org,https://www.kuow.org/rss,Broadcast/Radio,2,72,True,US,broadcast,rss,authority=heuristic-by-category
leg_0906,Radio - WPLN Nashville,wpln.org,https://wpln.org/feed/,Broadcast/Radio,2,72,True,US,broadcast,rss,authority=heuristic-by-category
leg_0907,Radio - WWNO New Orleans,wwno.org,https://www.wwno.org/rss,Broadcast/Radio,2,72,True,US,broadcast,rss,authority=heuristic-by-category
leg_0908,Radio - KCUR Kansas City,kcur.org,https://www.kcur.org/feed,Broadcast/Radio,2,72,True,US,broadcast,rss,authority=heuristic-by-category
leg_0909,Radio - KUER Salt Lake City,kuer.org,https://www.kuer.org/feed,Broadcast/Radio,2,72,True,US,broadcast,rss,authority=heuristic-by-category
leg_0910,Radio - WFIT Melbourne FL,wfit.org,https://www.wfit.org/rss,Broadcast/Radio,2,72,True,US,broadcast,rss,authority=heuristic-by-category
leg_0911,Radio - WFPL Louisville,wfpl.org,https://wfpl.org/feed/,Broadcast/Radio,2,72,True,US,broadcast,rss,authority=heuristic-by-category
leg_0912,Radio - KBIA Columbia MO,kbia.org,https://www.kbia.org/feed,Broadcast/Radio,2,72,True,US,broadcast,rss,authority=heuristic-by-category
leg_0913,AL - Opelika Auburn News,oanow.com,https://www.oanow.com/search/?f=rss&t=article&l=50,General,3,40,True,US,unclassified,rss,authority=heuristic-by-category
leg_0914,AL - Selma Times-Journal,selmatimesjournal.com,https://www.selmatimesjournal.com/feed/,General,3,40,True,US,unclassified,rss,authority=heuristic-by-category
leg_0915,AL - Talladega Daily Home,dailyhome.com,https://www.dailyhome.com/search/?f=rss&t=article&l=50,General,3,40,True,US,unclassified,rss,authority=heuristic-by-category
leg_0916,AL - Troy Messenger,troymessenger.com,https://www.troymessenger.com/feed/,General,3,40,True,US,unclassified,rss,authority=heuristic-by-category
leg_0917,AL - Alexander City Outlook,alexcityoutlook.com,https://www.alexcityoutlook.com/feed/,General,3,40,True,US,unclassified,rss,authority=heuristic-by-category
leg_0918,AL - Brewton Standard,brewtonstandard.com,https://www.brewtonstandard.com/feed/,General,3,40,True,US,unclassified,rss,authority=heuristic-by-category
leg_0919,AL - Cullman Times,cullmantimes.com,https://www.cullmantimes.com/feed/,General,3,40,True,US,unclassified,rss,authority=heuristic-by-category
leg_0920,AL - AL.com Statewide,al.com,https://www.al.com/news/index.ssf/rss2.0.xml,General,3,40,True,US,unclassified,rss,authority=heuristic-by-category
leg_0921,AK - Homer News,homernews.com,https://homernews.com/feed/,General,3,40,True,US,unclassified,rss,authority=heuristic-by-category
leg_0922,AK - Kenai Peninsula Clarion,peninsulaclarion.com,https://www.peninsulaclarion.com/feed/,General,3,40,True,US,unclassified,rss,authority=heuristic-by-category
leg_0923,AK - Ketchikan Daily News,ketchikandailynews.com,https://www.ketchikandailynews.com/search/?f=rss,General,3,40,True,US,unclassified,rss,authority=heuristic-by-category
leg_0924,AK - Alaska Beacon,alaskabeacon.com,https://alaskabeacon.com/feed/,General,3,40,True,US,unclassified,rss,authority=heuristic-by-category
leg_0925,AK - Alaska Public Media,alaskapublic.org,https://alaskapublic.org/feed/,General,3,40,True,US,unclassified,rss,authority=heuristic-by-category
leg_0926,AZ - Tucson Sentinel,tucsonsentinel.com,https://www.tucsonsentinel.com/feed/rss/,General,3,40,True,US,unclassified,rss,authority=heuristic-by-category
leg_0927,AZ - AZ Mirror,azmirror.com,https://azmirror.com/feed/,General,3,40,True,US,unclassified,rss,authority=heuristic-by-category
leg_0928,AZ - Arizona Luminaria,arizluminaria.com,https://arizluminaria.com/feed/,General,3,40,True,US,unclassified,rss,authority=heuristic-by-category
leg_0929,AZ - Nogales International,nogalesinternational.com,https://www.nogalesinternational.com/search/?f=rss,General,3,40,True,US,unclassified,rss,authority=heuristic-by-category
leg_0930,AZ - Show Low Independent,showlowindependent.com,https://www.showlowindependent.com/feed/,General,3,40,True,US,unclassified,rss,authority=heuristic-by-category
leg_0931,AZ - Wickenburg Sun,wickenburgsun.com,https://www.wickenburgsun.com/feed/,General,3,40,True,US,unclassified,rss,authority=heuristic-by-category
leg_0932,AZ - Arizona Business Gazette,azbigmedia.com,https://azbigmedia.com/feed/,General,3,40,True,US,unclassified,rss,authority=heuristic-by-category
leg_0933,AZ - Cronkite News,cronkitenews.azpbs.org,https://cronkitenews.azpbs.org/feed/,General,3,40,True,US,unclassified,rss,authority=heuristic-by-category
leg_0934,AR - Hot Springs Sentinel-Record,hotsr.com,https://www.hotsr.com/search/?f=rss&t=article&l=50,General,3,40,True,US,unclassified,rss,authority=heuristic-by-category
leg_0935,AR - Texarkana Gazette,texarkanagazette.com,https://www.texarkanagazette.com/news/arkansas/rss,General,3,40,True,US,unclassified,rss,authority=heuristic-by-category
leg_0936,AR - Harrison Daily Times,harrisondaily.com,https://www.harrisondaily.com/search/?f=rss,General,3,40,True,US,unclassified,rss,authority=heuristic-by-category
leg_0937,AR - Mountain Home Baxter Bulletin,baxterbulletin.com,https://www.baxterbulletin.com/rss/,General,3,40,True,US,unclassified,rss,authority=heuristic-by-category
leg_0938,AR - Arkansas Advocate,arkansasadvocate.com,https://www.arkansasadvocate.com/feed/,General,3,40,True,US,unclassified,rss,authority=heuristic-by-category
leg_0939,CA - East Bay Times,eastbaytimes.com,https://www.eastbaytimes.com/feed/,General,3,40,True,US,unclassified,rss,authority=heuristic-by-category
leg_0940,CA - LA Downtown News,ladowntownnews.com,https://www.ladowntownnews.com/feed/,General,3,40,True,US,unclassified,rss,authority=heuristic-by-category
leg_0941,CA - San Francisco Examiner,sfexaminer.com,https://www.sfexaminer.com/feed/,General,3,40,True,US,unclassified,rss,authority=heuristic-by-category
leg_0942,CA - Napa Valley Register,napavalleyregister.com,https://napavalleyregister.com/search/?f=rss,General,3,40,True,US,unclassified,rss,authority=heuristic-by-category
leg_0943,CA - Sonoma Press Democrat,pressdemocrat.com,https://www.pressdemocrat.com/feed/,General,3,40,True,US,unclassified,rss,authority=heuristic-by-category
leg_0944,CA - Petaluma Argus-Courier,petaluma360.com,https://www.petaluma360.com/search/?f=rss,General,3,40,True,US,unclassified,rss,authority=heuristic-by-category
leg_0945,CA - Vallejo Times-Herald,timesheraldonline.com,https://www.timesheraldonline.com/feed/,General,3,40,True,US,unclassified,rss,authority=heuristic-by-category
leg_0946,CA - Fairfield Daily Republic,dailyrepublic.com,https://www.dailyrepublic.com/search/?f=rss,General,3,40,True,US,unclassified,rss,authority=heuristic-by-category
leg_0947,CA - Vacaville Reporter,thereporter.com,https://www.thereporter.com/feed/,General,3,40,True,US,unclassified,rss,authority=heuristic-by-category
leg_0948,CA - Davis Enterprise,davisenterprise.com,https://www.davisenterprise.com/feed/,General,3,40,True,US,unclassified,rss,authority=heuristic-by-category
leg_0949,CA - Woodland Democrat,dailydemocrat.com,https://www.dailydemocrat.com/feed/,General,3,40,True,US,unclassified,rss,authority=heuristic-by-category
leg_0950,CA - San Luis Obispo Tribune,sanluisobispo.com,https://www.sanluisobispo.com/news/local/rss,General,3,40,True,US,unclassified,rss,authority=heuristic-by-category
leg_0951,CA - Merced Sun-Star,mercedsunstar.com,https://www.mercedsunstar.com/news/local/rss,General,3,40,True,US,unclassified,rss,authority=heuristic-by-category
leg_0952,CA - Hanford Sentinel,hanfordsentinel.com,https://www.hanfordsentinel.com/search/?f=rss,General,3,40,True,US,unclassified,rss,authority=heuristic-by-category
leg_0953,CA - Madera Tribune,maderatribune.com,https://www.maderatribune.com/search/?f=rss,General,3,40,True,US,unclassified,rss,authority=heuristic-by-category
leg_0954,CA - Porterville Recorder,recorderonline.com,https://www.recorderonline.com/search/?f=rss,General,3,40,True,US,unclassified,rss,authority=heuristic-by-category
leg_0955,CA - Lompoc Record,lompocrecord.com,https://lompocrecord.com/search/?f=rss,General,3,40,True,US,unclassified,rss,authority=heuristic-by-category
leg_0956,CA - Santa Maria Times,santamariatimes.com,https://santamariatimes.com/search/?f=rss,General,3,40,True,US,unclassified,rss,authority=heuristic-by-category
leg_0957,CA - Antelope Valley Press,avpress.com,https://www.avpress.com/search/?f=rss,General,3,40,True,US,unclassified,rss,authority=heuristic-by-category
leg_0958,CA - Victorville Daily Press,vvdailypress.com,https://www.vvdailypress.com/feed/,General,3,40,True,US,unclassified,rss,authority=heuristic-by-category
leg_0959,CA - Barstow Desert Dispatch,desertsun.com,https://www.desertsun.com/rss/,General,3,40,True,US,unclassified,rss,authority=heuristic-by-category
leg_0960,CA - Cal Matters,calmatters.org,https://calmatters.org/feed/,General,3,40,True,US,unclassified,rss,authority=heuristic-by-category
leg_0961,CA - LAist,laist.com,https://laist.com/feed,General,3,40,True,US,unclassified,rss,authority=heuristic-by-category
leg_0962,CA - SF Weekly,sfweekly.com,https://www.sfweekly.com/feed/,General,3,40,True,US,unclassified,rss,authority=heuristic-by-category
leg_0963,CA - LA Weekly,laweekly.com,https://www.laweekly.com/feed/,General,3,40,True,US,unclassified,rss,authority=heuristic-by-category
leg_0964,CO - Colorado Sun,coloradosun.com,https://coloradosun.com/feed/,General,3,40,True,US,unclassified,rss,authority=heuristic-by-category
leg_0965,CO - Colorado Politics,coloradopolitics.com,https://www.coloradopolitics.com/search/?f=rss,General,3,40,True,US,unclassified,rss,authority=heuristic-by-category
leg_0966,CO - Loveland Reporter-Herald,reporterherald.com,https://www.reporterherald.com/feed/,General,3,40,True,US,unclassified,rss,authority=heuristic-by-category
leg_0967,CO - Longmont Times-Call,timescall.com,https://www.timescall.com/feed/,General,3,40,True,US,unclassified,rss,authority=heuristic-by-category
leg_0968,CO - Steamboat Pilot & Today,steamboatpilot.com,https://www.steamboatpilot.com/feed/,General,3,40,True,US,unclassified,rss,authority=heuristic-by-category
leg_0969,CO - Telluride Daily Planet,telluridenews.com,https://www.telluridenews.com/feed/,General,3,40,True,US,unclassified,rss,authority=heuristic-by-category
leg_0970,CO - Glenwood Post Independent,postindependent.com,https://www.postindependent.com/feed/,General,3,40,True,US,unclassified,rss,authority=heuristic-by-category
leg_0971,CO - Colorado Springs Indy,csindy.com,https://www.csindy.com/feed/,General,3,40,True,US,unclassified,rss,authority=heuristic-by-category
leg_0972,CO - Westword Denver,westword.com,https://www.westword.com/feed/,General,3,40,True,US,unclassified,rss,authority=heuristic-by-category
leg_0973,CT - CT Mirror,ctmirror.org,https://ctmirror.org/feed/,General,3,40,True,US,unclassified,rss,authority=heuristic-by-category
leg_0974,CT - CT Insider,ctinsider.com,https://www.ctinsider.com/search/?f=rss,General,3,40,True,US,unclassified,rss,authority=heuristic-by-category
leg_0975,CT - New Haven Independent,newhavenindependent.org,https://www.newhavenindependent.org/atom.xml,General,3,40,True,US,unclassified,rss,authority=heuristic-by-category
leg_0976,CT - Middletown Press,middletownpress.com,https://www.middletownpress.com/feed/,General,3,40,True,US,unclassified,rss,authority=heuristic-by-category
leg_0977,CT - Register Citizen Torrington,registercitizen.com,https://www.registercitizen.com/feed/,General,3,40,True,US,unclassified,rss,authority=heuristic-by-category
leg_0978,CT - Journal Inquirer Manchester,journalinquirer.com,https://www.journalinquirer.com/search/?f=rss,General,3,40,True,US,unclassified,rss,authority=heuristic-by-category
leg_0979,FL - Tallahassee Reports,tallahasseereports.com,https://tallahasseereports.com/feed/,General,3,40,True,US,unclassified,rss,authority=heuristic-by-category
leg_0980,FL - Bradenton Herald,bradenton.com,https://www.bradenton.com/news/local/rss,General,3,40,True,US,unclassified,rss,authority=heuristic-by-category
leg_0981,FL - Punta Gorda Charlotte Sun,yoursun.com,https://www.yoursun.com/search/?f=rss,General,3,40,True,US,unclassified,rss,authority=heuristic-by-category
leg_0982,FL - Sebring News-Sun,newssun.com,https://www.newssun.com/search/?f=rss,General,3,40,True,US,unclassified,rss,authority=heuristic-by-category
leg_0983,FL - Leesburg Daily Commercial,dailycommercial.com,https://www.dailycommercial.com/search/?f=rss,General,3,40,True,US,unclassified,rss,authority=heuristic-by-category
leg_0984,FL - Inverness Citrus County Chron,chronicleonline.com,https://www.chronicleonline.com/search/?f=rss,General,3,40,True,US,unclassified,rss,authority=heuristic-by-category
leg_0985,FL - St. Augustine Record,staugustine.com,https://www.staugustine.com/arcio/rss/,General,3,40,True,US,unclassified,rss,authority=heuristic-by-category
leg_0986,FL - Palatka Daily News,palatka-daily-news.com,https://www.palatka-daily-news.com/search/?f=rss,General,3,40,True,US,unclassified,rss,authority=heuristic-by-category
leg_0987,FL - Homestead Miami Villager,miamitimesonline.com,https://www.miamitimesonline.com/feed/,General,3,40,True,US,unclassified,rss,authority=heuristic-by-category
leg_0988,FL - Florida Trend,floridatrend.com,https://www.floridatrend.com/rss,General,3,40,True,US,unclassified,rss,authority=heuristic-by-category
leg_0989,FL - Florida Politics,floridapolitics.com,https://floridapolitics.com/feed/,General,3,40,True,US,unclassified,rss,authority=heuristic-by-category
leg_0990,FL - Florida Phoenix,floridaphoenix.com,https://www.floridaphoenix.com/feed/,General,3,40,True,US,unclassified,rss,authority=heuristic-by-category
leg_0991,FL - FLHealthNews,health.wusf.usf.edu,https://health.wusf.usf.edu/feed,General,3,40,True,US,unclassified,rss,authority=heuristic-by-category
leg_0992,GA - Valdosta Daily Times,valdostadailytimes.com,https://www.valdostadailytimes.com/search/?f=rss,General,3,40,True,US,unclassified,rss,authority=heuristic-by-category
leg_0993,GA - Statesboro Herald,statesboroherald.com,https://www.statesboroherald.com/feed/,General,3,40,True,US,unclassified,rss,authority=heuristic-by-category
leg_0994,GA - Gainesville Times,gainesvilletimes.com,https://www.gainesvilletimes.com/search/?f=rss,General,3,40,True,US,unclassified,rss,authority=heuristic-by-category
leg_0995,GA - LaGrange Daily News,lagrangenews.com,https://www.lagrangenews.com/feed/,General,3,40,True,US,unclassified,rss,authority=heuristic-by-category
leg_0996,GA - Albany Herald,albanyherald.com,https://www.albanyherald.com/search/?f=rss,General,3,40,True,US,unclassified,rss,authority=heuristic-by-category
leg_0997,GA - Douglas Enterprise,douglasenterprise.net,https://www.douglasenterprise.net/feed/,General,3,40,True,US,unclassified,rss,authority=heuristic-by-category
leg_0998,GA - Moultrie Observer,moultrieobserver.com,https://www.moultrieobserver.com/feed/,General,3,40,True,US,unclassified,rss,authority=heuristic-by-category
leg_0999,GA - Georgia Recorder,georgiarecorder.com,https://georgiarecorder.com/feed/,General,3,40,True,US,unclassified,rss,authority=heuristic-by-category
leg_1000,GA - Georgia Virtue,georgiavirtu.com,https://georgiavirtu.com/feed/,General,3,40,True,US,unclassified,rss,authority=heuristic-by-category
leg_1001,ID - Pocatello Idaho State Journal,idahostatejournal.com,https://www.idahostatejournal.com/search/?f=rss,General,3,40,True,US,unclassified,rss,authority=heuristic-by-category
leg_1002,ID - Sandpoint Reader,sandpointreader.com,https://www.sandpointreader.com/feed/,General,3,40,True,US,unclassified,rss,authority=heuristic-by-category
leg_1003,ID - Idaho Capital Sun,idahocapitalsun.com,https://idahocapitalsun.com/feed/,General,3,40,True,US,unclassified,rss,authority=heuristic-by-category
leg_1004,IL - Elgin Courier-News,chicagotribune.com,https://www.chicagotribune.com/suburbs/elgin-courier-news/rss2.0.xml,General,3,40,True,US,unclassified,rss,authority=heuristic-by-category
leg_1005,IL - Joliet Herald-News,chicagotribune.com,https://www.chicagotribune.com/suburbs/joliet-herald-news/rss2.0.xml,General,3,40,True,US,unclassified,rss,authority=heuristic-by-category
leg_1006,IL - Lake County News-Sun,chicagotribune.com,https://www.chicagotribune.com/suburbs/lake-county-news-sun/rss2.0.xml,General,3,40,True,US,unclassified,rss,authority=heuristic-by-category
leg_1007,IL - Waukegan News-Sun,chicagotribune.com,https://www.chicagotribune.com/suburbs/waukegan-lake-county-news-sun/rss2.0.xml,General,3,40,True,US,unclassified,rss,authority=heuristic-by-category
leg_1008,IL - Galesburg Register-Mail,galesburg.com,https://www.galesburg.com/search/?f=rss,General,3,40,True,US,unclassified,rss,authority=heuristic-by-category
leg_1009,IL - Kankakee Daily Journal,daily-journal.com,https://www.daily-journal.com/search/?f=rss,General,3,40,True,US,unclassified,rss,authority=heuristic-by-category
leg_1010,IL - Ottawa Times,mywebtimes.com,https://www.mywebtimes.com/search/?f=rss,General,3,40,True,US,unclassified,rss,authority=heuristic-by-category
leg_1011,IL - Freeport Journal-Standard,journalstandard.com,https://www.journalstandard.com/search/?f=rss,General,3,40,True,US,unclassified,rss,authority=heuristic-by-category
leg_1012,IL - Illinois Times,illinoistimes.com,https://illinoistimes.com/feed/,General,3,40,True,US,unclassified,rss,authority=heuristic-by-category
leg_1013,IL - Illinois Newsroom,illinoisnewsroom.org,https://illinoisnewsroom.org/feed/,General,3,40,True,US,unclassified,rss,authority=heuristic-by-category
leg_1014,IL - Capitol News Illinois,capitolnewsillinois.com,https://capitolnewsillinois.com/feed/,General,3,40,True,US,unclassified,rss,authority=heuristic-by-category
leg_1015,IN - Kokomo Tribune,kokomotribune.com,https://www.kokomotribune.com/search/?f=rss,General,3,40,True,US,unclassified,rss,authority=heuristic-by-category
leg_1016,IN - Richmond Palladium-Item,pal-item.com,https://www.pal-item.com/rss/,General,3,40,True,US,unclassified,rss,authority=heuristic-by-category
leg_1017,IN - Anderson Herald Bulletin,heraldbulletin.com,https://www.heraldbulletin.com/search/?f=rss,General,3,40,True,US,unclassified,rss,authority=heuristic-by-category
leg_1018,IN - Logansport Pharos-Tribune,pharostribune.com,https://www.pharostribune.com/search/?f=rss,General,3,40,True,US,unclassified,rss,authority=heuristic-by-category
leg_1019,IN - Marion Chronicle-Tribune,chronicle-tribune.com,https://www.chronicle-tribune.com/search/?f=rss,General,3,40,True,US,unclassified,rss,authority=heuristic-by-category
leg_1020,IN - Indiana Capital Chronicle,indianacapitalchronicle.com,https://indianacapitalchronicle.com/feed/,General,3,40,True,US,unclassified,rss,authority=heuristic-by-category
leg_1021,IA - Mason City Globe Gazette,globegazette.com,https://www.globegazette.com/search/?f=rss,General,3,40,True,US,unclassified,rss,authority=heuristic-by-category
leg_1022,IA - Ottumwa Courier,ottumwacourier.com,https://www.ottumwacourier.com/search/?f=rss,General,3,40,True,US,unclassified,rss,authority=heuristic-by-category
leg_1023,IA - Marshalltown Times-Republican,timesrepublican.com,https://www.timesrepublican.com/search/?f=rss,General,3,40,True,US,unclassified,rss,authority=heuristic-by-category
leg_1024,IA - Fort Dodge Messenger,messengernews.net,https://www.messengernews.net/search/?f=rss,General,3,40,True,US,unclassified,rss,authority=heuristic-by-category
leg_1025,IA - Iowa Capital Dispatch,iowacapitaldispatch.com,https://iowacapitaldispatch.com/feed/,General,3,40,True,US,unclassified,rss,authority=heuristic-by-category
leg_1026,IA - Iowa Public Radio,iowapublicradio.org,https://www.iowapublicradio.org/rss/,General,3,40,True,US,unclassified,rss,authority=heuristic-by-category
leg_1027,KS - Garden City Telegram,gctelegram.com,https://www.gctelegram.com/search/?f=rss,General,3,40,True,US,unclassified,rss,authority=heuristic-by-category
leg_1028,KS - Dodge City Daily Globe,dodgeglobeplus.com,https://www.dodgeglobeplus.com/search/?f=rss,General,3,40,True,US,unclassified,rss,authority=heuristic-by-category
leg_1029,KS - Leavenworth Times,leavenworthtimes.com,https://www.leavenworthtimes.com/search/?f=rss,General,3,40,True,US,unclassified,rss,authority=heuristic-by-category
leg_1030,KS - Ottawa Herald,ottawaherald.com,https://www.ottawaherald.com/search/?f=rss,General,3,40,True,US,unclassified,rss,authority=heuristic-by-category
leg_1031,KS - Kansas Reflector,kansasreflector.com,https://kansasreflector.com/feed/,General,3,40,True,US,unclassified,rss,authority=heuristic-by-category
leg_1032,KY - Elizabethtown News-Enterprise,thenewsenterprise.com,https://www.thenewsenterprise.com/search/?f=rss,General,3,40,True,US,unclassified,rss,authority=heuristic-by-category
leg_1033,KY - Richmond Register,richmondregister.com,https://www.richmondregister.com/search/?f=rss,General,3,40,True,US,unclassified,rss,authority=heuristic-by-category
leg_1034,KY - Danville Advocate-Messenger,amnews.com,https://www.amnews.com/search/?f=rss,General,3,40,True,US,unclassified,rss,authority=heuristic-by-category
leg_1035,KY - Murray Ledger & Times,murrayledger.com,https://www.murrayledger.com/search/?f=rss,General,3,40,True,US,unclassified,rss,authority=heuristic-by-category
leg_1036,KY - Kentucky Lantern,kentuckylantern.com,https://kentuckylantern.com/feed/,General,3,40,True,US,unclassified,rss,authority=heuristic-by-category
leg_1037,KY - Kentucky Public Radio,wkyu.org,https://www.wkyu.org/rss,General,3,40,True,US,unclassified,rss,authority=heuristic-by-category
leg_1038,LA - Baton Rouge Business Report,businessreport.com,https://www.businessreport.com/feed/,General,3,40,True,US,unclassified,rss,authority=heuristic-by-category
leg_1039,LA - Acadiana Advocate,theadvocate.com,https://www.theadvocate.com/acadiana/rss,General,3,40,True,US,unclassified,rss,authority=heuristic-by-category
leg_1040,LA - St. Tammany Farmer,sttammanyfarmer.net,https://www.sttammanyfarmer.net/search/?f=rss,General,3,40,True,US,unclassified,rss,authority=heuristic-by-category
leg_1041,LA - Natchitoches Times,natchitochestimes.com,https://www.natchitochestimes.com/search/?f=rss,General,3,40,True,US,unclassified,rss,authority=heuristic-by-category
leg_1042,LA - Louisiana Illuminator,lailluminator.com,https://lailluminator.com/feed/,General,3,40,True,US,unclassified,rss,authority=heuristic-by-category
leg_1043,LA - Gambit New Orleans,nola.com,https://www.nola.com/gambit/rss,General,3,40,True,US,unclassified,rss,authority=heuristic-by-category
leg_1044,ME - Portland Phoenix,portlandphoenix.me,https://www.portlandphoenix.me/feed/,General,3,40,True,US,unclassified,rss,authority=heuristic-by-category
leg_1045,ME - Maine Beacon,mainebeacon.com,https://mainebeacon.com/feed/,General,3,40,True,US,unclassified,rss,authority=heuristic-by-category
leg_1046,ME - Maine Morning Star,mainemorningstar.com,https://mainemorningstar.com/feed/,General,3,40,True,US,unclassified,rss,authority=heuristic-by-category
leg_1047,ME - Ellsworth American,ellsworthamerican.com,https://www.ellsworthamerican.com/feed/,General,3,40,True,US,unclassified,rss,authority=heuristic-by-category
leg_1048,ME - Mount Desert Islander,mdislander.com,https://www.mdislander.com/feed/,General,3,40,True,US,unclassified,rss,authority=heuristic-by-category
leg_1049,MD - Maryland Matters,marylandmatters.org,https://www.marylandmatters.org/feed/,General,3,40,True,US,unclassified,rss,authority=heuristic-by-category
leg_1050,MD - Bay Journal,bayjournal.com,https://www.bayjournal.com/feed/,General,3,40,True,US,unclassified,rss,authority=heuristic-by-category
leg_1051,MD - Montgomery County Sentinel,thesentinel.com,https://www.thesentinel.com/feed/,General,3,40,True,US,unclassified,rss,authority=heuristic-by-category
leg_1052,MD - Prince George Sentinel,pgsentinel.com,https://pgsentinel.com/feed/,General,3,40,True,US,unclassified,rss,authority=heuristic-by-category
leg_1053,MD - Southern Maryland Online,somd.com,https://somd.com/feed/,General,3,40,True,US,unclassified,rss,authority=heuristic-by-category
leg_1054,MA - Brockton Enterprise,enterprisenews.com,https://www.enterprisenews.com/feed/,General,3,40,True,US,unclassified,rss,authority=heuristic-by-category
leg_1055,MA - Taunton Gazette,tauntongazette.com,https://www.tauntongazette.com/feed/,General,3,40,True,US,unclassified,rss,authority=heuristic-by-category
leg_1056,MA - Fall River Herald News,heraldnews.com,https://www.heraldnews.com/feed/,General,3,40,True,US,unclassified,rss,authority=heuristic-by-category
leg_1057,MA - Attleboro Sun Chronicle,thesunchronicle.com,https://www.thesunchronicle.com/search/?f=rss,General,3,40,True,US,unclassified,rss,authority=heuristic-by-category
leg_1058,MA - Milford Daily News,milforddailynews.com,https://www.milforddailynews.com/feed/,General,3,40,True,US,unclassified,rss,authority=heuristic-by-category
leg_1059,MA - MetroWest Daily News,metrowestdailynews.com,https://www.metrowestdailynews.com/feed/,General,3,40,True,US,unclassified,rss,authority=heuristic-by-category
leg_1060,MA - North Adams Transcript,thetranscript.com,https://www.thetranscript.com/search/?f=rss,General,3,40,True,US,unclassified,rss,authority=heuristic-by-category
leg_1061,MA - Fitchburg Sentinel & Enterprise,sentinelandenterprise.com,https://www.sentinelandenterprise.com/feed/,General,3,40,True,US,unclassified,rss,authority=heuristic-by-category
leg_1062,MA - Haverhill Gazette,eagletribune.com,https://www.eagletribune.com/haverhill_gazette/rss,General,3,40,True,US,unclassified,rss,authority=heuristic-by-category
leg_1063,MA - Eagle Tribune Lawrence,eagletribune.com,https://www.eagletribune.com/rss,General,3,40,True,US,unclassified,rss,authority=heuristic-by-category
leg_1064,MA - Boston.com,boston.com,https://www.boston.com/tag/news/feed/,General,3,40,True,US,unclassified,rss,authority=heuristic-by-category
leg_1065,MI - Traverse City Ticker,traverseticker.com,https://www.traverseticker.com/feed/,General,3,40,True,US,unclassified,rss,authority=heuristic-by-category
leg_1066,MI - Holland Sentinel,hollandsentinel.com,https://www.hollandsentinel.com/search/?f=rss,General,3,40,True,US,unclassified,rss,authority=heuristic-by-category
leg_1067,MI - Midland Daily News,ourmidland.com,https://www.ourmidland.com/search/?f=rss,General,3,40,True,US,unclassified,rss,authority=heuristic-by-category
leg_1068,MI - Monroe News,monroenews.com,https://www.monroenews.com/search/?f=rss,General,3,40,True,US,unclassified,rss,authority=heuristic-by-category
leg_1069,MI - Battle Creek Enquirer,battlecreekenquirer.com,https://www.battlecreekenquirer.com/rss/,General,3,40,True,US,unclassified,rss,authority=heuristic-by-category
leg_1070,MI - Jackson Citizen Patriot,mlive.com,https://www.mlive.com/jackson/index.ssf/rss2.0.xml,General,3,40,True,US,unclassified,rss,authority=heuristic-by-category
leg_1071,MI - Alpena News,thealpenanews.com,https://www.thealpenanews.com/feed/,General,3,40,True,US,unclassified,rss,authority=heuristic-by-category
leg_1072,MI - Petoskey News-Review,petoskeynews.com,https://www.petoskeynews.com/search/?f=rss,General,3,40,True,US,unclassified,rss,authority=heuristic-by-category
leg_1073,MI - Michigan Advance,michiganadvance.com,https://michiganadvance.com/feed/,General,3,40,True,US,unclassified,rss,authority=heuristic-by-category
leg_1074,MN - Bemidji Pioneer,bemidjipioneer.com,https://www.bemidjipioneer.com/search/?f=rss,General,3,40,True,US,unclassified,rss,authority=heuristic-by-category
leg_1075,MN - Duluth Reader,duluthreader.com,https://duluthreader.com/feed/,General,3,40,True,US,unclassified,rss,authority=heuristic-by-category
leg_1076,MN - Worthington Daily Globe,dglobe.com,https://www.dglobe.com/search/?f=rss,General,3,40,True,US,unclassified,rss,authority=heuristic-by-category
leg_1077,MN - Willmar West Central Tribune,wctrib.com,https://www.wctrib.com/search/?f=rss,General,3,40,True,US,unclassified,rss,authority=heuristic-by-category
leg_1078,MN - Fergus Falls Daily Journal,fergusfallsjournal.com,https://www.fergusfallsjournal.com/search/?f=rss,General,3,40,True,US,unclassified,rss,authority=heuristic-by-category
leg_1079,MN - Minnesota Reformer,minnesotareformer.com,https://minnesotareformer.com/feed/,General,3,40,True,US,unclassified,rss,authority=heuristic-by-category
leg_1080,MN - Sahan Journal,sahanjournal.com,https://sahanjournal.com/feed/,General,3,40,True,US,unclassified,rss,authority=heuristic-by-category
leg_1081,MS - Greenwood Commonwealth,gwcommonwealth.com,https://www.gwcommonwealth.com/search/?f=rss,General,3,40,True,US,unclassified,rss,authority=heuristic-by-category
leg_1082,MS - Natchez Democrat,natchezdemocrat.com,https://www.natchezdemocrat.com/feed/,General,3,40,True,US,unclassified,rss,authority=heuristic-by-category
leg_1083,MS - Laurel Leader-Call,laurelleadercall.com,https://www.laurelleadercall.com/search/?f=rss,General,3,40,True,US,unclassified,rss,authority=heuristic-by-category
leg_1084,MS - Tupelo Daily Journal,djournal.com,https://www.djournal.com/search/?f=rss,General,3,40,True,US,unclassified,rss,authority=heuristic-by-category
leg_1085,MS - Picayune Item,picayuneitem.com,https://www.picayuneitem.com/search/?f=rss,General,3,40,True,US,unclassified,rss,authority=heuristic-by-category
leg_1086,MS - Mississippi Free Press,mississippifreepress.org,https://www.mississippifreepress.org/feed/,General,3,40,True,US,unclassified,rss,authority=heuristic-by-category
leg_1087,MO - Rolla Daily News,therolladailynews.com,https://www.therolladailynews.com/search/?f=rss,General,3,40,True,US,unclassified,rss,authority=heuristic-by-category
leg_1088,MO - Sikeston Standard Democrat,standard-democrat.com,https://www.standard-democrat.com/search/?f=rss,General,3,40,True,US,unclassified,rss,authority=heuristic-by-category
leg_1089,MO - Cape Girardeau SE Missourian,semissourian.com,https://www.semissourian.com/rss/,General,3,40,True,US,unclassified,rss,authority=heuristic-by-category
leg_1090,MO - Hannibal Courier-Post,hannibal.net,https://www.hannibal.net/search/?f=rss,General,3,40,True,US,unclassified,rss,authority=heuristic-by-category
leg_1091,MO - Independence Examiner,examiner.net,https://www.examiner.net/search/?f=rss,General,3,40,True,US,unclassified,rss,authority=heuristic-by-category
leg_1092,MO - Missouri Independent,missouriindependent.com,https://missouriindependent.com/feed/,General,3,40,True,US,unclassified,rss,authority=heuristic-by-category
leg_1093,MO - Riverfront Times St Louis,riverfronttimes.com,https://www.riverfronttimes.com/feed/,General,3,40,True,US,unclassified,rss,authority=heuristic-by-category
leg_1094,MT - Havre Daily News,havredailynews.com,https://www.havredailynews.com/search/?f=rss,General,3,40,True,US,unclassified,rss,authority=heuristic-by-category
leg_1095,MT - Miles City Star,milescitystar.com,https://www.milescitystar.com/search/?f=rss,General,3,40,True,US,unclassified,rss,authority=heuristic-by-category
leg_1096,MT - Montana Standard Butte,mtstandard.com,https://mtstandard.com/search/?f=rss,General,3,40,True,US,unclassified,rss,authority=heuristic-by-category
leg_1097,MT - Livingston Enterprise,livingstonenterprise.com,https://www.livingstonenterprise.com/search/?f=rss,General,3,40,True,US,unclassified,rss,authority=heuristic-by-category
leg_1098,MT - Montana Public Radio,mtpr.org,https://www.mtpr.org/rss,General,3,40,True,US,unclassified,rss,authority=heuristic-by-category
leg_1099,NE - Columbus Telegram,columbustelegram.com,https://www.columbustelegram.com/search/?f=rss,General,3,40,True,US,unclassified,rss,authority=heuristic-by-category
leg_1100,NE - Hastings Tribune,hastingstribune.com,https://www.hastingstribune.com/search/?f=rss,General,3,40,True,US,unclassified,rss,authority=heuristic-by-category
leg_1101,NE - York News-Times,yorknewstimes.com,https://www.yorknewstimes.com/search/?f=rss,General,3,40,True,US,unclassified,rss,authority=heuristic-by-category
leg_1102,NE - North Platte Telegraph,nptelegraph.com,https://www.nptelegraph.com/search/?f=rss,General,3,40,True,US,unclassified,rss,authority=heuristic-by-category
leg_1103,NE - Nebraska Examiner,nebraskaexaminer.com,https://nebraskaexaminer.com/feed/,General,3,40,True,US,unclassified,rss,authority=heuristic-by-category
leg_1104,NE - NET Nebraska,netnebraska.org,https://netnebraska.org/feed,General,3,40,True,US,unclassified,rss,authority=heuristic-by-category
leg_1105,NV - Elko Daily Free Press,elkodaily.com,https://www.elkodaily.com/search/?f=rss,General,3,40,True,US,unclassified,rss,authority=heuristic-by-category
leg_1106,NV - Reno News & Review,newsreview.com,https://www.newsreview.com/reno/rss/,General,3,40,True,US,unclassified,rss,authority=heuristic-by-category
leg_1107,NV - Nevada Current,nevadacurrent.com,https://nevadacurrent.com/feed/,General,3,40,True,US,unclassified,rss,authority=heuristic-by-category
leg_1108,NV - Nevada Appeal Carson City,nevadaappeal.com,https://www.nevadaappeal.com/search/?f=rss,General,3,40,True,US,unclassified,rss,authority=heuristic-by-category
leg_1109,NH - Portsmouth Herald,seacoastonline.com,https://www.seacoastonline.com/search/?f=rss,General,3,40,True,US,unclassified,rss,authority=heuristic-by-category
leg_1110,NH - Nashua Telegraph,nashuatelegraph.com,https://www.nashuatelegraph.com/search/?f=rss,General,3,40,True,US,unclassified,rss,authority=heuristic-by-category
leg_1111,NH - NH Bulletin,newhampshirebulletin.com,https://newhampshirebulletin.com/feed/,General,3,40,True,US,unclassified,rss,authority=heuristic-by-category
leg_1112,NH - InDepthNH,indepthnh.org,https://indepthnh.org/feed/,General,3,40,True,US,unclassified,rss,authority=heuristic-by-category
leg_1113,NJ - Trentonian,trentonian.com,https://www.trentonian.com/feed/,General,3,40,True,US,unclassified,rss,authority=heuristic-by-category
leg_1114,NJ - Atlantic City Press,pressofatlanticcity.com,https://www.pressofatlanticcity.com/search/?f=rss,General,3,40,True,US,unclassified,rss,authority=heuristic-by-category
leg_1115,NJ - Vineland Daily Journal,thedailyjournal.com,https://www.thedailyjournal.com/rss/,General,3,40,True,US,unclassified,rss,authority=heuristic-by-category
leg_1116,NJ - Morristown Daily Record,dailyrecord.com,https://www.dailyrecord.com/rss/,General,3,40,True,US,unclassified,rss,authority=heuristic-by-category
leg_1117,NJ - New Jersey Monitor,newjerseymonitor.com,https://newjerseymonitor.com/feed/,General,3,40,True,US,unclassified,rss,authority=heuristic-by-category
leg_1118,NM - Silver City Daily Press,scdailypress.com,https://www.scdailypress.com/feed/,General,3,40,True,US,unclassified,rss,authority=heuristic-by-category
leg_1119,NM - Clovis Media,clovisnews.com,https://www.clovisnews.com/search/?f=rss,General,3,40,True,US,unclassified,rss,authority=heuristic-by-category
leg_1120,NM - Taos News,taosnews.com,https://www.taosnews.com/search/?f=rss,General,3,40,True,US,unclassified,rss,authority=heuristic-by-category
leg_1121,NM - Source New Mexico,sourcenm.com,https://sourcenm.com/feed/,General,3,40,True,US,unclassified,rss,authority=heuristic-by-category
leg_1122,NY - Ithaca Journal,ithacajournal.com,https://www.ithacajournal.com/rss/,General,3,40,True,US,unclassified,rss,authority=heuristic-by-category
leg_1123,NY - Elmira Star-Gazette,stargazette.com,https://www.stargazette.com/rss/,General,3,40,True,US,unclassified,rss,authority=heuristic-by-category
leg_1124,NY - Plattsburgh Press-Republican,pressrepublican.com,https://www.pressrepublican.com/search/?f=rss,General,3,40,True,US,unclassified,rss,authority=heuristic-by-category
leg_1125,NY - Glens Falls Post-Star,poststar.com,https://poststar.com/search/?f=rss,General,3,40,True,US,unclassified,rss,authority=heuristic-by-category
leg_1126,NY - Watertown Daily Times,watertowndailytimes.com,https://www.watertowndailytimes.com/search/?f=rss,General,3,40,True,US,unclassified,rss,authority=heuristic-by-category
leg_1127,NY - Kingston Daily Freeman,dailyfreeman.com,https://www.dailyfreeman.com/search/?f=rss,General,3,40,True,US,unclassified,rss,authority=heuristic-by-category
leg_1128,NY - Middletown Times Herald-Record,recordonline.com,https://www.recordonline.com/search/?f=rss,General,3,40,True,US,unclassified,rss,authority=heuristic-by-category
leg_1129,NY - New York Focus,nysfocus.com,https://www.nysfocus.com/feed/,General,3,40,True,US,unclassified,rss,authority=heuristic-by-category
leg_1130,NY - City Limits,citylimits.org,https://citylimits.org/feed/,General,3,40,True,US,unclassified,rss,authority=heuristic-by-category
leg_1131,NY - The Indypendent,indypendent.org,https://indypendent.org/feed/,General,3,40,True,US,unclassified,rss,authority=heuristic-by-category
leg_1132,NY - Queens Daily Eagle,queenseagle.com,https://queenseagle.com/feed/,General,3,40,True,US,unclassified,rss,authority=heuristic-by-category
leg_1133,NY - Brooklyn Eagle,brooklyneagle.com,https://brooklyneagle.com/feed/,General,3,40,True,US,unclassified,rss,authority=heuristic-by-category
leg_1134,NY - Bronx Times,bxtimes.com,https://www.bxtimes.com/feed/,General,3,40,True,US,unclassified,rss,authority=heuristic-by-category
leg_1135,NC - Hickory Daily Record,hickoryrecord.com,https://www.hickoryrecord.com/search/?f=rss,General,3,40,True,US,unclassified,rss,authority=heuristic-by-category
leg_1136,NC - Morganton News Herald,morganton.com,https://www.morganton.com/search/?f=rss,General,3,40,True,US,unclassified,rss,authority=heuristic-by-category
leg_1137,NC - Burlington Times-News,thetimesnews.com,https://www.thetimesnews.com/search/?f=rss,General,3,40,True,US,unclassified,rss,authority=heuristic-by-category
leg_1138,NC - Sanford Herald,sanfordherald.com,https://www.sanfordherald.com/search/?f=rss,General,3,40,True,US,unclassified,rss,authority=heuristic-by-category
leg_1139,NC - Wilson Times,wilsontimes.com,https://www.wilsontimes.com/search/?f=rss,General,3,40,True,US,unclassified,rss,authority=heuristic-by-category
leg_1140,NC - Kinston Free Press,kinston.com,https://www.kinston.com/search/?f=rss,General,3,40,True,US,unclassified,rss,authority=heuristic-by-category
leg_1141,NC - NC Health News,northcarolinahealthnews.org,https://www.northcarolinahealthnews.org/feed/,General,3,40,True,US,unclassified,rss,authority=heuristic-by-category
leg_1142,NC - Cardinal & Pine,cardinalpine.com,https://cardinalpine.com/feed/,General,3,40,True,US,unclassified,rss,authority=heuristic-by-category
leg_1143,ND - Wahpeton Daily News,wahpetondailynews.com,https://www.wahpetondailynews.com/search/?f=rss,General,3,40,True,US,unclassified,rss,authority=heuristic-by-category
leg_1144,ND - Williston Daily Herald,willistonherald.com,https://www.willistonherald.com/search/?f=rss,General,3,40,True,US,unclassified,rss,authority=heuristic-by-category
leg_1145,ND - ND Monitor,ndmonitor.com,https://ndmonitor.com/feed/,General,3,40,True,US,unclassified,rss,authority=heuristic-by-category
leg_1146,ND - Prairie Public Radio,prairiepublic.org,https://www.prairiepublic.org/rss,General,3,40,True,US,unclassified,rss,authority=heuristic-by-category
leg_1147,OH - Portsmouth Daily Times,portsmouth-dailytimes.com,https://www.portsmouth-dailytimes.com/search/?f=rss,General,3,40,True,US,unclassified,rss,authority=heuristic-by-category
leg_1148,OH - Chillicothe Gazette,chillicothegazette.com,https://www.chillicothegazette.com/rss/,General,3,40,True,US,unclassified,rss,authority=heuristic-by-category
leg_1149,OH - Zanesville Times Recorder,zanesvilletimesrecorder.com,https://www.zanesvilletimesrecorder.com/rss/,General,3,40,True,US,unclassified,rss,authority=heuristic-by-category
leg_1150,OH - Lancaster Eagle-Gazette,lancastereaglegazette.com,https://www.lancastereaglegazette.com/rss/,General,3,40,True,US,unclassified,rss,authority=heuristic-by-category
leg_1151,OH - Fremont News-Messenger,thenews-messenger.com,https://www.thenews-messenger.com/rss/,General,3,40,True,US,unclassified,rss,authority=heuristic-by-category
leg_1152,OH - Sandusky Register,sanduskyregister.com,https://www.sanduskyregister.com/search/?f=rss,General,3,40,True,US,unclassified,rss,authority=heuristic-by-category
leg_1153,OH - Lima News,limaohio.com,https://www.limaohio.com/search/?f=rss,General,3,40,True,US,unclassified,rss,authority=heuristic-by-category
leg_1154,OH - Defiance Crescent-News,crescent-news.com,https://www.crescent-news.com/search/?f=rss,General,3,40,True,US,unclassified,rss,authority=heuristic-by-category
leg_1155,OH - Marion Star,marionstar.com,https://www.marionstar.com/rss/,General,3,40,True,US,unclassified,rss,authority=heuristic-by-category
leg_1156,OH - Signal Cleveland,signalcleveland.org,https://signalcleveland.org/feed/,General,3,40,True,US,unclassified,rss,authority=heuristic-by-category
leg_1157,OK - Bartlesville Examiner-Enterprise,examiner-enterprise.com,https://www.examiner-enterprise.com/search/?f=rss,General,3,40,True,US,unclassified,rss,authority=heuristic-by-category
leg_1158,OK - Ponca City News,poncacitynews.com,https://www.poncacitynews.com/search/?f=rss,General,3,40,True,US,unclassified,rss,authority=heuristic-by-category
leg_1159,OK - Shawnee News-Star,news-star.com,https://www.news-star.com/search/?f=rss,General,3,40,True,US,unclassified,rss,authority=heuristic-by-category
leg_1160,OK - Chickasha Express-Star,chickashanews.com,https://www.chickashanews.com/search/?f=rss,General,3,40,True,US,unclassified,rss,authority=heuristic-by-category
leg_1161,OK - Oklahoma Voice,oklahomavoice.com,https://oklahomavoice.com/feed/,General,3,40,True,US,unclassified,rss,authority=heuristic-by-category
leg_1162,OR - Ashland Tidings,dailytidings.com,https://www.dailytidings.com/search/?f=rss,General,3,40,True,US,unclassified,rss,authority=heuristic-by-category
leg_1163,OR - Klamath Falls Herald News,heraldandnews.com,https://www.heraldandnews.com/search/?f=rss,General,3,40,True,US,unclassified,rss,authority=heuristic-by-category
leg_1164,OR - Roseburg News-Review,nrtoday.com,https://www.nrtoday.com/search/?f=rss,General,3,40,True,US,unclassified,rss,authority=heuristic-by-category
leg_1165,OR - The Lund Report,lundreport.org,https://www.lundreport.org/feed/,General,3,40,True,US,unclassified,rss,authority=heuristic-by-category
leg_1166,OR - Oregon Capital Chronicle,oregoncapitalchronicle.com,https://oregoncapitalchronicle.com/feed/,General,3,40,True,US,unclassified,rss,authority=heuristic-by-category
leg_1167,OR - Street Roots Portland,streetroots.org,https://www.streetroots.org/feed/,General,3,40,True,US,unclassified,rss,authority=heuristic-by-category
leg_1168,PA - Altoona Mirror,altoonamirror.com,https://www.altoonamirror.com/feed/,General,3,40,True,US,unclassified,rss,authority=heuristic-by-category
leg_1169,PA - Johnstown Tribune-Democrat,tribdem.com,https://www.tribdem.com/search/?f=rss,General,3,40,True,US,unclassified,rss,authority=heuristic-by-category
leg_1170,PA - Greensburg Tribune-Review,triblive.com,https://triblive.com/local/westmoreland/feed/,General,3,40,True,US,unclassified,rss,authority=heuristic-by-category
leg_1171,PA - Beaver County Times,timesonline.com,https://www.timesonline.com/search/?f=rss,General,3,40,True,US,unclassified,rss,authority=heuristic-by-category
leg_1172,PA - Butler Eagle,butlereagle.com,https://www.butlereagle.com/search/?f=rss,General,3,40,True,US,unclassified,rss,authority=heuristic-by-category
leg_1173,PA - New Castle News,ncnewsonline.com,https://www.ncnewsonline.com/search/?f=rss,General,3,40,True,US,unclassified,rss,authority=heuristic-by-category
leg_1174,PA - Lebanon Daily News,ldnews.com,https://www.ldnews.com/rss/,General,3,40,True,US,unclassified,rss,authority=heuristic-by-category
leg_1175,PA - York Daily Record,ydr.com,https://www.ydr.com/rss/,General,3,40,True,US,unclassified,rss,authority=heuristic-by-category
leg_1176,PA - Chambersburg Public Opinion,publicopiniononline.com,https://www.publicopiniononline.com/rss/,General,3,40,True,US,unclassified,rss,authority=heuristic-by-category
leg_1177,PA - Centre Daily Times,centredaily.com,https://www.centredaily.com/news/local/rss,General,3,40,True,US,unclassified,rss,authority=heuristic-by-category
leg_1178,PA - Broad + Liberty,broadandliberty.com,https://broadandliberty.com/feed/,General,3,40,True,US,unclassified,rss,authority=heuristic-by-category
leg_1179,RI - East Bay Media,eastbayri.com,https://www.eastbayri.com/feed/,General,3,40,True,US,unclassified,rss,authority=heuristic-by-category
leg_1180,RI - Cranston Herald,cranstononline.com,https://www.cranstononline.com/feed/,General,3,40,True,US,unclassified,rss,authority=heuristic-by-category
leg_1181,SC - Aiken Standard,aikenstandard.com,https://www.aikenstandard.com/search/?f=rss,General,3,40,True,US,unclassified,rss,authority=heuristic-by-category
leg_1182,SC - Florence Morning News,scnow.com,https://www.scnow.com/search/?f=rss,General,3,40,True,US,unclassified,rss,authority=heuristic-by-category
leg_1183,SC - Orangeburg Times & Democrat,thetandd.com,https://thetandd.com/search/?f=rss,General,3,40,True,US,unclassified,rss,authority=heuristic-by-category
leg_1184,SC - Beaufort Gazette,islandpacket.com,https://www.islandpacket.com/news/local/rss,General,3,40,True,US,unclassified,rss,authority=heuristic-by-category
leg_1185,SC - SC Daily Gazette,scdailygazette.com,https://scdailygazette.com/feed/,General,3,40,True,US,unclassified,rss,authority=heuristic-by-category
leg_1186,SD - Brookings Register,brookingsregister.com,https://www.brookingsregister.com/search/?f=rss,General,3,40,True,US,unclassified,rss,authority=heuristic-by-category
leg_1187,SD - Huron Plainsman,plainsman.com,https://www.plainsman.com/search/?f=rss,General,3,40,True,US,unclassified,rss,authority=heuristic-by-category
leg_1188,SD - Mitchell Daily Republic,mitchellrepublic.com,https://www.mitchellrepublic.com/search/?f=rss,General,3,40,True,US,unclassified,rss,authority=heuristic-by-category
leg_1189,TN - Murfreesboro Daily News Journal,dnj.com,https://www.dnj.com/rss/,General,3,40,True,US,unclassified,rss,authority=heuristic-by-category
leg_1190,TN - Cookeville Herald-Citizen,herald-citizen.com,https://www.herald-citizen.com/search/?f=rss,General,3,40,True,US,unclassified,rss,authority=heuristic-by-category
leg_1191,TN - Columbia Daily Herald,columbiadailyherald.com,https://www.columbiadailyherald.com/search/?f=rss,General,3,40,True,US,unclassified,rss,authority=heuristic-by-category
leg_1192,TN - Kingsport Times-News,timesnews.net,https://www.timesnews.net/search/?f=rss,General,3,40,True,US,unclassified,rss,authority=heuristic-by-category
leg_1193,TN - Bristol Herald Courier,heraldcourier.com,https://heraldcourier.com/search/?f=rss,General,3,40,True,US,unclassified,rss,authority=heuristic-by-category
leg_1194,TN - Nashville Scene,nashvillescene.com,https://www.nashvillescene.com/feed/,General,3,40,True,US,unclassified,rss,authority=heuristic-by-category
leg_1195,TX - Paris News,theparisnews.com,https://www.theparisNews.com/search/?f=rss,General,3,40,True,US,unclassified,rss,authority=heuristic-by-category
leg_1196,TX - Marshall News Messenger,marshallnewsmessenger.com,https://www.marshallnewsmessenger.com/search/?f=rss,General,3,40,True,US,unclassified,rss,authority=heuristic-by-category
leg_1197,TX - Lufkin Daily News,lufkindailynews.com,https://lufkindailynews.com/search/?f=rss,General,3,40,True,US,unclassified,rss,authority=heuristic-by-category
leg_1198,TX - Texarkana Gazette,texarkanagazette.com,https://www.texarkanagazette.com/news/texas/rss,General,3,40,True,US,unclassified,rss,authority=heuristic-by-category
leg_1199,TX - Bryan-College Station Eagle,theeagle.com,https://www.theeagle.com/search/?f=rss,General,3,40,True,US,unclassified,rss,authority=heuristic-by-category
leg_1200,TX - Killeen Daily Herald,kdhnews.com,https://kdhnews.com/search/?f=rss,General,3,40,True,US,unclassified,rss,authority=heuristic-by-category
leg_1201,TX - Temple Daily Telegram,tdtnews.com,https://www.tdtnews.com/search/?f=rss,General,3,40,True,US,unclassified,rss,authority=heuristic-by-category
leg_1202,TX - Victoria Advocate,victoriaadvocate.com,https://www.victoriaadvocate.com/search/?f=rss,General,3,40,True,US,unclassified,rss,authority=heuristic-by-category
leg_1203,TX - San Angelo Standard-Times,gosanangelo.com,https://www.gosanangelo.com/rss/,General,3,40,True,US,unclassified,rss,authority=heuristic-by-category
leg_1204,TX - Big Spring Herald,bigspringherald.com,https://www.bigspringherald.com/search/?f=rss,General,3,40,True,US,unclassified,rss,authority=heuristic-by-category
leg_1205,TX - Plainview Daily Herald,myplainview.com,https://www.myplainview.com/search/?f=rss,General,3,40,True,US,unclassified,rss,authority=heuristic-by-category
leg_1206,TX - Denton Record-Chronicle,dentonrc.com,https://www.dentonrc.com/search/?f=rss,General,3,40,True,US,unclassified,rss,authority=heuristic-by-category
leg_1207,TX - Garland News,garlandnews.com,https://www.garlandnews.com/search/?f=rss,General,3,40,True,US,unclassified,rss,authority=heuristic-by-category
leg_1208,TX - McKinney Courier-Gazette,courier-gazette.com,https://www.courier-gazette.com/search/?f=rss,General,3,40,True,US,unclassified,rss,authority=heuristic-by-category
leg_1209,TX - Texas Observer,texasobserver.org,https://www.texasobserver.org/feed/,General,3,40,True,US,unclassified,rss,authority=heuristic-by-category
leg_1210,TX - Texas Monthly,texasmonthly.com,https://www.texasmonthly.com/feed/,General,3,40,True,US,unclassified,rss,authority=heuristic-by-category
leg_1211,TX - The Texas Signal,texassignal.com,https://texassignal.com/feed/,General,3,40,True,US,unclassified,rss,authority=heuristic-by-category
leg_1212,UT - Summit Daily Newpark City,summitdaily.com,https://www.summitdaily.com/feed/,General,3,40,True,US,unclassified,rss,authority=heuristic-by-category
leg_1213,UT - Moab Times-Independent,moabtimes.com,https://www.moabtimes.com/feed/,General,3,40,True,US,unclassified,rss,authority=heuristic-by-category
leg_1214,UT - Utah Policy,utahpolicy.com,https://utahpolicy.com/feed/,General,3,40,True,US,unclassified,rss,authority=heuristic-by-category
leg_1215,UT - Utah News Dispatch,utahnewsdispatch.com,https://utahnewsdispatch.com/feed/,General,3,40,True,US,unclassified,rss,authority=heuristic-by-category
leg_1216,VT - St. Albans Messenger,samessenger.com,https://www.samessenger.com/search/?f=rss,General,3,40,True,US,unclassified,rss,authority=heuristic-by-category
leg_1217,VT - Addison County Independent,addisonindependent.com,https://www.addisonindependent.com/search/?f=rss,General,3,40,True,US,unclassified,rss,authority=heuristic-by-category
leg_1218,VT - Seven Days VT,sevendaysvt.com,https://www.sevendaysvt.com/feed/,General,3,40,True,US,unclassified,rss,authority=heuristic-by-category
leg_1219,VA - Martinsville Bulletin,martinsvillebulletin.com,https://www.martinsvillebulletin.com/search/?f=rss,General,3,40,True,US,unclassified,rss,authority=heuristic-by-category
leg_1220,VA - Danville Register & Bee,registerbee.com,https://www.registerbee.com/search/?f=rss,General,3,40,True,US,unclassified,rss,authority=heuristic-by-category
leg_1221,VA - Waynesboro News Virginian,newsvirginian.com,https://www.newsvirginian.com/search/?f=rss,General,3,40,True,US,unclassified,rss,authority=heuristic-by-category
leg_1222,VA - Harrisonburg DNR,dnronline.com,https://www.dnronline.com/search/?f=rss,General,3,40,True,US,unclassified,rss,authority=heuristic-by-category
leg_1223,VA - Virginia Public Media,wvtf.org,https://www.wvtf.org/rss,General,3,40,True,US,unclassified,rss,authority=heuristic-by-category
leg_1224,VA - Cardinal News,cardinalnews.org,https://cardinalnews.org/feed/,General,3,40,True,US,unclassified,rss,authority=heuristic-by-category
leg_1225,WA - Walla Walla Union-Bulletin,union-bulletin.com,https://www.union-bulletin.com/search/?f=rss,General,3,40,True,US,unclassified,rss,authority=heuristic-by-category
leg_1226,WA - Bellingham Business Journal,bbjtoday.com,https://www.bbjtoday.com/feed/,General,3,40,True,US,unclassified,rss,authority=heuristic-by-category
leg_1227,WA - Tacoma Weekly,tacomaweekly.com,https://tacomaweekly.com/feed/,General,3,40,True,US,unclassified,rss,authority=heuristic-by-category
leg_1228,WA - Spokane Journal of Business,spokanejournal.com,https://www.spokanejournal.com/feed/,General,3,40,True,US,unclassified,rss,authority=heuristic-by-category
leg_1229,WA - Washington State Standard,washingtonstatestandard.com,https://washingtonstatestandard.com/feed/,General,3,40,True,US,unclassified,rss,authority=heuristic-by-category
leg_1230,WA - InvestigateWest,invw.org,https://www.invw.org/feed/,General,3,40,True,US,unclassified,rss,authority=heuristic-by-category
leg_1231,WV - Bluefield Daily Telegraph,bdtonline.com,https://www.bdtonline.com/search/?f=rss,General,3,40,True,US,unclassified,rss,authority=heuristic-by-category
leg_1232,WV - Clarksburg Exponent Telegram,exponenttelegram.com,https://www.exponenttelegram.com/search/?f=rss,General,3,40,True,US,unclassified,rss,authority=heuristic-by-category
leg_1233,WV - Beckley Register-Herald,register-herald.com,https://www.register-herald.com/search/?f=rss,General,3,40,True,US,unclassified,rss,authority=heuristic-by-category
leg_1234,WV - WV Public Broadcasting,wvpublic.org,https://wvpublic.org/feed,General,3,40,True,US,unclassified,rss,authority=heuristic-by-category
leg_1235,WV - WV Watch,wvwatch.com,https://wvwatch.com/feed/,General,3,40,True,US,unclassified,rss,authority=heuristic-by-category
leg_1236,WI - Eau Claire Leader-Telegram,leadertelegram.com,https://www.leadertelegram.com/search/?f=rss,General,3,40,True,US,unclassified,rss,authority=heuristic-by-category
leg_1237,WI - Superior Telegram,superiortelegram.com,https://www.superiortelegram.com/search/?f=rss,General,3,40,True,US,unclassified,rss,authority=heuristic-by-category
leg_1238,WI - Rhinelander Daily News,rhinelanderdailynews.com,https://www.rhinelanderdailynews.com/search/?f=rss,General,3,40,True,US,unclassified,rss,authority=heuristic-by-category
leg_1239,WI - Marshfield News-Herald,marshfieldnewsherald.com,https://www.marshfieldnewsherald.com/rss/,General,3,40,True,US,unclassified,rss,authority=heuristic-by-category
leg_1240,WI - Two Rivers Herald Times Reporter,htrnews.com,https://www.htrnews.com/rss/,General,3,40,True,US,unclassified,rss,authority=heuristic-by-category
leg_1241,WI - Janesville Gazette,gazettextra.com,https://www.gazettextra.com/search/?f=rss,General,3,40,True,US,unclassified,rss,authority=heuristic-by-category
leg_1242,WI - Beloit Daily News,beloitdailynews.com,https://www.beloitdailynews.com/search/?f=rss,General,3,40,True,US,unclassified,rss,authority=heuristic-by-category
leg_1243,WI - Kenosha News,kenoshanews.com,https://www.kenoshanews.com/search/?f=rss,General,3,40,True,US,unclassified,rss,authority=heuristic-by-category
leg_1244,WI - Wisconsin Examiner,wisconsinexaminer.com,https://wisconsinexaminer.com/feed/,General,3,40,True,US,unclassified,rss,authority=heuristic-by-category
leg_1245,WI - Milwaukee Independent,milwaukeeindependent.com,https://milwaukeeindependent.com/feed/,General,3,40,True,US,unclassified,rss,authority=heuristic-by-category
leg_1246,WY - Sheridan Press,thesheridanpress.com,https://www.thesheridanpress.com/search/?f=rss,General,3,40,True,US,unclassified,rss,authority=heuristic-by-category
leg_1247,WY - Riverton Ranger,riverton-ranger.com,https://www.riverton-ranger.com/search/?f=rss,General,3,40,True,US,unclassified,rss,authority=heuristic-by-category
leg_1248,WY - Powell Tribune,powelltribune.com,https://www.powelltribune.com/search/?f=rss,General,3,40,True,US,unclassified,rss,authority=heuristic-by-category
leg_1249,WY - Douglas Budget,douglas-budget.com,https://www.douglas-budget.com/search/?f=rss,General,3,40,True,US,unclassified,rss,authority=heuristic-by-category
leg_1250,WY - Wyoming Public Media,wyomingpublicmedia.org,https://wyomingpublicmedia.org/feed,General,3,40,True,US,unclassified,rss,authority=heuristic-by-category
leg_1251,Spanish - La Opinion LA,laopinion.com,https://laopinion.com/feed/,General,3,40,True,US,unclassified,rss,authority=heuristic-by-category
leg_1252,Spanish - El Nuevo Herald Miami,elnuevoherald.com,https://www.elnuevoherald.com/latest-news/rss,General,3,40,True,US,unclassified,rss,authority=heuristic-by-category
leg_1253,Spanish - Al Dia Dallas,aldiatx.com,https://aldiatx.com/feed/,General,3,40,True,US,unclassified,rss,authority=heuristic-by-category
leg_1254,Spanish - Rumbo de Valle TX,rumbonews.com,https://www.rumbonews.com/feed/,General,3,40,True,US,unclassified,rss,authority=heuristic-by-category
leg_1255,Spanish - El Vocero Puerto Rico,elvocero.com,https://www.elvocero.com/feed/,General,3,40,True,US,unclassified,rss,authority=heuristic-by-category
leg_1256,Spanish - Hoy Chicago,chicagotribune.com,https://www.chicagotribune.com/hoy/rss2.0.xml,General,3,40,True,US,unclassified,rss,authority=heuristic-by-category
leg_1257,Spanish - Impacto Latin News,impactolatin.news,https://impactolatin.news/feed/,General,3,40,True,US,unclassified,rss,authority=heuristic-by-category
leg_1258,Spanish - Univision News,univision.com,https://www.univision.com/noticias/rss,General,3,40,True,US,unclassified,rss,authority=heuristic-by-category
leg_1259,Spanish - Telemundo News,telemundo.com,https://www.telemundo.com/noticias/rss,General,3,40,True,US,unclassified,rss,authority=heuristic-by-category
leg_1260,Spanish - Voz de America Spanish,voanews.com,https://www.voanews.com/api/zmpqemprmo,General,3,40,True,US,unclassified,rss,authority=heuristic-by-category
leg_1261,Spanish - NBC Latino,nbcnews.com,https://www.nbcnews.com/id/46380265/device/rss/rss.xml,General,3,40,True,US,unclassified,rss,authority=heuristic-by-category
leg_1262,Spanish - Latin Times,latintimes.com,https://www.latintimes.com/rss,General,3,40,True,US,unclassified,rss,authority=heuristic-by-category
leg_1263,Spanish - Latina Magazine,latina.com,https://www.latina.com/feed/,General,3,40,True,US,unclassified,rss,authority=heuristic-by-category
leg_1264,Ethnic - Black Press USA,blackpressusa.com,https://www.blackpressusa.com/feed/,General,3,40,True,US,unclassified,rss,authority=heuristic-by-category
leg_1265,Ethnic - Afro American,afro.com,https://afro.com/feed/,General,3,40,True,US,unclassified,rss,authority=heuristic-by-category
leg_1266,Ethnic - New Pittsburgh Courier,newpittsburghcourier.com,https://newpittsburghcourier.com/feed/,General,3,40,True,US,unclassified,rss,authority=heuristic-by-category
leg_1267,Ethnic - Los Angeles Sentinel,lasentinel.net,https://lasentinel.net/feed/,General,3,40,True,US,unclassified,rss,authority=heuristic-by-category
leg_1268,Ethnic - Chicago Defender,chicagodefender.com,https://chicagodefender.com/feed/,General,3,40,True,US,unclassified,rss,authority=heuristic-by-category
leg_1269,Ethnic - Atlanta Voice,theatlantavoice.com,https://theatlantavoice.com/feed/,General,3,40,True,US,unclassified,rss,authority=heuristic-by-category
leg_1270,Ethnic - Amsterdam News NY,amsterdamnews.com,https://amsterdamnews.com/feed/,General,3,40,True,US,unclassified,rss,authority=heuristic-by-category
leg_1271,Ethnic - Dallas Examiner,dallasexaminer.com,https://dallasexaminer.com/feed/,General,3,40,True,US,unclassified,rss,authority=heuristic-by-category
leg_1272,Ethnic - Houston Forward Times,forwardtimes.com,https://forwardtimes.com/feed/,General,3,40,True,US,unclassified,rss,authority=heuristic-by-category
leg_1273,Ethnic - Charlotte Post,thecharlottepost.com,https://thecharlottepost.com/feed/,General,3,40,True,US,unclassified,rss,authority=heuristic-by-category
leg_1274,Ethnic - Carolina Peacemaker,carolinapeacemaker.com,https://www.carolinapeacemaker.com/feed/,General,3,40,True,US,unclassified,rss,authority=heuristic-by-category
leg_1275,Ethnic - Arab American News,arabamericannews.com,https://www.arabamericannews.com/feed/,General,3,40,True,US,unclassified,rss,authority=heuristic-by-category
leg_1276,Ethnic - Asian American Press,asianamericanpress.com,https://www.asianamericanpress.com/feed/,General,3,40,True,US,unclassified,rss,authority=heuristic-by-category
leg_1277,Ethnic - India Abroad,indiaabroad-digital.com,https://www.indiaabroad-digital.com/feed/,General,3,40,True,US,unclassified,rss,authority=heuristic-by-category
leg_1278,Ethnic - Korea Daily USA,koreadaily.com,https://www.koreadaily.com/rss/,General,3,40,True,US,unclassified,rss,authority=heuristic-by-category
leg_1279,Ethnic - World Journal Chinese,worldjournal.com,https://www.worldjournal.com/feed/,General,3,40,True,US,unclassified,rss,authority=heuristic-by-category
leg_1280,Wire - AP Technology,feeds.apnews.com,https://feeds.apnews.com/rss/Technology,General,3,40,True,US,unclassified,rss,authority=heuristic-by-category
leg_1281,Wire - AP Business,feeds.apnews.com,https://feeds.apnews.com/rss/Business,General,3,40,True,US,unclassified,rss,authority=heuristic-by-category
leg_1282,Wire - AP Politics,feeds.apnews.com,https://feeds.apnews.com/rss/Politics,General,3,40,True,US,unclassified,rss,authority=heuristic-by-category
leg_1283,Wire - AP Washington,feeds.apnews.com,https://feeds.apnews.com/rss/Washington,General,3,40,True,US,unclassified,rss,authority=heuristic-by-category
leg_1284,Wire - Reuters Top News,feeds.reuters.com,https://feeds.reuters.com/reuters/topNews,General,3,40,True,US,unclassified,rss,authority=heuristic-by-category
leg_1285,Wire - Reuters US,feeds.reuters.com,https://feeds.reuters.com/reuters/domesticNews,General,3,40,True,US,unclassified,rss,authority=heuristic-by-category
leg_1286,Wire - UPI Technology,upi.com,https://www.upi.com/rss/Technology/,General,3,40,True,US,unclassified,rss,authority=heuristic-by-category
leg_1287,Wire - UPI Top News,upi.com,https://www.upi.com/rss/Top_News/,General,3,40,True,US,unclassified,rss,authority=heuristic-by-category
leg_1288,Wire - McClatchy DC,mcclatchydc.com,https://www.mcclatchydc.com/rss,General,3,40,True,US,unclassified,rss,authority=heuristic-by-category
leg_1289,Wire - States Newsroom,statesnewsroom.com,https://statesnewsroom.com/feed/,General,3,40,True,US,unclassified,rss,authority=heuristic-by-category
leg_1290,Wire - Lee Enterprises,leeenterprise.com,https://leeenterprise.com/feed/,General,3,40,True,US,unclassified,rss,authority=heuristic-by-category
leg_1291,Wire - Gannett Tracker,usatoday.com,https://www.usatoday.com/rss/,General,3,40,True,US,unclassified,rss,authority=heuristic-by-category
leg_1292,Cable - C-SPAN,c-span.org,https://www.c-span.org/feed/?type=video,General,3,40,True,US,unclassified,rss,authority=heuristic-by-category
leg_1293,Cable - PBS NewsHour,pbs.org,https://www.pbs.org/newshour/feeds/rss/headlines,General,3,40,True,US,unclassified,rss,authority=heuristic-by-category
leg_1294,Cable - MSNBC,msnbc.com,https://www.msnbc.com/feeds/latest,General,3,40,True,US,unclassified,rss,authority=heuristic-by-category
leg_1295,Fox News,moxie.foxnews.com,https://moxie.foxnews.com/google-publisher/latest.xml,General,3,40,True,US,unclassified,rss,authority=heuristic-by-category
leg_1296,Fox News Latest,feeds.foxnews.com,https://feeds.foxnews.com/foxnews/latest,General,3,40,True,US,unclassified,rss,authority=heuristic-by-category
leg_1297,Fox News National,moxie.foxnews.com,https://moxie.foxnews.com/google-publisher/national.xml,General,3,40,True,US,unclassified,rss,authority=heuristic-by-category
leg_1298,Cable - Fox News Politics,moxie.foxnews.com,https://moxie.foxnews.com/google-publisher/politics.xml,General,3,40,True,US,unclassified,rss,authority=heuristic-by-category
leg_1299,Cable - Fox News Tech,moxie.foxnews.com,https://moxie.foxnews.com/google-publisher/tech.xml,General,3,40,True,US,unclassified,rss,authority=heuristic-by-category
leg_1300,Cable - CNN Politics,rss.cnn.com,https://rss.cnn.com/rss/cnn_allpolitics.rss,General,3,40,True,US,unclassified,rss,authority=heuristic-by-category
leg_1301,Cable - ABC News Politics,abcnews.go.com,https://abcnews.go.com/abcnews/politicsheadlines,General,3,40,True,US,unclassified,rss,authority=heuristic-by-category
leg_1302,Cable - CBS News Politics,cbsnews.com,https://www.cbsnews.com/latest/rss/politics,General,3,40,True,US,unclassified,rss,authority=heuristic-by-category
leg_1303,Cable - NBC News Politics,feeds.nbcnews.com,https://feeds.nbcnews.com/nbcnews/public/politics,General,3,40,True,US,unclassified,rss,authority=heuristic-by-category
leg_1304,Cable - Newsmax,newsmax.com,https://www.newsmax.com/rss/Newsfront/1,General,3,40,True,US,unclassified,rss,authority=heuristic-by-category
leg_1305,Cable - OAN,oann.com,https://www.oann.com/feed/,General,3,40,True,US,unclassified,rss,authority=heuristic-by-category
leg_1306,Cable - Sinclair Broadcast Group,sbgi.net,https://sbgi.net/feed/,General,3,40,True,US,unclassified,rss,authority=heuristic-by-category
leg_1307,Cable - Nexstar Media,nexstar.tv,https://www.nexstar.tv/feed/,General,3,40,True,US,unclassified,rss,authority=heuristic-by-category
leg_1308,Trade - Ad Age,adage.com,https://adage.com/rss,General,3,40,True,US,unclassified,rss,authority=heuristic-by-category
leg_1309,Trade - Adweek,adweek.com,https://www.adweek.com/feed/,General,3,40,True,US,unclassified,rss,authority=heuristic-by-category
leg_1310,Trade - Sound & Vision,soundandvision.com,https://www.soundandvision.com/rss.xml,General,3,40,True,US,unclassified,rss,authority=heuristic-by-category
leg_1311,Trade - Deadline Hollywood,deadline.com,https://deadline.com/feed/,General,3,40,True,US,unclassified,rss,authority=heuristic-by-category
leg_1312,Trade - Media Play News,mediaplaynews.com,https://www.mediaplaynews.com/feed/,General,3,40,True,US,unclassified,rss,authority=heuristic-by-category
leg_1313,Trade - Lost Remote,lostremote.com,https://lostremote.com/feed/,General,3,40,True,US,unclassified,rss,authority=heuristic-by-category
leg_1314,Trade - TVSpy,adweek.com,https://www.adweek.com/tvspy/feed/,General,3,40,True,US,unclassified,rss,authority=heuristic-by-category
leg_1315,Trade - Nieman Reports,niemanreports.org,https://niemanreports.org/feed/,General,3,40,True,US,unclassified,rss,authority=heuristic-by-category
leg_1316,Trade - American Journalism Rev,ajr.org,https://ajr.org/feed/,General,3,40,True,US,unclassified,rss,authority=heuristic-by-category
leg_1317,Trade - Editor & Publisher,editorandpublisher.com,https://www.editorandpublisher.com/feed/,General,3,40,True,US,unclassified,rss,authority=heuristic-by-category
leg_1318,Trade - Press Gazette UK,pressgazette.co.uk,https://pressgazette.co.uk/feed/,General,3,40,True,US,unclassified,rss,authority=heuristic-by-category
leg_1319,Trade - Digiday,digiday.com,https://digiday.com/feed/,General,3,40,True,US,unclassified,rss,authority=heuristic-by-category
leg_1320,Trade - Puck News,puck.news,https://puck.news/feed/,General,3,40,True,US,unclassified,rss,authority=heuristic-by-category
leg_1321,Watch - Alabama Political Reporter,alreporter.com,https://www.alreporter.com/feed/,General,3,40,True,US,unclassified,rss,authority=heuristic-by-category
leg_1322,Watch - Alaska Public Interest Res,alaskareport.com,https://www.alaskareport.com/feed/,General,3,40,True,US,unclassified,rss,authority=heuristic-by-category
leg_1323,Watch - AZ Center for Investigative,azcir.org,https://azcir.org/feed/,General,3,40,True,US,unclassified,rss,authority=heuristic-by-category
leg_1324,Watch - Arkansas Investigative News,arkinvestigative.org,https://arkinvestigative.org/feed/,General,3,40,True,US,unclassified,rss,authority=heuristic-by-category
leg_1325,Watch - California Healthline,californiahealthline.org,https://californiahealthline.org/feed/,General,3,40,True,US,unclassified,rss,authority=heuristic-by-category
leg_1326,Watch - Colorado Independent,coloradoindependent.com,https://www.coloradoindependent.com/feed/,General,3,40,True,US,unclassified,rss,authority=heuristic-by-category
leg_1327,Watch - CT Health Investigative,c-hit.org,https://c-hit.org/feed/,General,3,40,True,US,unclassified,rss,authority=heuristic-by-category
leg_1328,Watch - DC Line,thedcline.org,https://thedcline.org/feed/,General,3,40,True,US,unclassified,rss,authority=heuristic-by-category
leg_1329,Watch - Delaware Public Media,delawarepublic.org,https://www.delawarepublic.org/rss,General,3,40,True,US,unclassified,rss,authority=heuristic-by-category
leg_1330,Watch - Florida Center Investigative,fcir.org,https://fcir.org/feed/,General,3,40,True,US,unclassified,rss,authority=heuristic-by-category
leg_1331,Watch - Georgia Health News,georgiahealthnews.com,https://georgiahealthnews.com/feed/,General,3,40,True,US,unclassified,rss,authority=heuristic-by-category
leg_1332,Watch - Hawaii News Now,hawaiinewsnow.com,https://www.hawaiinewsnow.com/rss,General,3,40,True,US,unclassified,rss,authority=heuristic-by-category
leg_1333,Watch - Boise State Public Radio,boisestatepublicradio.org,https://www.boisestatepublicradio.org/rss,General,3,40,True,US,unclassified,rss,authority=heuristic-by-category
leg_1334,Watch - IL Answers Project,illinoisanswers.org,https://illinoisanswers.org/feed/,General,3,40,True,US,unclassified,rss,authority=heuristic-by-category
leg_1335,Watch - IndyStar Watchdog,indystar.com,https://www.indystar.com/news/watchdog/rss,General,3,40,True,US,unclassified,rss,authority=heuristic-by-category
leg_1336,Watch - Kansas News Service,kansasnewsservice.org,https://www.kansasnewsservice.org/feed,General,3,40,True,US,unclassified,rss,authority=heuristic-by-category
leg_1337,Watch - KY Health News,kyhealthnews.org,https://kyhealthnews.org/feed/,General,3,40,True,US,unclassified,rss,authority=heuristic-by-category
leg_1338,TV - KXAN Austin,kxan.com,https://www.kxan.com/feed/,General,3,40,True,US,unclassified,rss,authority=heuristic-by-category
leg_1339,TV - KVUE Austin,kvue.com,https://www.kvue.com/feeds/syndication/rss/news,General,3,40,True,US,unclassified,rss,authority=heuristic-by-category
leg_1340,TV - KPRC Houston,click2houston.com,https://www.click2houston.com/rss,General,3,40,True,US,unclassified,rss,authority=heuristic-by-category
leg_1341,TV - KTVT Dallas,cbsdfw.com,https://www.cbsdfw.com/rss,General,3,40,True,US,unclassified,rss,authority=heuristic-by-category
leg_1342,TV - KXAS Dallas,nbcdfw.com,https://www.nbcdfw.com/feed/,General,3,40,True,US,unclassified,rss,authority=heuristic-by-category
leg_1343,TV - KRIV Houston,fox26houston.com,https://www.fox26houston.com/feed/,General,3,40,True,US,unclassified,rss,authority=heuristic-by-category
leg_1344,TV - WFLD Chicago,fox32chicago.com,https://www.fox32chicago.com/feed/,General,3,40,True,US,unclassified,rss,authority=heuristic-by-category
leg_1345,TV - WLS Chicago,abc7chicago.com,https://abc7chicago.com/feed/,General,3,40,True,US,unclassified,rss,authority=heuristic-by-category
leg_1346,TV - WMAQ Chicago,nbcchicago.com,https://www.nbcchicago.com/feed/,General,3,40,True,US,unclassified,rss,authority=heuristic-by-category
leg_1347,TV - WBBM Chicago,cbschicago.com,https://www.cbschicago.com/rss/,General,3,40,True,US,unclassified,rss,authority=heuristic-by-category
leg_1348,TV - WXIA Atlanta,11alive.com,https://www.11alive.com/feeds/syndication/rss/news,General,3,40,True,US,unclassified,rss,authority=heuristic-by-category
leg_1349,TV - WGCL Atlanta,cbs46.com,https://www.cbs46.com/rss,General,3,40,True,US,unclassified,rss,authority=heuristic-by-category
leg_1350,TV - WPTV West Palm Beach,wptv.com,https://www.wptv.com/rss,General,3,40,True,US,unclassified,rss,authority=heuristic-by-category
leg_1351,TV - WTSP Tampa,wtsp.com,https://www.wtsp.com/feeds/syndication/rss/news,General,3,40,True,US,unclassified,rss,authority=heuristic-by-category
leg_1352,TV - WKMG Orlando,clickorlando.com,https://www.clickorlando.com/rss,General,3,40,True,US,unclassified,rss,authority=heuristic-by-category
leg_1353,TV - WFTV Orlando,wftv.com,https://www.wftv.com/rss,General,3,40,True,US,unclassified,rss,authority=heuristic-by-category
leg_1354,TV - WSVN Miami,wsvn.com,https://wsvn.com/feed/,General,3,40,True,US,unclassified,rss,authority=heuristic-by-category
leg_1355,TV - WFOR Miami,cbsmiami.com,https://www.cbsmiami.com/rss/,General,3,40,True,US,unclassified,rss,authority=heuristic-by-category
leg_1356,TV - WDIV Detroit,clickondetroit.com,https://www.clickondetroit.com/rss,General,3,40,True,US,unclassified,rss,authority=heuristic-by-category
leg_1357,TV - WWJ Detroit,cbsdetroit.com,https://www.cbsdetroit.com/rss/,General,3,40,True,US,unclassified,rss,authority=heuristic-by-category
leg_1358,TV - KING Seattle,king5.com,https://www.king5.com/feeds/syndication/rss/news,General,3,40,True,US,unclassified,rss,authority=heuristic-by-category
leg_1359,TV - KIRO Seattle,kirotv.com,https://www.kirotv.com/feed/,General,3,40,True,US,unclassified,rss,authority=heuristic-by-category
leg_1360,TV - KGW Portland,kgw.com,https://www.kgw.com/feeds/syndication/rss/news,General,3,40,True,US,unclassified,rss,authority=heuristic-by-category
leg_1361,TV - KATU Portland,katu.com,https://katu.com/feed/,General,3,40,True,US,unclassified,rss,authority=heuristic-by-category
leg_1362,TV - KTVU San Francisco,ktvu.com,https://www.ktvu.com/feed/,General,3,40,True,US,unclassified,rss,authority=heuristic-by-category
leg_1363,TV - KPIX San Francisco,cbsnews.com,https://www.cbsnews.com/sanfrancisco/latest/rss/,General,3,40,True,US,unclassified,rss,authority=heuristic-by-category
leg_1364,TV - KNBC Los Angeles,nbclosangeles.com,https://www.nbclosangeles.com/feed/,General,3,40,True,US,unclassified,rss,authority=heuristic-by-category
leg_1365,TV - KABC Los Angeles,abc7.com,https://abc7.com/feed/,General,3,40,True,US,unclassified,rss,authority=heuristic-by-category
leg_1366,TV - KCAL Los Angeles,cbsnews.com,https://www.cbsnews.com/losangeles/latest/rss/,General,3,40,True,US,unclassified,rss,authority=heuristic-by-category
leg_1367,TV - KFMB San Diego,cbs8.com,https://www.cbs8.com/rss,General,3,40,True,US,unclassified,rss,authority=heuristic-by-category
leg_1368,TV - KNSD San Diego,nbcsandiego.com,https://www.nbcsandiego.com/feed/,General,3,40,True,US,unclassified,rss,authority=heuristic-by-category
leg_1369,TV - WOAI San Antonio,news4sanantonio.com,https://news4sanantonio.com/feed/,General,3,40,True,US,unclassified,rss,authority=heuristic-by-category
leg_1370,TV - KENS San Antonio,kens5.com,https://www.kens5.com/feeds/syndication/rss/news,General,3,40,True,US,unclassified,rss,authority=heuristic-by-category
leg_1371,TV - KOAT Albuquerque,koat.com,https://www.koat.com/rss,General,3,40,True,US,unclassified,rss,authority=heuristic-by-category
leg_1372,TV - KRQE Albuquerque,krqe.com,https://www.krqe.com/feed/,General,3,40,True,US,unclassified,rss,authority=heuristic-by-category
leg_1373,TV - KSL Salt Lake City,ksltv.com,https://ksltv.com/feed/,General,3,40,True,US,unclassified,rss,authority=heuristic-by-category
leg_1374,TV - KUTV Salt Lake City,kutv.com,https://kutv.com/feed/,General,3,40,True,US,unclassified,rss,authority=heuristic-by-category
leg_1375,TV - KTVB Boise,ktvb.com,https://www.ktvb.com/feeds/syndication/rss/news,General,3,40,True,US,unclassified,rss,authority=heuristic-by-category
leg_1376,TV - KREM Spokane,krem.com,https://www.krem.com/feeds/syndication/rss/news,General,3,40,True,US,unclassified,rss,authority=heuristic-by-category
leg_1377,TV - KXLY Spokane,kxly.com,https://www.kxly.com/feed/,General,3,40,True,US,unclassified,rss,authority=heuristic-by-category
leg_1378,TV - WWL New Orleans,wwltv.com,https://www.wwltv.com/feeds/syndication/rss/news,General,3,40,True,US,unclassified,rss,authority=heuristic-by-category
leg_1379,TV - WVUE New Orleans,fox8live.com,https://www.fox8live.com/feed/,General,3,40,True,US,unclassified,rss,authority=heuristic-by-category
leg_1380,TV - WAVE Louisville,wave3.com,https://www.wave3.com/feeds/syndication/rss/news,General,3,40,True,US,unclassified,rss,authority=heuristic-by-category
leg_1381,TV - WLKY Louisville,wlky.com,https://www.wlky.com/rss,General,3,40,True,US,unclassified,rss,authority=heuristic-by-category
leg_1382,TV - WDRB Louisville,wdrb.com,https://www.wdrb.com/rss/,General,3,40,True,US,unclassified,rss,authority=heuristic-by-category
leg_1383,TV - LEX18 Lexington,lex18.com,https://www.lex18.com/feed/,General,3,40,True,US,unclassified,rss,authority=heuristic-by-category
leg_1384,TV - WKYT Lexington,wkyt.com,https://www.wkyt.com/rss,General,3,40,True,US,unclassified,rss,authority=heuristic-by-category
leg_1385,TV - WSMV Nashville,wsmv.com,https://www.wsmv.com/rss,General,3,40,True,US,unclassified,rss,authority=heuristic-by-category
leg_1386,TV - WTVF Nashville,newschannel5.com,https://www.newschannel5.com/feed/,General,3,40,True,US,unclassified,rss,authority=heuristic-by-category
leg_1387,TV - WKRN Nashville,wkrn.com,https://www.wkrn.com/feed/,General,3,40,True,US,unclassified,rss,authority=heuristic-by-category
leg_1388,TV - WREG Memphis,wreg.com,https://wreg.com/feed/,General,3,40,True,US,unclassified,rss,authority=heuristic-by-category
leg_1389,TV - WMC Memphis,wmcactionnews5.com,https://www.wmcactionnews5.com/rss,General,3,40,True,US,unclassified,rss,authority=heuristic-by-category
leg_1390,TV - WHBQ Memphis,fox13memphis.com,https://www.fox13memphis.com/feed/,General,3,40,True,US,unclassified,rss,authority=heuristic-by-category
leg_1391,TV - WATE Knoxville,wate.com,https://www.wate.com/feed/,General,3,40,True,US,unclassified,rss,authority=heuristic-by-category
leg_1392,TV - WVLT Knoxville,wvlt.tv,https://www.wvlt.tv/feed/,General,3,40,True,US,unclassified,rss,authority=heuristic-by-category
leg_1393,TV - WRCB Chattanooga,wrcbtv.com,https://www.wrcbtv.com/feed/,General,3,40,True,US,unclassified,rss,authority=heuristic-by-category
leg_1394,TV - WTVC Chattanooga,newschannel9.com,https://newschannel9.com/feed/,General,3,40,True,US,unclassified,rss,authority=heuristic-by-category
leg_1395,TV - WHNT Huntsville,whnt.com,https://whnt.com/feed/,General,3,40,True,US,unclassified,rss,authority=heuristic-by-category
leg_1396,TV - WAFF Huntsville,waff.com,https://www.waff.com/rss,General,3,40,True,US,unclassified,rss,authority=heuristic-by-category
leg_1397,TV - WIAT Birmingham,wiat.com,https://www.wiat.com/feed/,General,3,40,True,US,unclassified,rss,authority=heuristic-by-category
leg_1398,TV - WBRC Birmingham,wbrc.com,https://www.wbrc.com/rss,General,3,40,True,US,unclassified,rss,authority=heuristic-by-category
leg_1399,TV - WSFA Montgomery,wsfa.com,https://www.wsfa.com/rss,General,3,40,True,US,unclassified,rss,authority=heuristic-by-category
leg_1400,TV - WKRG Mobile,wkrg.com,https://www.wkrg.com/feed/,General,3,40,True,US,unclassified,rss,authority=heuristic-by-category
leg_1401,TV - WALA Mobile,fox10tv.com,https://www.fox10tv.com/feed/,General,3,40,True,US,unclassified,rss,authority=heuristic-by-category
leg_1402,TV - WEAR Pensacola,weartv.com,https://weartv.com/feed/,General,3,40,True,US,unclassified,rss,authority=heuristic-by-category
leg_1403,TV - WJXT Jacksonville,news4jax.com,https://www.news4jax.com/rss,General,3,40,True,US,unclassified,rss,authority=heuristic-by-category
leg_1404,TV - WTLV Jacksonville,firstcoastnews.com,https://www.firstcoastnews.com/feeds/syndication/rss/news,General,3,40,True,US,unclassified,rss,authority=heuristic-by-category
leg_1405,TV - WINK Fort Myers,winknews.com,https://winknews.com/feed/,General,3,40,True,US,unclassified,rss,authority=heuristic-by-category
leg_1406,TV - WCTV Tallahassee,wctv.tv,https://www.wctv.tv/feed/,General,3,40,True,US,unclassified,rss,authority=heuristic-by-category
leg_1407,TV - WSOC Charlotte,wsoctv.com,https://www.wsoctv.com/rss,General,3,40,True,US,unclassified,rss,authority=heuristic-by-category
leg_1408,TV - WBTV Charlotte,wbtv.com,https://www.wbtv.com/rss,General,3,40,True,US,unclassified,rss,authority=heuristic-by-category
leg_1409,TV - WXII Greensboro,wxii12.com,https://www.wxii12.com/rss,General,3,40,True,US,unclassified,rss,authority=heuristic-by-category
leg_1410,TV - WGHP Greensboro,myfox8.com,https://myfox8.com/feed/,General,3,40,True,US,unclassified,rss,authority=heuristic-by-category
leg_1411,TV - WTVD Raleigh,abc11.com,https://abc11.com/feed/,General,3,40,True,US,unclassified,rss,authority=heuristic-by-category
leg_1412,TV - WNCN Raleigh,cbs17.com,https://www.cbs17.com/feed/,General,3,40,True,US,unclassified,rss,authority=heuristic-by-category
leg_1413,TV - WECT Wilmington NC,wect.com,https://www.wect.com/rss,General,3,40,True,US,unclassified,rss,authority=heuristic-by-category
leg_1414,TV - WYFF Greenville SC,wyff4.com,https://www.wyff4.com/rss,General,3,40,True,US,unclassified,rss,authority=heuristic-by-category
leg_1415,TV - WSPA Greenville SC,wspa.com,https://www.wspa.com/feed/,General,3,40,True,US,unclassified,rss,authority=heuristic-by-category
leg_1416,TV - WIS Columbia SC,wistv.com,https://www.wistv.com/rss,General,3,40,True,US,unclassified,rss,authority=heuristic-by-category
leg_1417,TV - WLTX Columbia SC,wltx.com,https://www.wltx.com/feeds/syndication/rss/news,General,3,40,True,US,unclassified,rss,authority=heuristic-by-category
leg_1418,TV - WCSC Charleston SC,live5news.com,https://www.live5news.com/rss,General,3,40,True,US,unclassified,rss,authority=heuristic-by-category
leg_1419,TV - WCBD Charleston SC,counton2.com,https://www.counton2.com/feed/,General,3,40,True,US,unclassified,rss,authority=heuristic-by-category
leg_1420,TV - WSAV Savannah,wsav.com,https://www.wsav.com/feed/,General,3,40,True,US,unclassified,rss,authority=heuristic-by-category
leg_1421,TV - WTOC Savannah,wtoc.com,https://www.wtoc.com/rss,General,3,40,True,US,unclassified,rss,authority=heuristic-by-category
leg_1422,TV - WALB Albany GA,walb.com,https://www.walb.com/rss,General,3,40,True,US,unclassified,rss,authority=heuristic-by-category
leg_1423,TV - WMAZ Macon,13wmaz.com,https://www.13wmaz.com/feeds/syndication/rss/news,General,3,40,True,US,unclassified,rss,authority=heuristic-by-category
leg_1424,TV - WTVM Columbus GA,wtvm.com,https://www.wtvm.com/rss,General,3,40,True,US,unclassified,rss,authority=heuristic-by-category
leg_1425,TV - WMBF Myrtle Beach,wmbfnews.com,https://www.wmbfnews.com/rss,General,3,40,True,US,unclassified,rss,authority=heuristic-by-category
leg_1426,TV - WPDE Myrtle Beach,wpde.com,https://wpde.com/feed/,General,3,40,True,US,unclassified,rss,authority=heuristic-by-category
leg_1427,TV - WVEC Norfolk,13newsnow.com,https://www.13newsnow.com/feeds/syndication/rss/news,General,3,40,True,US,unclassified,rss,authority=heuristic-by-category
leg_1428,TV - WTKR Norfolk,wtkr.com,https://www.wtkr.com/feed/,General,3,40,True,US,unclassified,rss,authority=heuristic-by-category
leg_1429,TV - WRIC Richmond,wric.com,https://www.wric.com/feed/,General,3,40,True,US,unclassified,rss,authority=heuristic-by-category
leg_1430,TV - WTVR Richmond,wtvr.com,https://www.wtvr.com/feed/,General,3,40,True,US,unclassified,rss,authority=heuristic-by-category
leg_1431,TV - WSET Lynchburg,wset.com,https://wset.com/feed/,General,3,40,True,US,unclassified,rss,authority=heuristic-by-category
leg_1432,TV - WSLS Roanoke,wsls.com,https://www.wsls.com/feed/,General,3,40,True,US,unclassified,rss,authority=heuristic-by-category
leg_1433,TV - WDBJ Roanoke,wdbj7.com,https://www.wdbj7.com/feed/,General,3,40,True,US,unclassified,rss,authority=heuristic-by-category
leg_1434,TV - WHSV Harrisonburg,whsv.com,https://www.whsv.com/rss,General,3,40,True,US,unclassified,rss,authority=heuristic-by-category
leg_1435,TV - WUSA Washington DC,wusa9.com,https://www.wusa9.com/feeds/syndication/rss/news,General,3,40,True,US,unclassified,rss,authority=heuristic-by-category
leg_1436,TV - WRC Washington DC,nbcwashington.com,https://www.nbcwashington.com/feed/,General,3,40,True,US,unclassified,rss,authority=heuristic-by-category
leg_1437,TV - WJLA Washington DC,wjla.com,https://wjla.com/feed/,General,3,40,True,US,unclassified,rss,authority=heuristic-by-category
leg_1438,TV - WMAR Baltimore,abc2news.com,https://www.abc2news.com/feed/,General,3,40,True,US,unclassified,rss,authority=heuristic-by-category
leg_1439,TV - WJZ Baltimore,cbsnews.com,https://www.cbsnews.com/baltimore/latest/rss/,General,3,40,True,US,unclassified,rss,authority=heuristic-by-category
leg_1440,TV - WBFF Baltimore,foxbaltimore.com,https://foxbaltimore.com/feed/,General,3,40,True,US,unclassified,rss,authority=heuristic-by-category
leg_1441,TV - WGAL Lancaster PA,wgal.com,https://www.wgal.com/rss,General,3,40,True,US,unclassified,rss,authority=heuristic-by-category
leg_1442,TV - WNEP Scranton,wnep.com,https://www.wnep.com/feeds/syndication/rss/news,General,3,40,True,US,unclassified,rss,authority=heuristic-by-category
leg_1443,TV - WJET Erie PA,yourerie.com,https://www.yourerie.com/feed/,General,3,40,True,US,unclassified,rss,authority=heuristic-by-category
leg_1444,TV - WTAJ Altoona,wearecentralpa.com,https://www.wearecentralpa.com/feed/,General,3,40,True,US,unclassified,rss,authority=heuristic-by-category
leg_1445,TV - WHTM Harrisburg,abc27.com,https://www.abc27.com/feed/,General,3,40,True,US,unclassified,rss,authority=heuristic-by-category
leg_1446,TV - WHP Harrisburg,local21news.com,https://local21news.com/feed/,General,3,40,True,US,unclassified,rss,authority=heuristic-by-category
leg_1447,TV - WCAU Philadelphia,nbcphiladelphia.com,https://www.nbcphiladelphia.com/feed/,General,3,40,True,US,unclassified,rss,authority=heuristic-by-category
leg_1448,TV - WPVI Philadelphia,6abc.com,https://6abc.com/feed/,General,3,40,True,US,unclassified,rss,authority=heuristic-by-category
leg_1449,TV - KYW Philadelphia,cbsnews.com,https://www.cbsnews.com/philadelphia/latest/rss/,General,3,40,True,US,unclassified,rss,authority=heuristic-by-category
leg_1450,TV - WTXF Philadelphia,fox29.com,https://www.fox29.com/feed/,General,3,40,True,US,unclassified,rss,authority=heuristic-by-category
leg_1451,TV - WTAE Pittsburgh,wtae.com,https://www.wtae.com/rss,General,3,40,True,US,unclassified,rss,authority=heuristic-by-category
leg_1452,TV - KDKA Pittsburgh,cbsnews.com,https://www.cbsnews.com/pittsburgh/latest/rss/,General,3,40,True,US,unclassified,rss,authority=heuristic-by-category
leg_1453,TV - WENY Elmira,weny.com,https://www.weny.com/feed/,General,3,40,True,US,unclassified,rss,authority=heuristic-by-category
leg_1454,TV - WSTM Syracuse,cnycentral.com,https://www.cnycentral.com/feed/,General,3,40,True,US,unclassified,rss,authority=heuristic-by-category
leg_1455,TV - WROC Rochester,rochesterfirst.com,https://www.rochesterfirst.com/feed/,General,3,40,True,US,unclassified,rss,authority=heuristic-by-category
leg_1456,TV - WHAM Rochester,13wham.com,https://13wham.com/feed/,General,3,40,True,US,unclassified,rss,authority=heuristic-by-category
leg_1457,TV - WGRZ Buffalo,wgrz.com,https://www.wgrz.com/feeds/syndication/rss/news,General,3,40,True,US,unclassified,rss,authority=heuristic-by-category
leg_1458,TV - WKBW Buffalo,wkbw.com,https://www.wkbw.com/feed/,General,3,40,True,US,unclassified,rss,authority=heuristic-by-category
leg_1459,TV - WIVB Buffalo,wivb.com,https://www.wivb.com/feed/,General,3,40,True,US,unclassified,rss,authority=heuristic-by-category
leg_1460,TV - WPTZ Burlington VT,wptz.com,https://www.wptz.com/rss,General,3,40,True,US,unclassified,rss,authority=heuristic-by-category
leg_1461,TV - WCAX Burlington VT,wcax.com,https://www.wcax.com/rss,General,3,40,True,US,unclassified,rss,authority=heuristic-by-category
leg_1462,TV - WMUR Manchester NH,wmur.com,https://www.wmur.com/rss,General,3,40,True,US,unclassified,rss,authority=heuristic-by-category
leg_1463,TV - WGME Portland ME,wgme.com,https://wgme.com/feed/,General,3,40,True,US,unclassified,rss,authority=heuristic-by-category
leg_1464,TV - WCSH Portland ME,newscentermaine.com,https://www.newscentermaine.com/feeds/syndication/rss/news,General,3,40,True,US,unclassified,rss,authority=heuristic-by-category
leg_1465,TV - WABI Bangor ME,wabi.tv,https://www.wabi.tv/feed/,General,3,40,True,US,unclassified,rss,authority=heuristic-by-category
leg_1466,TV - WHDH Boston,whdh.com,https://www.whdh.com/feed/,General,3,40,True,US,unclassified,rss,authority=heuristic-by-category
leg_1467,TV - WCVB Boston,wcvb.com,https://www.wcvb.com/rss,General,3,40,True,US,unclassified,rss,authority=heuristic-by-category
leg_1468,TV - WJAR Providence,turnto10.com,https://turnto10.com/feed/,General,3,40,True,US,unclassified,rss,authority=heuristic-by-category
leg_1469,TV - WPRI Providence,wpri.com,https://www.wpri.com/feed/,General,3,40,True,US,unclassified,rss,authority=heuristic-by-category
leg_1470,TV - WFSB Hartford,wfsb.com,https://www.wfsb.com/rss,General,3,40,True,US,unclassified,rss,authority=heuristic-by-category
leg_1471,TV - WVIT Hartford,nbcconnecticut.com,https://www.nbcconnecticut.com/feed/,General,3,40,True,US,unclassified,rss,authority=heuristic-by-category
leg_1472,TV - WTNH New Haven,wtnh.com,https://www.wtnh.com/feed/,General,3,40,True,US,unclassified,rss,authority=heuristic-by-category
leg_1473,TV - WTIC Hartford,fox61.com,https://www.fox61.com/feed/,General,3,40,True,US,unclassified,rss,authority=heuristic-by-category
leg_1474,TV - WBOC Salisbury MD,wboc.com,https://www.wboc.com/rss,General,3,40,True,US,unclassified,rss,authority=heuristic-by-category
leg_1475,TV - WKOW Madison WI,wkow.com,https://www.wkow.com/feed/,General,3,40,True,US,unclassified,rss,authority=heuristic-by-category
leg_1476,TV - WSAW Wausau,wsaw.com,https://www.wsaw.com/feed/,General,3,40,True,US,unclassified,rss,authority=heuristic-by-category
leg_1477,TV - WBAY Green Bay,wbay.com,https://www.wbay.com/feed/,General,3,40,True,US,unclassified,rss,authority=heuristic-by-category
leg_1478,TV - WFRV Green Bay,wearegreenbay.com,https://www.wearegreenbay.com/feed/,General,3,40,True,US,unclassified,rss,authority=heuristic-by-category
leg_1479,TV - WISN Milwaukee,wisn.com,https://www.wisn.com/rss,General,3,40,True,US,unclassified,rss,authority=heuristic-by-category
leg_1480,TV - WITI Milwaukee,fox6now.com,https://fox6now.com/feed/,General,3,40,True,US,unclassified,rss,authority=heuristic-by-category
leg_1481,TV - WDIO Duluth,wdio.com,https://www.wdio.com/feed/,General,3,40,True,US,unclassified,rss,authority=heuristic-by-category
leg_1482,TV - KSTP Minneapolis,kstp.com,https://kstp.com/feed/,General,3,40,True,US,unclassified,rss,authority=heuristic-by-category
leg_1483,TV - WCCO Minneapolis,cbsnews.com,https://www.cbsnews.com/minnesota/latest/rss/,General,3,40,True,US,unclassified,rss,authority=heuristic-by-category
leg_1484,TV - KMSP Minneapolis,fox9.com,https://www.fox9.com/feed/,General,3,40,True,US,unclassified,rss,authority=heuristic-by-category
leg_1485,TV - KGAN Cedar Rapids,cbs2iowa.com,https://www.cbs2iowa.com/feed/,General,3,40,True,US,unclassified,rss,authority=heuristic-by-category
leg_1486,TV - KCRG Cedar Rapids,kcrg.com,https://www.kcrg.com/rss,General,3,40,True,US,unclassified,rss,authority=heuristic-by-category
leg_1487,TV - WHO Des Moines,who13.com,https://who13.com/feed/,General,3,40,True,US,unclassified,rss,authority=heuristic-by-category
leg_1488,TV - KCCI Des Moines,kcci.com,https://www.kcci.com/rss,General,3,40,True,US,unclassified,rss,authority=heuristic-by-category
leg_1489,TV - KTIV Sioux City,ktiv.com,https://www.ktiv.com/feed/,General,3,40,True,US,unclassified,rss,authority=heuristic-by-category
leg_1490,TV - KMTV Omaha,3newsnow.com,https://www.3newsnow.com/feed/,General,3,40,True,US,unclassified,rss,authority=heuristic-by-category
leg_1491,TV - KETV Omaha,ketv.com,https://www.ketv.com/rss,General,3,40,True,US,unclassified,rss,authority=heuristic-by-category
leg_1492,TV - WOWT Omaha,wowt.com,https://www.wowt.com/feed/,General,3,40,True,US,unclassified,rss,authority=heuristic-by-category
leg_1493,TV - KOLN Lincoln,1011now.com,https://www.1011now.com/feed/,General,3,40,True,US,unclassified,rss,authority=heuristic-by-category
leg_1494,TV - KSNW Wichita,ksn.com,https://www.ksn.com/feed/,General,3,40,True,US,unclassified,rss,authority=heuristic-by-category
leg_1495,TV - KWCH Wichita,kwch.com,https://www.kwch.com/feed/,General,3,40,True,US,unclassified,rss,authority=heuristic-by-category
leg_1496,TV - KFOR Oklahoma City,kfor.com,https://kfor.com/feed/,General,3,40,True,US,unclassified,rss,authority=heuristic-by-category
leg_1497,TV - KOCO Oklahoma City,koco.com,https://www.koco.com/rss,General,3,40,True,US,unclassified,rss,authority=heuristic-by-category
leg_1498,TV - KOKH Oklahoma City,fox25.com,https://www.fox25.com/feed/,General,3,40,True,US,unclassified,rss,authority=heuristic-by-category
leg_1499,TV - KJRH Tulsa,kjrh.com,https://www.kjrh.com/feed/,General,3,40,True,US,unclassified,rss,authority=heuristic-by-category
leg_1500,TV - KTUL Tulsa,ktul.com,https://ktul.com/feed/,General,3,40,True,US,unclassified,rss,authority=heuristic-by-category
leg_1501,TV - KCTV Kansas City,kctv5.com,https://www.kctv5.com/rss,General,3,40,True,US,unclassified,rss,authority=heuristic-by-category
leg_1502,TV - KMBC Kansas City,kmbc.com,https://www.kmbc.com/rss,General,3,40,True,US,unclassified,rss,authority=heuristic-by-category
leg_1503,TV - KSHB Kansas City,kshb.com,https://www.kshb.com/feed/,General,3,40,True,US,unclassified,rss,authority=heuristic-by-category
leg_1504,TV - KSDK St Louis,ksdk.com,https://www.ksdk.com/feeds/syndication/rss/news,General,3,40,True,US,unclassified,rss,authority=heuristic-by-category
leg_1505,TV - KMOV St Louis,kmov.com,https://www.kmov.com/rss,General,3,40,True,US,unclassified,rss,authority=heuristic-by-category
leg_1506,TV - KTVI St Louis,fox2now.com,https://fox2now.com/feed/,General,3,40,True,US,unclassified,rss,authority=heuristic-by-category
leg_1507,TV - KARK Little Rock,kark.com,https://www.kark.com/feed/,General,3,40,True,US,unclassified,rss,authority=heuristic-by-category
leg_1508,TV - KATV Little Rock,katv.com,https://katv.com/feed/,General,3,40,True,US,unclassified,rss,authority=heuristic-by-category
leg_1509,TV - KSLA Shreveport,ksla.com,https://www.ksla.com/rss,General,3,40,True,US,unclassified,rss,authority=heuristic-by-category
leg_1510,TV - KLFY Lafayette LA,klfy.com,https://www.klfy.com/feed/,General,3,40,True,US,unclassified,rss,authority=heuristic-by-category
leg_1511,TV - WAFB Baton Rouge,wafb.com,https://www.wafb.com/rss,General,3,40,True,US,unclassified,rss,authority=heuristic-by-category
leg_1512,TV - KLTV Tyler TX,kltv.com,https://www.kltv.com/rss,General,3,40,True,US,unclassified,rss,authority=heuristic-by-category
leg_1513,TV - KTRK Houston,abc13.com,https://abc13.com/feed/,General,3,40,True,US,unclassified,rss,authority=heuristic-by-category
leg_1514,TV - KABB San Antonio,foxsanantonio.com,https://www.foxsanantonio.com/feed/,General,3,40,True,US,unclassified,rss,authority=heuristic-by-category
leg_1515,TV - KIII Corpus Christi,kiiitv.com,https://www.kiiitv.com/feed/,General,3,40,True,US,unclassified,rss,authority=heuristic-by-category
leg_1516,TV - KDBC El Paso,kdbc.com,https://www.kdbc.com/feed/,General,3,40,True,US,unclassified,rss,authority=heuristic-by-category
leg_1517,TV - KFOX El Paso,kfoxtv.com,https://kfoxtv.com/feed/,General,3,40,True,US,unclassified,rss,authority=heuristic-by-category
leg_1518,TV - KVIA El Paso,kvia.com,https://www.kvia.com/feed/,General,3,40,True,US,unclassified,rss,authority=heuristic-by-category
leg_1519,TV - KWES Midland TX,newswest9.com,https://www.newswest9.com/feed/,General,3,40,True,US,unclassified,rss,authority=heuristic-by-category
leg_1520,TV - KAMC Lubbock,everythinglubbock.com,https://www.everythinglubbock.com/feed/,General,3,40,True,US,unclassified,rss,authority=heuristic-by-category
leg_1521,TV - KCBD Lubbock,kcbd.com,https://www.kcbd.com/rss,General,3,40,True,US,unclassified,rss,authority=heuristic-by-category
leg_1522,TV - KAMR Amarillo,myhighplains.com,https://www.myhighplains.com/feed/,General,3,40,True,US,unclassified,rss,authority=heuristic-by-category
leg_1523,TV - KXXV Waco,kxxv.com,https://www.kxxv.com/feed/,General,3,40,True,US,unclassified,rss,authority=heuristic-by-category
leg_1524,TV - KWTX Waco,kwtx.com,https://www.kwtx.com/rss,General,3,40,True,US,unclassified,rss,authority=heuristic-by-category
leg_1525,TV - KDFW Dallas,fox4news.com,https://www.fox4news.com/feed/,General,3,40,True,US,unclassified,rss,authority=heuristic-by-category
leg_1526,TV - KERA Dallas,keranews.org,https://www.keranews.org/rss,General,3,40,True,US,unclassified,rss,authority=heuristic-by-category
leg_1527,TV - KOVR Sacramento,cbsnews.com,https://www.cbsnews.com/sacramento/latest/rss/,General,3,40,True,US,unclassified,rss,authority=heuristic-by-category
leg_1528,TV - KXTV Sacramento,abc10.com,https://www.abc10.com/feeds/syndication/rss/news,General,3,40,True,US,unclassified,rss,authority=heuristic-by-category
leg_1529,TV - KFSN Fresno,abc30.com,https://abc30.com/feed/,General,3,40,True,US,unclassified,rss,authority=heuristic-by-category
leg_1530,TV - KSEE Fresno,yourcentralvalley.com,https://www.yourcentralvalley.com/feed/,General,3,40,True,US,unclassified,rss,authority=heuristic-by-category
leg_1531,TV - KGET Bakersfield,kget.com,https://www.kget.com/feed/,General,3,40,True,US,unclassified,rss,authority=heuristic-by-category
leg_1532,TV - KEYT Santa Barbara,keyt.com,https://www.keyt.com/feed/,General,3,40,True,US,unclassified,rss,authority=heuristic-by-category
leg_1533,TV - KSBY San Luis Obispo,ksby.com,https://www.ksby.com/feed/,General,3,40,True,US,unclassified,rss,authority=heuristic-by-category
leg_1534,TV - KNTV San Jose,nbcbayarea.com,https://www.nbcbayarea.com/feed/,General,3,40,True,US,unclassified,rss,authority=heuristic-by-category
leg_1535,TV - KDVR Denver,kdvr.com,https://kdvr.com/feed/,General,3,40,True,US,unclassified,rss,authority=heuristic-by-category
leg_1536,TV - KCNC Denver,cbsnews.com,https://www.cbsnews.com/colorado/latest/rss/,General,3,40,True,US,unclassified,rss,authority=heuristic-by-category
leg_1537,TV - KOAA Colorado Springs,koaa.com,https://www.koaa.com/rss,General,3,40,True,US,unclassified,rss,authority=heuristic-by-category
leg_1538,TV - KKTV Colorado Springs,kktv.com,https://www.kktv.com/feed/,General,3,40,True,US,unclassified,rss,authority=heuristic-by-category
leg_1539,TV - KRDO Colorado Springs,krdo.com,https://krdo.com/feed/,General,3,40,True,US,unclassified,rss,authority=heuristic-by-category
leg_1540,TV - KCWY Casper WY,kcwy13.com,https://www.kcwy13.com/feed/,General,3,40,True,US,unclassified,rss,authority=heuristic-by-category
leg_1541,TV - KGWN Cheyenne WY,kgwn.tv,https://www.kgwn.tv/feed/,General,3,40,True,US,unclassified,rss,authority=heuristic-by-category
leg_1542,TV - KULR Billings MT,kulr8.com,https://www.kulr8.com/feed/,General,3,40,True,US,unclassified,rss,authority=heuristic-by-category
leg_1543,TV - KTVQ Billings MT,ktvq.com,https://www.ktvq.com/feed/,General,3,40,True,US,unclassified,rss,authority=heuristic-by-category
leg_1544,TV - KPAX Missoula MT,kpax.com,https://www.kpax.com/feed/,General,3,40,True,US,unclassified,rss,authority=heuristic-by-category
leg_1545,TV - KECI Missoula MT,nbcmontana.com,https://nbcmontana.com/feed/,General,3,40,True,US,unclassified,rss,authority=heuristic-by-category
leg_1546,TV - KBZK Bozeman MT,kbzk.com,https://www.kbzk.com/feed/,General,3,40,True,US,unclassified,rss,authority=heuristic-by-category
leg_1547,TV - KOLO Reno,kolotv.com,https://www.kolotv.com/rss,General,3,40,True,US,unclassified,rss,authority=heuristic-by-category
leg_1548,TV - KRNV Reno,mynews4.com,https://www.mynews4.com/feed/,General,3,40,True,US,unclassified,rss,authority=heuristic-by-category
leg_1549,TV - KVVU Las Vegas,fox5vegas.com,https://www.fox5vegas.com/feed/,General,3,40,True,US,unclassified,rss,authority=heuristic-by-category
leg_1550,TV - KSNV Las Vegas,news3lv.com,https://news3lv.com/feed/,General,3,40,True,US,unclassified,rss,authority=heuristic-by-category
leg_1551,TV - KLAS Las Vegas,8newsnow.com,https://www.8newsnow.com/feed/,General,3,40,True,US,unclassified,rss,authority=heuristic-by-category
leg_1552,TV - KITV Honolulu,kitv.com,https://www.kitv.com/rss,General,3,40,True,US,unclassified,rss,authority=heuristic-by-category
leg_1553,TV - KHON Honolulu,khon2.com,https://www.khon2.com/feed/,General,3,40,True,US,unclassified,rss,authority=heuristic-by-category
leg_1554,TV - KTUU Anchorage,ktuu.com,https://www.ktuu.com/rss,General,3,40,True,US,unclassified,rss,authority=heuristic-by-category
leg_1555,TV - KATH Anchorage,alaskasnewssource.com,https://www.alaskasnewssource.com/feed/,General,3,40,True,US,unclassified,rss,authority=heuristic-by-category
leg_1556,TV - KVLY Fargo,valleynewslive.com,https://www.valleynewslive.com/feed/,General,3,40,True,US,unclassified,rss,authority=heuristic-by-category
leg_1557,TV - KFYR Bismarck,kfyrtv.com,https://www.kfyrtv.com/feed/,General,3,40,True,US,unclassified,rss,authority=heuristic-by-category
leg_1558,TV - KXMB Bismarck,kxnet.com,https://www.kxnet.com/feed/,General,3,40,True,US,unclassified,rss,authority=heuristic-by-category
leg_1559,TV - KOTA Rapid City SD,kotatv.com,https://www.kotatv.com/feed/,General,3,40,True,US,unclassified,rss,authority=heuristic-by-category
leg_1560,TV - KDLT Sioux Falls SD,kdlt.com,https://www.kdlt.com/feed/,General,3,40,True,US,unclassified,rss,authority=heuristic-by-category
leg_1561,TV - WLNS Lansing MI,wlns.com,https://www.wlns.com/feed/,General,3,40,True,US,unclassified,rss,authority=heuristic-by-category
leg_1562,TV - WOOD Grand Rapids,woodtv.com,https://www.woodtv.com/feed/,General,3,40,True,US,unclassified,rss,authority=heuristic-by-category
leg_1563,TV - WZZM Grand Rapids,wzzm13.com,https://www.wzzm13.com/feeds/syndication/rss/news,General,3,40,True,US,unclassified,rss,authority=heuristic-by-category
leg_1564,TV - WTOL Toledo,wtol.com,https://www.wtol.com/feeds/syndication/rss/news,General,3,40,True,US,unclassified,rss,authority=heuristic-by-category
leg_1565,TV - WTVG Toledo,13abc.com,https://13abc.com/feed/,General,3,40,True,US,unclassified,rss,authority=heuristic-by-category
leg_1566,TV - WKYC Cleveland,wkyc.com,https://www.wkyc.com/feeds/syndication/rss/news,General,3,40,True,US,unclassified,rss,authority=heuristic-by-category
leg_1567,TV - WJW Cleveland,fox8.com,https://fox8.com/feed/,General,3,40,True,US,unclassified,rss,authority=heuristic-by-category
leg_1568,TV - WKBN Youngstown,wkbn.com,https://www.wkbn.com/feed/,General,3,40,True,US,unclassified,rss,authority=heuristic-by-category
leg_1569,TV - WFMJ Youngstown,wfmj.com,https://www.wfmj.com/feed/,General,3,40,True,US,unclassified,rss,authority=heuristic-by-category
leg_1570,TV - WSYX Columbus,abc6onyourside.com,https://www.abc6onyourside.com/feed/,General,3,40,True,US,unclassified,rss,authority=heuristic-by-category
leg_1571,TV - WCMH Columbus,nbc4i.com,https://www.nbc4i.com/feed/,General,3,40,True,US,unclassified,rss,authority=heuristic-by-category
leg_1572,TV - WBNS Columbus,10tv.com,https://www.10tv.com/feeds/syndication/rss/news,General,3,40,True,US,unclassified,rss,authority=heuristic-by-category
leg_1573,TV - WXIX Cincinnati,fox19.com,https://www.fox19.com/feed/,General,3,40,True,US,unclassified,rss,authority=heuristic-by-category
leg_1574,TV - WCPO Cincinnati,wcpo.com,https://www.wcpo.com/rss,General,3,40,True,US,unclassified,rss,authority=heuristic-by-category
leg_1575,TV - WKRC Cincinnati,local12.com,https://local12.com/feed/,General,3,40,True,US,unclassified,rss,authority=heuristic-by-category
leg_1576,TV - WRTV Indianapolis,theindychannel.com,https://www.theindychannel.com/rss,General,3,40,True,US,unclassified,rss,authority=heuristic-by-category
leg_1577,TV - WISH Indianapolis,wishtv.com,https://www.wishtv.com/feed/,General,3,40,True,US,unclassified,rss,authority=heuristic-by-category
leg_1578,TV - WXIN Indianapolis,fox59.com,https://fox59.com/feed/,General,3,40,True,US,unclassified,rss,authority=heuristic-by-category
leg_1579,TV - WNDU South Bend,wndu.com,https://www.wndu.com/rss,General,3,40,True,US,unclassified,rss,authority=heuristic-by-category
leg_1580,TV - WSBT South Bend,wsbt.com,https://www.wsbt.com/feed/,General,3,40,True,US,unclassified,rss,authority=heuristic-by-category
leg_1581,TV - WANE Fort Wayne,wane.com,https://www.wane.com/feed/,General,3,40,True,US,unclassified,rss,authority=heuristic-by-category
leg_1582,TV - WEHT Evansville,tristatehomepage.com,https://www.tristatehomepage.com/feed/,General,3,40,True,US,unclassified,rss,authority=heuristic-by-category
leg_1583,Radio - WHYY Philadelphia,whyy.org,https://whyy.org/feed/,General,3,40,True,US,unclassified,rss,authority=heuristic-by-category
leg_1584,Radio - WGBH Boston,wgbh.org,https://www.wgbh.org/news/rss,General,3,40,True,US,unclassified,rss,authority=heuristic-by-category
leg_1585,Radio - WVXU Cincinnati,wvxu.org,https://www.wvxu.org/rss,General,3,40,True,US,unclassified,rss,authority=heuristic-by-category
leg_1586,Radio - WCPN Cleveland,ideastream.org,https://www.ideastream.org/rss,General,3,40,True,US,unclassified,rss,authority=heuristic-by-category
leg_1587,Radio - WMFE Orlando,wmfe.org,https://www.wmfe.org/feed/,General,3,40,True,US,unclassified,rss,authority=heuristic-by-category
leg_1588,Radio - WLRN Miami,wlrn.org,https://www.wlrn.org/rss,General,3,40,True,US,unclassified,rss,authority=heuristic-by-category
leg_1589,Radio - WJCT Jacksonville,wjct.org,https://www.wjct.org/feed/,General,3,40,True,US,unclassified,rss,authority=heuristic-by-category
leg_1590,Radio - WFSU Tallahassee,news.wfsu.org,https://news.wfsu.org/rss,General,3,40,True,US,unclassified,rss,authority=heuristic-by-category
leg_1591,Radio - WGCU Fort Myers,news.wgcu.org,https://news.wgcu.org/rss,General,3,40,True,US,unclassified,rss,authority=heuristic-by-category
leg_1592,Radio - WBFO Buffalo,wbfo.org,https://www.wbfo.org/feed/,General,3,40,True,US,unclassified,rss,authority=heuristic-by-category
leg_1593,Radio - WMHT Albany,wmht.org,https://www.wmht.org/feed/,General,3,40,True,US,unclassified,rss,authority=heuristic-by-category
leg_1594,Radio - WRVO Syracuse,wrvo.org,https://www.wrvo.org/rss,General,3,40,True,US,unclassified,rss,authority=heuristic-by-category
leg_1595,Radio - WXXI Rochester,wxxi.org,https://www.wxxi.org/rss,General,3,40,True,US,unclassified,rss,authority=heuristic-by-category
leg_1596,Radio - WAMC Albany,wamc.org,https://www.wamc.org/rss,General,3,40,True,US,unclassified,rss,authority=heuristic-by-category
leg_1597,Radio - WUNC Chapel Hill,wunc.org,https://www.wunc.org/rss,General,3,40,True,US,unclassified,rss,authority=heuristic-by-category
leg_1598,Radio - WFAE Charlotte,wfae.org,https://www.wfae.org/rss,General,3,40,True,US,unclassified,rss,authority=heuristic-by-category
leg_1599,Radio - WFDD Winston-Salem,wfdd.org,https://www.wfdd.org/rss,General,3,40,True,US,unclassified,rss,authority=heuristic-by-category
leg_1600,Radio - KPLU Tacoma,knkx.org,https://www.knkx.org/rss,General,3,40,True,US,unclassified,rss,authority=heuristic-by-category
leg_1601,Radio - KOSU Oklahoma City,kosu.org,https://www.kosu.org/rss,General,3,40,True,US,unclassified,rss,authority=heuristic-by-category
leg_1602,Radio - KWGS Tulsa,publicradiotulsa.org,https://www.publicradiotulsa.org/rss,General,3,40,True,US,unclassified,rss,authority=heuristic-by-category
leg_1603,Radio - KUT Austin,kut.org,https://www.kut.org/rss,General,3,40,True,US,unclassified,rss,authority=heuristic-by-category
leg_1604,Radio - Houston Public Media,houstonpublicmedia.org,https://www.houstonpublicmedia.org/feed/,General,3,40,True,US,unclassified,rss,authority=heuristic-by-category
leg_1605,Radio - KSTX San Antonio,tpr.org,https://tpr.org/feed/,General,3,40,True,US,unclassified,rss,authority=heuristic-by-category
leg_1606,Radio - KNAU Flagstaff,knau.org,https://www.knau.org/rss,General,3,40,True,US,unclassified,rss,authority=heuristic-by-category
leg_1607,Radio - KCRW Santa Monica,kcrw.com,https://www.kcrw.com/rss,General,3,40,True,US,unclassified,rss,authority=heuristic-by-category
leg_1608,Radio - KVPR Fresno,kvpr.org,https://www.kvpr.org/rss,General,3,40,True,US,unclassified,rss,authority=heuristic-by-category
leg_1609,Radio - Capital Public Radio,capradio.org,https://www.capradio.org/rss,General,3,40,True,US,unclassified,rss,authority=heuristic-by-category
leg_1610,Radio - Colorado Public Radio,cpr.org,https://www.cpr.org/feed/,General,3,40,True,US,unclassified,rss,authority=heuristic-by-category
leg_1611,Radio - KUNC Greeley CO,kunc.org,https://www.kunc.org/rss,General,3,40,True,US,unclassified,rss,authority=heuristic-by-category
leg_1612,Radio - KRCC Colorado Springs,krcc.org,https://www.krcc.org/rss,General,3,40,True,US,unclassified,rss,authority=heuristic-by-category
leg_1613,Radio - Nevada Public Radio,nevadapublicradio.org,https://www.nevadapublicradio.org/rss,General,3,40,True,US,unclassified,rss,authority=heuristic-by-category
leg_1614,Radio - Michigan Radio,michiganradio.org,https://www.michiganradio.org/rss,General,3,40,True,US,unclassified,rss,authority=heuristic-by-category
leg_1615,Radio - WEMU Ypsilanti MI,wemu.org,https://www.wemu.org/rss,General,3,40,True,US,unclassified,rss,authority=heuristic-by-category
leg_1616,Radio - WMUK Kalamazoo,wmuk.org,https://www.wmuk.org/rss,General,3,40,True,US,unclassified,rss,authority=heuristic-by-category
leg_1617,Radio - WGVU Grand Rapids,wgvu.org,https://www.wgvu.org/rss,General,3,40,True,US,unclassified,rss,authority=heuristic-by-category
leg_1618,Radio - WGTE Toledo,wgte.org,https://www.wgte.org/rss,General,3,40,True,US,unclassified,rss,authority=heuristic-by-category
leg_1619,Radio - WYSU Youngstown,wysu.org,https://www.wysu.org/rss,General,3,40,True,US,unclassified,rss,authority=heuristic-by-category
leg_1620,Radio - WKNO Memphis,wkno.org,https://www.wkno.org/rss,General,3,40,True,US,unclassified,rss,authority=heuristic-by-category
leg_1621,Radio - WUOT Knoxville,wuot.org,https://wuot.org/rss,General,3,40,True,US,unclassified,rss,authority=heuristic-by-category
leg_1622,Radio - WUTC Chattanooga,wutc.org,https://www.wutc.org/rss,General,3,40,True,US,unclassified,rss,authority=heuristic-by-category
leg_1623,Radio - Wisconsin Public Radio,wpr.org,https://www.wpr.org/feed/,General,3,40,True,US,unclassified,rss,authority=heuristic-by-category
leg_1624,Radio - Minnesota Public Radio,mprnews.org,https://www.mprnews.org/rss,General,3,40,True,US,unclassified,rss,authority=heuristic-by-category
leg_1625,Radio - St Louis Public Radio,news.stlpublicradio.org,https://news.stlpublicradio.org/rss,General,3,40,True,US,unclassified,rss,authority=heuristic-by-category
leg_1626,Radio - KCPT Kansas City,kcpt.org,https://kcpt.org/feed/,General,3,40,True,US,unclassified,rss,authority=heuristic-by-category
leg_1627,Radio - KMUW Wichita,kmuw.org,https://www.kmuw.org/rss,General,3,40,True,US,unclassified,rss,authority=heuristic-by-category
leg_1628,Radio - KVNO Omaha,kvno.org,https://www.kvno.org/rss,General,3,40,True,US,unclassified,rss,authority=heuristic-by-category
leg_1629,Radio - GPB Georgia,gpb.org,https://www.gpb.org/news/rss,General,3,40,True,US,unclassified,rss,authority=heuristic-by-category
leg_1630,Radio - WABE Atlanta,wabe.org,https://www.wabe.org/rss,General,3,40,True,US,unclassified,rss,authority=heuristic-by-category
leg_1631,Radio - South Carolina Public,southcarolinapublicradio.org,https://www.southcarolinapublicradio.org/rss,General,3,40,True,US,unclassified,rss,authority=heuristic-by-category
leg_1632,Radio - WNCW Spindale NC,wncw.org,https://www.wncw.org/rss,General,3,40,True,US,unclassified,rss,authority=heuristic-by-category
leg_1633,Radio - VPR Vermont,vpr.org,https://www.vpr.org/rss,General,3,40,True,US,unclassified,rss,authority=heuristic-by-category
leg_1634,Radio - NHPR Concord,nhpr.org,https://www.nhpr.org/rss,General,3,40,True,US,unclassified,rss,authority=heuristic-by-category
leg_1635,Radio - Maine Public,mainepublic.org,https://www.mainepublic.org/rss,General,3,40,True,US,unclassified,rss,authority=heuristic-by-category
leg_1636,Radio - Connecticut Public,ctpublic.org,https://www.ctpublic.org/rss,General,3,40,True,US,unclassified,rss,authority=heuristic-by-category
leg_1637,Radio - WYPR Baltimore,wypr.org,https://www.wypr.org/rss,General,3,40,True,US,unclassified,rss,authority=heuristic-by-category
leg_1638,Radio - WITF Harrisburg,witf.org,https://www.witf.org/rss,General,3,40,True,US,unclassified,rss,authority=heuristic-by-category
leg_1639,Radio - WVIA Scranton,wvia.org,https://www.wvia.org/rss,General,3,40,True,US,unclassified,rss,authority=heuristic-by-category
leg_1640,Radio - WQED Pittsburgh,wqed.org,https://www.wqed.org/rss,General,3,40,True,US,unclassified,rss,authority=heuristic-by-category
leg_1641,Radio - Hawaii Public Radio,hawaiipublicradio.org,https://www.hawaiipublicradio.org/rss,General,3,40,True,US,unclassified,rss,authority=heuristic-by-category
leg_1642,Radio - South Dakota Public,sdpb.org,https://www.sdpb.org/rss,General,3,40,True,US,unclassified,rss,authority=heuristic-by-category
leg_1643,National - The Dispatch,thedispatch.com,https://thedispatch.com/feed/,General,3,40,True,US,unclassified,rss,authority=heuristic-by-category
leg_1644,National - The Bulwark,thebulwark.com,https://www.thebulwark.com/feed/,General,3,40,True,US,unclassified,rss,authority=heuristic-by-category
leg_1645,National - National Review,nationalreview.com,https://www.nationalreview.com/feed/,General,3,40,True,US,unclassified,rss,authority=heuristic-by-category
leg_1646,National - Washington Examiner,washingtonexaminer.com,https://www.washingtonexaminer.com/rss,General,3,40,True,US,unclassified,rss,authority=heuristic-by-category
leg_1647,National - Daily Caller,dailycaller.com,https://dailycaller.com/feed/,General,3,40,True,US,unclassified,rss,authority=heuristic-by-category
leg_1648,National - The Free Press,thefp.com,https://www.thefp.com/feed,General,3,40,True,US,unclassified,rss,authority=heuristic-by-category
leg_1649,National - Semafor,semafor.com,https://www.semafor.com/feed,General,3,40,True,US,unclassified,rss,authority=heuristic-by-category
leg_1650,National - Grid News,grid.news,https://www.grid.news/feed/,General,3,40,True,US,unclassified,rss,authority=heuristic-by-category
leg_1651,National - The 19th News,19thnews.org,https://19thnews.org/feed/,General,3,40,True,US,unclassified,rss,authority=heuristic-by-category
leg_1652,National - Capital B News,capitalbnews.org,https://capitalbnews.org/feed/,General,3,40,True,US,unclassified,rss,authority=heuristic-by-category
leg_1653,National - Word in Black,wordinblack.com,https://wordinblack.com/feed/,General,3,40,True,US,unclassified,rss,authority=heuristic-by-category
leg_1654,National - The Appeal,theappeal.org,https://theappeal.org/feed/,General,3,40,True,US,unclassified,rss,authority=heuristic-by-category
leg_1655,National - Courthouse News,courthousenews.com,https://www.courthousenews.com/feed/,General,3,40,True,US,unclassified,rss,authority=heuristic-by-category
leg_1656,National - Rand Corporation,rand.org,https://www.rand.org/rss/rss_all.xml,General,3,40,True,US,unclassified,rss,authority=heuristic-by-category
leg_1657,National - Urban Institute,urban.org,https://www.urban.org/rss,General,3,40,True,US,unclassified,rss,authority=heuristic-by-category
leg_1658,National - Next Century Cities,nextcenturycities.org,https://nextcenturycities.org/feed/,General,3,40,True,US,unclassified,rss,authority=heuristic-by-category
leg_1659,National - Open Tech Institute,feed.newamerica.org,https://feed.newamerica.org/oti,General,3,40,True,US,unclassified,rss,authority=heuristic-by-category
leg_1660,Biz - Memphis Business Jrnl,bizjournals.com,https://www.bizjournals.com/memphis/feed/latest/,General,3,40,True,US,unclassified,rss,authority=heuristic-by-category
leg_1661,Biz - Raleigh Business Jrnl,bizjournals.com,https://www.bizjournals.com/triangle/feed/latest/,General,3,40,True,US,unclassified,rss,authority=heuristic-by-category
leg_1662,Biz - Triad Business Jrnl,bizjournals.com,https://www.bizjournals.com/triad/feed/latest/,General,3,40,True,US,unclassified,rss,authority=heuristic-by-category
leg_1663,Biz - Birmingham Business Jrnl,bizjournals.com,https://www.bizjournals.com/birmingham/feed/latest/,General,3,40,True,US,unclassified,rss,authority=heuristic-by-category
leg_1664,Biz - Louisville Business Jrnl,bizjournals.com,https://www.bizjournals.com/louisville/feed/latest/,General,3,40,True,US,unclassified,rss,authority=heuristic-by-category
leg_1665,Biz - Albany Business Review,bizjournals.com,https://www.bizjournals.com/albany/feed/latest/,General,3,40,True,US,unclassified,rss,authority=heuristic-by-category
leg_1666,Biz - Buffalo Business Jrnl,bizjournals.com,https://www.bizjournals.com/buffalo/feed/latest/,General,3,40,True,US,unclassified,rss,authority=heuristic-by-category
leg_1667,Biz - Hartford Business Jrnl,bizjournals.com,https://www.bizjournals.com/hartford/feed/latest/,General,3,40,True,US,unclassified,rss,authority=heuristic-by-category
leg_1668,Biz - Providence Business News,bizjournals.com,https://www.bizjournals.com/providence/feed/latest/,General,3,40,True,US,unclassified,rss,authority=heuristic-by-category
leg_1669,Biz - Albuquerque Business Jrnl,bizjournals.com,https://www.bizjournals.com/albuquerque/feed/latest/,General,3,40,True,US,unclassified,rss,authority=heuristic-by-category
leg_1670,Biz - Phoenix Business Jrnl,bizjournals.com,https://www.bizjournals.com/phoenix/feed/latest/,General,3,40,True,US,unclassified,rss,authority=heuristic-by-category
leg_1671,Biz - Sacramento Business Jrnl,bizjournals.com,https://www.bizjournals.com/sacramento/feed/latest/,General,3,40,True,US,unclassified,rss,authority=heuristic-by-category
leg_1672,Biz - SF Bay Area Biz Times,bizjournals.com,https://www.bizjournals.com/sanfrancisco/feed/latest/,General,3,40,True,US,unclassified,rss,authority=heuristic-by-category
leg_1673,Biz - Silicon Valley Biz Jrnl,bizjournals.com,https://www.bizjournals.com/sanjose/feed/latest/,General,3,40,True,US,unclassified,rss,authority=heuristic-by-category
leg_1674,Biz - Los Angeles Biz Jrnl,bizjournals.com,https://www.bizjournals.com/losangeles/feed/latest/,General,3,40,True,US,unclassified,rss,authority=heuristic-by-category
leg_1675,Biz - San Diego Biz Jrnl,bizjournals.com,https://www.bizjournals.com/sandiego/feed/latest/,General,3,40,True,US,unclassified,rss,authority=heuristic-by-category
leg_1676,Biz - Wichita Biz Jrnl,bizjournals.com,https://www.bizjournals.com/wichita/feed/latest/,General,3,40,True,US,unclassified,rss,authority=heuristic-by-category
leg_1677,Biz - Oklahoma City Biz Jrnl,bizjournals.com,https://www.bizjournals.com/oklahomacity/feed/latest/,General,3,40,True,US,unclassified,rss,authority=heuristic-by-category
leg_1678,Biz - Tulsa Biz Jrnl,bizjournals.com,https://www.bizjournals.com/tulsa/feed/latest/,General,3,40,True,US,unclassified,rss,authority=heuristic-by-category
leg_1679,Biz - Omaha Biz Jrnl,bizjournals.com,https://www.bizjournals.com/omaha/feed/latest/,General,3,40,True,US,unclassified,rss,authority=heuristic-by-category
leg_1680,Biz - Des Moines Biz Jrnl,bizjournals.com,https://www.bizjournals.com/desmoines/feed/latest/,General,3,40,True,US,unclassified,rss,authority=heuristic-by-category
leg_1681,Biz - Dayton Biz Jrnl,bizjournals.com,https://www.bizjournals.com/dayton/feed/latest/,General,3,40,True,US,unclassified,rss,authority=heuristic-by-category
leg_1682,Biz - Honolulu Biz Jrnl,bizjournals.com,https://www.bizjournals.com/pacific/feed/latest/,General,3,40,True,US,unclassified,rss,authority=heuristic-by-category
leg_1683,Biz - Boise Biz Jrnl,bizjournals.com,https://www.bizjournals.com/boise/feed/latest/,General,3,40,True,US,unclassified,rss,authority=heuristic-by-category
leg_1684,Biz - Spokane Biz Jrnl,bizjournals.com,https://www.bizjournals.com/spokane/feed/latest/,General,3,40,True,US,unclassified,rss,authority=heuristic-by-category
leg_1685,Google News - FCC General,news.google.com,https://news.google.com/rss/search?q=FCC+federal+communications+commission&hl=en-US&gl=US&ceid=US:en,General,3,40,True,US,unclassified,rss,authority=heuristic-by-category
leg_1686,Space Policy Institute,spacepolicy.gwu.edu,https://spacepolicy.gwu.edu/feed/,General,3,40,True,US,unclassified,rss,authority=heuristic-by-category
leg_1687,Payload Space,payloadspace.com,https://payloadspace.com/feed/,General,3,40,True,US,unclassified,rss,authority=heuristic-by-category
leg_1688,Space Intel Report,spaceintelreport.com,https://www.spaceintelreport.com/feed/,General,3,40,True,US,unclassified,rss,authority=heuristic-by-category
leg_1689,NASASpaceFlight,nasaspaceflight.com,https://www.nasaspaceflight.com/feed/,General,3,40,True,US,unclassified,rss,authority=heuristic-by-category
leg_1690,Ars Technica Space,arstechnica.com,https://arstechnica.com/space/feed/,General,3,40,True,US,unclassified,rss,authority=heuristic-by-category
leg_1691,The Verge Space,theverge.com,https://www.theverge.com/rss/space/index.xml,General,3,40,True,US,unclassified,rss,authority=heuristic-by-category
leg_1692,SpaceflightNow,spaceflightnow.com,https://spaceflightnow.com/feed/,General,3,40,True,US,unclassified,rss,authority=heuristic-by-category
leg_1693,SpaceRef,spaceref.com,https://spaceref.com/feed/,General,3,40,True,US,unclassified,rss,authority=heuristic-by-category
leg_1694,Teslarati Space,teslarati.com,https://www.teslarati.com/feed/,General,3,40,True,US,unclassified,rss,authority=heuristic-by-category
leg_1695,SatelliteObservation,satobs.org,https://www.satobs.org/rss.xml,General,3,40,True,US,unclassified,rss,authority=heuristic-by-category
leg_1696,Defense News Space,defensenews.com,https://www.defensenews.com/rss/space/,General,3,40,True,US,unclassified,rss,authority=heuristic-by-category
leg_1697,C4ISRNET Space,c4isrnet.com,https://www.c4isrnet.com/rss/space/,General,3,40,True,US,unclassified,rss,authority=heuristic-by-category
leg_1698,CISA Alerts,cisa.gov,https://www.cisa.gov/uscert/ncas/alerts.xml,Cybersecurity,2,74,True,US,technology_publication,rss,authority=heuristic-by-category
leg_1699,CISA News,cisa.gov,https://www.cisa.gov/news.xml,Cybersecurity,2,74,True,US,technology_publication,rss,authority=heuristic-by-category
leg_1700,SecurityWeek,feeds.feedburner.com,https://feeds.feedburner.com/securityweek,Cybersecurity,2,74,True,US,technology_publication,rss,authority=heuristic-by-category
leg_1701,APCO International,apcointl.org,https://www.apcointl.org/feed/,Cybersecurity,2,74,True,US,technology_publication,rss,authority=heuristic-by-category
leg_1702,NENA 911,nena.org,https://www.nena.org/feed/,Cybersecurity,2,74,True,US,technology_publication,rss,authority=heuristic-by-category
leg_1703,Police1 911 Tech,police1.com,https://www.police1.com/rss/topics/911-technology/,Cybersecurity,2,74,True,US,technology_publication,rss,authority=heuristic-by-category
leg_1704,Urgent Communications,urgentcomm.com,https://urgentcomm.com/feed/,Cybersecurity,2,74,True,US,technology_publication,rss,authority=heuristic-by-category
leg_1705,Broadcast Law Blog,broadcastlawblog.com,https://www.broadcastlawblog.com/feed/,Cybersecurity,2,74,True,US,technology_publication,rss,authority=heuristic-by-category
leg_1706,CommLaw Blog,commlawblog.com,https://www.commlawblog.com/feed/,Cybersecurity,2,74,True,US,technology_publication,rss,authority=heuristic-by-category
leg_1707,FierceVideo,fiercevideo.com,https://www.fiercevideo.com/rss/xml,Cybersecurity,2,74,True,US,technology_publication,rss,authority=heuristic-by-category
leg_1708,Communications Daily,communicationsdaily.com,https://www.communicationsdaily.com/rss,Cybersecurity,2,74,True,US,technology_publication,rss,authority=heuristic-by-category
leg_1709,Inside Radio,insideradio.com,https://www.insideradio.com/feed/,Cybersecurity,2,74,True,US,technology_publication,rss,authority=heuristic-by-category
leg_1710,Law360 Telecom,law360.com,https://www.law360.com/telecom/rss,Cybersecurity,2,74,True,US,technology_publication,rss,authority=heuristic-by-category
leg_1711,Skadden Telecom Blog,skadden.com,https://www.skadden.com/insights/rss,Cybersecurity,2,74,True,US,technology_publication,rss,authority=heuristic-by-category
leg_1712,Wiley Telecom,wileyrein.com,https://www.wileyrein.com/rss/,Cybersecurity,2,74,True,US,technology_publication,rss,authority=heuristic-by-category
leg_1713,Covington Telecom,cov.com,https://www.cov.com/en/rss,Cybersecurity,2,74,True,US,technology_publication,rss,authority=heuristic-by-category
leg_1714,FTI Consulting Telecom,fticonsulting.com,https://www.fticonsulting.com/insights/rss,Cybersecurity,2,74,True,US,technology_publication,rss,authority=heuristic-by-category
leg_1715,FTC News,ftc.gov,https://www.ftc.gov/rss.xml,Cybersecurity,2,74,True,US,technology_publication,rss,authority=heuristic-by-category
leg_1716,DOJ Antitrust,justice.gov,https://www.justice.gov/rss/atr.xml,Cybersecurity,2,74,True,US,technology_publication,rss,authority=heuristic-by-category
leg_1717,New America OTI,newamerica.org,https://www.newamerica.org/feed/,Cybersecurity,2,74,True,US,technology_publication,rss,authority=heuristic-by-category
leg_1718,Georgetown Law Tech,georgetownlawtechreview.org,https://www.georgetownlawtechreview.org/feed/,Cybersecurity,2,74,True,US,technology_publication,rss,authority=heuristic-by-category
leg_1719,TheGrio Media,thegrio.com,https://thegrio.com/feed/,Cybersecurity,2,74,True,US,technology_publication,rss,authority=heuristic-by-category
leg_1720,Mediaite,mediaite.com,https://www.mediaite.com/feed/,Cybersecurity,2,74,True,US,technology_publication,rss,authority=heuristic-by-category
leg_1721,The Daily Beast Media,feeds.thedailybeast.com,https://feeds.thedailybeast.com/rss/articles/media,Cybersecurity,2,74,True,US,technology_publication,rss,authority=heuristic-by-category
leg_1722,NY Post Media,nypost.com,https://nypost.com/media/feed/,Cybersecurity,2,74,True,US,technology_publication,rss,authority=heuristic-by-category
leg_1723,Washington Examiner Media,washingtonexaminer.com,https://www.washingtonexaminer.com/tag/media/rss,Cybersecurity,2,74,True,US,technology_publication,rss,authority=heuristic-by-category
leg_1724,Wall Street Journal - Tech,wsj.com,https://wsj.com/xml/rss/3_7455.xml,General,3,40,True,US,unclassified,rss,authority=heuristic-by-category
leg_1725,Wall Street Journal - US News,wsj.com,https://wsj.com/xml/rss/3_7085.xml,General,3,40,True,US,unclassified,rss,authority=heuristic-by-category
leg_1726,Wall Street Journal - Markets,feeds.a.dj.com,https://feeds.a.dj.com/rss/RSSMarketsMain.xml,General,3,40,True,US,unclassified,rss,authority=heuristic-by-category
leg_1727,Wall Street Journal - Politics,wsj.com,https://wsj.com/xml/rss/3_7036.xml,General,3,40,True,US,unclassified,rss,authority=heuristic-by-category
leg_1728,BuzzFeed News,buzzfeed.com,https://www.buzzfeed.com/index.xml,General,3,40,True,US,unclassified,rss,authority=heuristic-by-category
leg_1729,BuzzFeed Tech,buzzfeed.com,https://www.buzzfeed.com/tech.xml,General,3,40,True,US,unclassified,rss,authority=heuristic-by-category
leg_1730,Motherboard Vice Tech,vice.com,https://www.vice.com/en/rss,General,3,40,True,US,unclassified,rss,authority=heuristic-by-category
leg_1731,Consumer Reports,consumerreports.org,https://www.consumerreports.org/media-room/feed/,General,3,40,True,US,unclassified,rss,authority=heuristic-by-category
leg_1732,CFPB News,consumerfinance.gov,https://www.consumerfinance.gov/about-us/newsroom/feed/,General,3,40,True,US,unclassified,rss,authority=heuristic-by-category
leg_1733,CFPB Blog,consumerfinance.gov,https://www.consumerfinance.gov/about-us/blog/feed/,General,3,40,True,US,unclassified,rss,authority=heuristic-by-category
leg_1734,FEMA News,fema.gov,https://www.fema.gov/rss/news-releases.rss,General,3,40,True,US,unclassified,rss,authority=heuristic-by-category
leg_1735,FEMA Alerts,fema.gov,https://www.fema.gov/rss/alerts.rss,General,3,40,True,US,unclassified,rss,authority=heuristic-by-category
leg_1736,NWS News,weather.gov,https://www.weather.gov/rss/news.php,General,3,40,True,US,unclassified,rss,authority=heuristic-by-category
leg_1737,NOAA News,noaa.gov,https://www.noaa.gov/news-features/rss,General,3,40,True,US,unclassified,rss,authority=heuristic-by-category
