========================================================================
FCC BULLETIN — EDITOR AUDIT   agency=fcc   2026-07-30T05:18:15
========================================================================

SECTION 1 — ARTICLES COLLECTED
  Total collected (post domain-exclusion): 361
  Unique after dedup: 311   Classified: 303   In briefing: 150
  Provider breakdown:
    Talkwalker       0
    NewsAPI.ai       0
    Event Registry   0
    RSS              108
    Government       1
    GDELT            0
    Other            252

SECTION 2 — ARTICLES REMOVED
  Total removed: 211
  [Duplicate] — 50
    - FCC Bans Foreign-Made Humanoid Robots, Targeting China Over National Security - Broadband Breakfast  | provider=RSS | reason=Duplicate
    - Starlink Routers Receive Conditional Exemption From FCC’s Covered List - Broadband Breakfast  | provider=RSS | reason=Duplicate
    - NAB Meets With FCC’s Anna Gomez to Discuss Broadcast Ownership Rules - radioworld.com  | provider=RSS | reason=Duplicate
    - Pay TV Group Meets with FCC Staffers to Oppose FCC Ownership Rule Changes - TVTechnology  | provider=RSS | reason=Duplicate
    - FCC OKs $6.3B in upper C-band incentive payments, but cable ops still concerned - Light Reading  | provider=RSS | reason=Duplicate
    - Faraday Future Believes That the FCC’s New Policy on Robotics Strengthens the Company’s Position to Accelerate Robotics Ecosystem Deployment; Launches Global Va  | provider=RSS | reason=Duplicate
    - Faraday Future Believes That the FCC’s New Policy on Robotics Strengthens the Company’s Position to Accelerate Robotics Ecosystem Deployment; Launches Global Va  | provider=RSS | reason=Duplicate
    - FCC chair defends new U.S. ban on foreign-made humanoid robots, a market China dominates  | provider=RSS | reason=Duplicate
    - 影响市场重大事件 ： 亚马逊已正式向美国联邦通信委员会 （ FCC ） 提交申请 ， 计划发射5000颗卫星 ； 国家数据局鼓励基于词元应用商业模式创新 ， 探索词元交易等新型交易模式  | provider=Nbd.Com.Cn | reason=Duplicate
    - Чистый убыток Boeing пошел на снижение  | provider=1Prime.Ru | reason=Duplicate
    - Πιερρακάκης στους Financial Times : « Για να δημιουργήσει νέο πλούτο , η Ευρώπη πρέπει να αξιοποιήσει τις δυνατότητες του ραδιοφάσματος »  | provider=News.Gr | reason=Duplicate
    - Πιερρακάκης στους FT : Για να δημιουργήσει πλούτο , η Ευρώπη πρέπει να αξιοποιήσει τα οφέλη του ραδιοφάσματος  | provider=Voria.Gr | reason=Duplicate
    - Endangered species at risk as bird flu spreads  | provider=Begadistrictnews.Com.Au | reason=Duplicate
    - Endangered species at risk as bird flu spreads  | provider=Edenmagnet.Com.Au | reason=Duplicate
    - Substantial  evidence in Little Baby murder case  | provider=Bluemountainsgazette.Com.Au | reason=Duplicate
    - Substantial  evidence in Little Baby murder case  | provider=Greatlakesadvocate.Com.Au | reason=Duplicate
    - Endangered species at risk as bird flu spreads  | provider=Greatlakesadvocate.Com.Au | reason=Duplicate
    - Endangered species at risk as bird flu spreads  | provider=Bluemountainsgazette.Com.Au | reason=Duplicate
    - Endangered species at risk as bird flu spreads  | provider=Westernadvocate.Com.Au | reason=Duplicate
    - Endangered species at risk as bird flu spreads  | provider=Ulladullatimes.Com.Au | reason=Duplicate
    - Endangered species at risk as bird flu spreads  | provider=Examiner.Com.Au | reason=Duplicate
    - Substantial  evidence in Little Baby murder case  | provider=Yasstribune.Com.Au | reason=Duplicate
    - Substantial  evidence in Little Baby murder case  | provider=Crookwellgazette.Com.Au | reason=Duplicate
    - Spike in bird flu cases raises transmission alarm  | provider=Theleader.Com.Au | reason=Duplicate
    - Spike in bird flu cases raises transmission alarm  | provider=Newcastleherald.Com.Au | reason=Duplicate
    - Spike in bird flu cases raises transmission alarm  | provider=Braidwoodtimes.Com.Au | reason=Duplicate
    - Evalúan centro de detención del ICE en California City – Telemundo Area de la Bahía 48  | provider=Telemundoareadelabahia.Com | reason=Duplicate
    - Declaran alerta temprana preventiva para la Región de Valparaíso por sistema frontal : Se prevén lluvias y viento  | provider=Cnnchile.Com | reason=Duplicate
    - Why lawmakers are concerned about where billions in broadband funding is going  | provider=Click2Houston.Com | reason=Duplicate
    - [CSPAN] Federalist Society Previews Supreme Court Term Part 1: delegation something we should consider. the inspector general's office has aske...  | provider=Cspan | reason=Duplicate
    - [CSPAN] Federalist Society Previews Supreme Court Term Part 1: has asked for a search warrant in that case. there are a bunch of cases involvin...  | provider=Cspan | reason=Duplicate
    - [CSPAN] Federalist Society Previews Supreme Court Term: delegation something we should consider. the inspector general's office has aske...  | provider=Cspan | reason=Duplicate
    - [CSPAN2] FCC Commissioner  Others Testify on Biden Administration Policies: okay. today were joined by excellent witnesses and the honorable senior republic...  | provider=Cspan2 | reason=Duplicate
    - [CSPAN3] Discussion on Emerging AI Technologies: media attack new media and try to use regulation to deal with that. it is really...  | provider=Cspan3 | reason=Duplicate
    - [CSPAN3] Discussion on Emerging AI Technologies: to use regulation to deal with that. it is really because of newspapers lobbying...  | provider=Cspan3 | reason=Duplicate
    - [CSPAN] U.S. House of Representatives U.S. House of Representatives: sector. the fact act will require the federal communications commission to publi...  | provider=Cspan | reason=Duplicate
    - [CSPAN] U.S. House of Representatives U.S. House of Representatives: magnifies this target. this helps address these concerns. this would require the...  | provider=Cspan | reason=Duplicate
    - [CSPAN] U.S. House of Representatives U.S. House of Representatives: h.r. 820. a bill to direct the federal communications commission to publish a li...  | provider=Cspan | reason=Duplicate
    - [CSPAN] U.S. House of Representatives U.S. House of Representatives: recognized as the equipment and services used in their drones to the federal com...  | provider=Cspan | reason=Duplicate
    - [CSPAN3] Nixon Administration 1970s Womens Initiatives: summary was urging the appointment of a woman to the federal communications comm...  | provider=Cspan3 | reason=Duplicate
    - [CSPAN3] Nixon Administration 1970s Womens Initiatives: nixon. this is an item in his news summary was urging the appointment of a woman...  | provider=Cspan3 | reason=Duplicate
    - [CSPAN] NTSB Chair and Others Discuss New Vehicle Technology and Safety Standards: yet, there is more work to be done. the federal communications commission wil  | provider=Cspan | reason=Duplicate
    - Trump FCC gives Tesla a leg up in critical technology race  | provider=BlueSky | reason=Duplicate
    - U.S. FCC approves giant space mirror to deliver 'sunlight on demand,' but what are the legal implications?

Despite hund  | provider=BlueSky | reason=Duplicate
    - The U.S. has banned new Chinese-made humanoid and four-legged robots, along with connected power inverters, from enterin  | provider=BlueSky | reason=Duplicate
    - China threatens retaliation against U.S. humanoid robot ban, says it 'severely damages' relations

www.cnbc.com/2026/07/  | provider=BlueSky | reason=Duplicate
    - China threatens retaliation against U.S. humanoid robot ban, says it 'severely damages' relations

www.cnbc.com/2026/07/  | provider=BlueSky | reason=Duplicate
    - China threatens retaliation against U.S. humanoid robot ban, says it 'severely damages' relations cnb.cx/4fI8Uhx  | provider=BlueSky | reason=Duplicate
    - China threatens retaliation against U.S. humanoid robot ban, says it 'severely damages' relations  | provider=BlueSky | reason=Duplicate
    - FCC censorship czar Brendan Carr is threatening the broadcast licenses of eight local ABC stations because Trump doesn’t  | provider=BlueSky | reason=Duplicate
  [Corporate Noise] — 8
    - Ericson Appointed Inaugural PMI CEO  | provider=RSS | reason=Corporate Noise
    - Beadnell Promoted To Top Role Of Heritage TV Operation  | provider=RSS | reason=Corporate Noise
    - PMI Names Jeannie Ericson Inaugural CEO  | provider=RSS | reason=Corporate Noise
    - NAFB Names Rita Frazer and Tom Cassidy as 2026 Hall of Fame Inductees  | provider=RSS | reason=Corporate Noise
    - Allison Demers Joins WIHS As News Director & Afternoon Host  | provider=RSS | reason=Corporate Noise
    - Ian Rambo Joins Connoisseur Fredericksburg As Operations Manager & WFLS Morning Host  | provider=RSS | reason=Corporate Noise
    - Colorado Unveils Roadmap for Statewide $31.5M Middle-Mile Broadband Network  | provider=RSS | reason=Corporate Noise
    - Spotwise Unveils System to Automate Media Tasks  | provider=RSS | reason=Corporate Noise
  [Low Confidence] — 153
    - 한국 폭염 위기경보 심각 단계 격상 … 38~39도 기록적 고온  | provider=Busanhaps.Com | reason=Low Confidence
    - Endangered species at risk as bird flu spreads  | provider=Irrigator.Com.Au | reason=Low Confidence
    - В Чебоксарах сотрудники Росгвардии приступили к проверке готовности образовательных объектов к новому учебному году  | provider=Re-Port.Ru | reason=Low Confidence
    - O rachetă rusească ar fi căzut în Polonia . Un crater de 10 metri a apărut după o explozie puternică . Au fost găsite și fragmente UPDATE FOTO VIDEO  | provider=Ziare.Com | reason=Low Confidence
    - Substantial  evidence in Little Baby murder case  | provider=Ulladullatimes.Com.Au | reason=Low Confidence
    - TULCEA : Țintă aeriană detectată în apropierea frontierei . Mesaj RO - Alert pentru populația din nordul județului  | provider=Radioconstanta.Ro | reason=Low Confidence
    - The Emergency Apps You Need for Wildfire Season  | provider=Thetyee.Ca | reason=Low Confidence
    - 遇到再儲值十萬才能出 . 金 【 SARP 】 千萬別信 - 揭露假平台別讓更多人被害  | provider=Blog.Udn.Com | reason=Low Confidence
    - 【 一線看中國 】 赴中告急 400台灣客失聯 黑龍江1週2洪災 | 黑龍江洪災 | 王虹 | 鄭大藥劑主任受賄  | provider=Ntdtv.Com | reason=Low Confidence
    - Evalúan centro de detención del ICE en California City – Telemundo 52  | provider=Telemundo52.Com | reason=Low Confidence
    - 【 警告 】 MaskedSet是陷阱別讓假理財成為噩夢 - 站點通訊  | provider=Blog.Udn.Com | reason=Low Confidence
    - Novi audi Q9 : največji SUV doslej z revolucionarno tehnologijo in ceno od 114 . 990 evrov  | provider=Zurnal24.Si | reason=Low Confidence
    - Najvažnije vesti iz sveta za 29 . jul 2026 . - Vesti  | provider=Telegraf.Rs | reason=Low Confidence
    - 【 警告 】 DeeP LOVE是陷阱別讓假理財成為噩夢 - 指針日誌  | provider=Blog.Udn.Com | reason=Low Confidence
    - Las hectáreas quemadas por incendios en España en 2026 superan 207 . 000 : cuatro veces la media  | provider=Que.Es | reason=Low Confidence
    - 《 总体熵战 》 第八章 ： 论防御 （ 修改 ） - 博客  | provider=Blog.Wenxuecity.Com | reason=Low Confidence
    - Spike in bird flu cases raises transmission alarm  | provider=Dailyliberal.Com.Au | reason=Low Confidence
    - 【 受影響用戶必看 】 緬甸礦場直播異常應對指南 - 急先鋒頻道  | provider=Blog.Udn.Com | reason=Low Confidence
    - Jefes de Policía y Bomberos : Quiénes eran las 7 víctimas del helicóptero estrellado en Argentina | Internacional  | provider=Biobiochile.Cl | reason=Low Confidence
    - Understanding Escambia County Dispatch : The Critical Hub Of Public Safety And Emergency Response  | provider=Unitaid.Eu | reason=Low Confidence
    - Más de 1 . 100 trabajadores de la IA piden construir un freno justo cuando China está a punto de alcanzar a Estados Unidos . La carrera ya no consiste solo en l  | provider=Es.Gizmodo.Com | reason=Low Confidence
    - El Govern dAndorra incrementa les tarifes per les visites al metge amb lobjectiu de retenir professionals  | provider=Diariandorra.Ad | reason=Low Confidence
    - Al menos cinco muertos y graves destrozos por un temporal con vientos de más de 100 km / h en Brasil  | provider=Huffingtonpost.Es | reason=Low Confidence
    - 数据安全考量供应链能力 _ 观点评论 _ 财经 _ 中金在线  | provider=News.Cnfol.Com | reason=Low Confidence
    - MAE : Atenţionare de călătorie Grecia - risc ridicat de incendii în mai multe regiuni  | provider=Bucurestifm.Ro | reason=Low Confidence
    - 【 平台調查 】 XSG智算系統是真的嗎 ？ 投資模式與風險一次解析 - 路邊的野花不要采  | provider=Blog.Udn.Com | reason=Low Confidence
    - Telcom giants must address 911 outages – Brandon Sun  | provider=Brandonsun.Com | reason=Low Confidence
    - Condiciones lamentables  de trabajo en los juzgados de Ávila | Noticias Diario de Ávila  | provider=Diariodeavila.Es | reason=Low Confidence
    - Qué se sabe del accidente del helicóptero en San Juan en el que murieron siete personas  | provider=Rionegro.Com.Ar | reason=Low Confidence
    - 【 平台調查 】 快閃店鋪活動是真的嗎 ？ 投資模式與風險一次解析 - 路邊的野花不要采  | provider=Blog.Udn.Com | reason=Low Confidence
    - Measures likely to test relations with Beijing ahead of Xi's planned visit to U.S.  | provider=BlueSky | reason=Low Confidence
    - I predict that in the next 6 months, Tesla or Starlink will begin selling a solar inverter. 

pv-magazine-usa.com/2026/0  | provider=BlueSky | reason=Low Confidence
    - 二手市场还有真人说话 ， 哪怕是  在吗 - 千龙网 · 中国首都网  | provider=Culture.Qianlong.Com | reason=Low Confidence
    - 周四你需要知道的隔夜全球要闻 _ 东方财富网  | provider=Finance.Eastmoney.Com | reason=Low Confidence
    - Florida Heat Indices Reach 115 as Warnings Cover Most of the State , and Two Age Groups Cannot Cool Themselves  | provider=Medicaldaily.Com | reason=Low Confidence
    - 別被高獲利沖昏頭MaskedSet是虛假理財陷阱 - 偵察週報  | provider=Blog.Udn.Com | reason=Low Confidence
    - 【 新聞第一線 】 突發 ！ 美軍大轟炸重啟 沙特組50國聯盟 | 沙特大臣訪美 | 增伊朗關稅 | 美對伊新制裁  | provider=Ntdtv.Com | reason=Low Confidence
    - 【 平台調查 】 微光置產計畫是真的嗎 ？ 投資模式與風險一次解析 - 路邊的野花不要采  | provider=Blog.Udn.Com | reason=Low Confidence
    - 【 平台調查 】 JQX是真的嗎 ？ 投資模式與風險一次解析 - 路邊的野花不要采  | provider=Blog.Udn.Com | reason=Low Confidence
    - 【 平台調查 】 禾心拾夢藍圖是真的嗎 ？ 投資模式與風險一次解析 - 路邊的野花不要采  | provider=Blog.Udn.Com | reason=Low Confidence
    - 深山岗亭 ： 常委替站午后哨  | provider=Baijiahao.Baidu.Com | reason=Low Confidence
    - New Bills create serious Concerns Over Centralized Authority - by American Bytz  | provider=Prunderground.Com | reason=Low Confidence
    - 【 平台調查 】 Masked Sex是真的嗎 ？ 投資模式與風險一次解析 - 路邊的野花不要采  | provider=Blog.Udn.Com | reason=Low Confidence
    - 【 平台調查 】 MORX是真的嗎 ？ 投資模式與風險一次解析 - 路邊的野花不要采  | provider=Blog.Udn.Com | reason=Low Confidence
    - Body of 11 - year - old Calgary boy missing for two weeks found in water pipe  | provider=Pentictonherald.Ca | reason=Low Confidence
    - Bài toán khó về tiềm năng tự chủ  | provider=Baomoi.Com | reason=Low Confidence
    - 我们玩到了 《 抵抗者 》， 并和开发者聊了聊  | provider=163.Com | reason=Low Confidence
    - 美国卫生援助为何遭非洲多国抵制  | provider=News.Cyol.Com | reason=Low Confidence
    - Senapred declara Alerta Temprana Preventiva para la Región de Valparaíso por lluvias y fuertes vientos  | provider=Radioagricultura.Cl | reason=Low Confidence
    - Murieron como héroes : la mayor tragedia aérea de todos los tiempos en San Juan  | provider=Tiempodesanjuan.Com | reason=Low Confidence
    - COINTRADE提領遇到問題聯繫挽回損失資金 - 安全哨所  | provider=Blog.Udn.Com | reason=Low Confidence
    - Un helicóptero que viajaba a combatir incendios en La Rioja cayó y murieron los 7 tripulantes  | provider=Primerafuente.Com.Ar | reason=Low Confidence
    - Hamilton Breaking News : How to Stay Informed When It Matters Most  | provider=Corbeaunews.Ca | reason=Low Confidence
    - Declaran Alerta Temprana Preventiva para la región de Valparaíso ante pronóstico de precipitaciones y viento  | provider=Puranoticia.Pnt.Cl | reason=Low Confidence
    - Julio Zamora activó un plan preventivo en Tigre ante el avance del fenómeno El Niño  | provider=Elcomercioonline.Com.Ar | reason=Low Confidence
    - Persisten ingresos a embovedados de Nogales pese al riesgo de muerte por lluvias  | provider=Eldiariodesonora.Com.Mx | reason=Low Confidence
    - Iranian Hackers Exploited Unpatchable PLC Flaw to Breach 30 Minnesota Water Systems  | provider=Techtimes.Com | reason=Low Confidence
    - Desborde del río Bueno obliga a declarar Alerta Roja para San Pablo : más de 80 familias aisladas | Nacional  | provider=Biobiochile.Cl | reason=Low Confidence
    - Planalto repudia declarao de estado de emergência dos EUA contra o Brasil  | provider=Newblogs.Correiobraziliense.Com.Br | reason=Low Confidence
    - Apesar de talude improvisado , Alvorada alaga e deixa 15 famílias desalojadas  | provider=Correiodopovo.Com.Br | reason=Low Confidence
    - Quiénes eran las siete víctimas del helicóptero que se estrelló en San Juan durante una capacitación contra incendios  | provider=Perfil.Com | reason=Low Confidence
    - What to know about Korea life - threatening heat wave and how to stay safe  | provider=Koreatimes.Co.Kr | reason=Low Confidence
    - Tornado com ventos a mais de 300km / h deixa feridos e destruio no RS  | provider=Tnonline.Uol.Com.Br | reason=Low Confidence
    - FCC Cracks Down on Provider Accused of Fraud in  Obama Phone  Program – PJ Media  | provider=Pjmedia.Com | reason=Low Confidence
    - www.foxnews.com/media/conser...  | provider=BlueSky | reason=Low Confidence
    - Trying to keep up with the situational nanny-statism of this administration makes me feel like I’m taking crazy pills.  | provider=BlueSky | reason=Low Confidence
    - Iconic face of KFC : Sander home , personal items up for auction  | provider=Americanbazaaronline.Com | reason=Low Confidence
    - Link X pide más espectro , extender concesiones y neutralidad tecnológica para la subasta 5G industrial  | provider=Eleconomista.Com.Mx | reason=Low Confidence
    - Frequenze tlc , lAgcom avvia lultima consultazione : verso il rinnovo al 2037 in cambio di investimenti per 5G standalone e reti  | provider=Milanofinanza.It | reason=Low Confidence
    - ΟΤΕ : Κέρδισε την πρώτη σύμβαση για data center με το ΝΑΤΟ , αξίας 45 εκατ . ευρώ  | provider=Euro2Day.Gr | reason=Low Confidence
    - 二手市场还有真人说话 ， 哪怕是  在吗  新京报  | provider=Bjnews.Com.Cn | reason=Low Confidence
    - OTE : Strong profitability and record increase in new FTTH customers  | provider=Naftemporiki.Gr | reason=Low Confidence
    - Coal block allocations since 1993 illegal : Supreme Court  | provider=Thehindu.Com | reason=Low Confidence
    - Trump Administration Bans New Chinese Humanoid Robots
https://hardware.slashdot.org/story/26/07/29/0441240/trump-adminis  | provider=BlueSky | reason=Low Confidence
    - Trump Administration Bans New Chinese Humanoid Robots

https://hardware.slashdot.org/story/26/07/29/0441240/trump-admini  | provider=BlueSky | reason=Low Confidence
    - More bangers  | provider=BlueSky | reason=Low Confidence
    - variety.com/2026/tv/news...  | provider=BlueSky | reason=Low Confidence
    - Exactly.  | provider=BlueSky | reason=Low Confidence
    - Speaking out against censorship, especially when you have a platform, is essential: variety.com/2026/tv/news...  | provider=BlueSky | reason=Low Confidence
    - Digital future depends on delivery , not policy  | provider=Tribune.Com.Pk | reason=Low Confidence
    - Periklindo Lihat Peluang Nikel Indonesia di Baterai Solid State  | provider=Otomotif.Kompas.Com | reason=Low Confidence
    - 影响市场重大事件 ： 亚马逊已正式向美国联邦通信委员会 （ FCC ） 提交申请 ， 计划发射5000颗卫星 ； 国家数据局鼓励基于词元应用商业模式创新 ， 探索词元交易等新型交易模式  | provider=163.Com | reason=Low Confidence
    - American Airlines flights resume after IT outage causes groundings across US  | provider=Livemint.Com | reason=Low Confidence
    - Flannel Jam Returns To Hard Rock Live In Rockford This October  | provider=Q985Online.Com | reason=Low Confidence
    - FCC To Unleash An Economic Boom , Thanks To Trump Tax Bill  | provider=Hotair.Com | reason=Low Confidence
    - « Ευρωπαϊκή Ένωση Φάσματος »: Η πρόταση Πιερρακάκη για 6G , AI και νέο ταμείο επενδύσεων  | provider=Reporter.Gr | reason=Low Confidence
    - The Airwaves Are Going on Sale Again . But Does the FCC Have the Right Goal ?  | provider=Rstreet.Org | reason=Low Confidence
    - 9 Easily Accessible US Islands For An Affordable Vacation  | provider=Islands.Com | reason=Low Confidence
    - Trainee auctioneer Max excels in Young Farmer competitions  | provider=Cravenherald.Co.Uk | reason=Low Confidence
    - Πιερρακάκης στους Financial Times : « Για να δημιουργήσει νέο πλούτο , η Ευρώπη πρέπει να αξιοποιήσει τις δυνατότητες του ραδιοφάσματος »  | provider=Enikonomia.Gr | reason=Low Confidence
    - Audi Makes The Most Power - Dense 5 - Cylinder Ever , And You Can Get One For Less Than A Civic Type R  | provider=Carbuzz.Com | reason=Low Confidence
    - 晚报丨债市对AI基建无限扩张投出反对票 ； 韩国综指盘中跌破6000点 ； 胡塞武装或控制曼德海峡 ； 特朗普政府AI监管框架接近敲定 ； 日韩  存储三雄  财报本周公布 ； 亚马逊All in  旗舰大模型 ； 阿里投资长鑫浮盈超1600亿元 _ 东方财富网  | provider=Finance.Eastmoney.Com | reason=Low Confidence
    - Чистый убыток Boeing пошел на снижение  | provider=Aex.Ru | reason=Low Confidence
    - Κυριάκος Πιερρακάκης στους FT : Πώς θα δημιουργήσει πλούτο η Ευρώπη - Τα οφέλη και ο στόχος  | provider=Iefimerida.Gr | reason=Low Confidence
    - Πιερρακάκης στους FT : Η πρόταση που μπορεί να γεμίσει τα ταμεία της Ευρώπης  | provider=Newsit.Gr | reason=Low Confidence
    - Πιερρακάκης στους FT : Για να δημιουργήσει πλούτο , η Ευρώπη πρέπει να αξιοποιήσει τα οφέλη του ραδιοφάσματος  | provider=Typosthes.Gr | reason=Low Confidence
    - Why lawmakers are concerned about where billions in broadband funding is going – KTBB News , Weather , Talk  | provider=Ktbb.Com | reason=Low Confidence
    - ​The Broadband Last Mile Is Rural America Economic Growth Engine  | provider=Forbes.Com | reason=Low Confidence
    - Пламен Димитров пред ФАКТИ : Договорът с „ Боташ  може да отвори пътя на руския газ под етикета Turkish Blend ᐉ Новини от Fakti . bg - Мнения  | provider=Fakti.Bg | reason=Low Confidence
    - Πιερρακάκης στους FT : « Για να δημιουργήσει νέο πλούτο η Ευρώπη , πρέπει να αξιοποιήσει τις δυνατότητες του ραδιοφάσματος »  | provider=Newpost.Gr | reason=Low Confidence
    - Ni pulida ni perfecta : la messy girl es la nueva fantasía de la moda – y la referencia , cómo no , viene de los 2000 –  | provider=Woman.Elperiodico.Com | reason=Low Confidence
    - Πιερρακάκης στους FT : Η Ευρώπη πρέπει να αξιοποιήσει τις δυνατότητες του ραδιοφάσματος  | provider=News247.Gr | reason=Low Confidence
    - Πιερρακάκης στους FT : Η « κρυφή δύναμη » που μπορεί να αλλάξει το μέλλον της Ευρώπης  | provider=Newsbomb.Gr | reason=Low Confidence
    - Πιερρακάκης στους FT : Το asset που μπορεί να ενισχύσει τα ταμεία της Ευρώπης  | provider=Euro2Day.Gr | reason=Low Confidence
    - Πιερρακάκης στους Financial Times : « Η Ευρώπη πρέπει να δημιουργήσει νέο πλούτο »  | provider=Tanea.Gr | reason=Low Confidence
    - FAA Strengthens Radio Altimeter Standards | Aero - News Network  | provider=Aero-News.Net | reason=Low Confidence
    - 2026 成都名酒回收靠谱商家怎么选 ？ 优质商家深度 ， 一文读懂本地酒水回收市场 _ 中华网  | provider=M.Tech.China.Com | reason=Low Confidence
    - « Мы не устраиваем охоту на ведьм »  | provider=Kommersant.Ru | reason=Low Confidence
    - Tesla Cybercabs and Superchargers Will Act as Mini Cell Towers for SpaceX Starlink  | provider=Nextbigfuture.Com | reason=Low Confidence
    - How Icasa ambitious plan aims to beat SA spectrum crunch  | provider=Businessday.Co.Za | reason=Low Confidence
    - El salvavidas de las AFP al negocio maderero y celulosa de los Matte y Angelini  | provider=Elmostrador.Cl | reason=Low Confidence
    - Fazenda aponta incertezas na divisão da faixa de 6 GHz  | provider=Telesintese.Com.Br | reason=Low Confidence
    - FCC agenda leilão de 160 MHz na banda C para abril de 2027  | provider=Telesintese.Com.Br | reason=Low Confidence
    - Tata CLiQ trims FY26 losses , but luxury identity remains its biggest hurdle  | provider=Livemint.Com | reason=Low Confidence
    - Peut - on sinspirer du Japon pour repenser la durabilité de la filière textile en France  ?  | provider=Theconversation.Com | reason=Low Confidence
    - SES et Eutelsat bondissent en Bourse avant la libération de fréquences de la ban  | provider=Abcbourse.Com | reason=Low Confidence
    - תחקיר  העין השביעית : לפני שרונן צור ניסה להפוך למנהיג שמאל , הוא שירת באדיקות וברעל את המחנה היריב  | provider=The7Eye.Org.Il | reason=Low Confidence
    - SES et Eutelsat bondissent en Bourse avant la réaffectation des fréquences de la  | provider=Abcbourse.Com | reason=Low Confidence
    - SES et Eutelsat récupéreront 6 , 1 milliards de dollars en libérant des fréquences  | provider=Abcbourse.Com | reason=Low Confidence
    - [FOX Business] Kudlow: well know. i mean, do you know this story, perhaps, but the federal communicatio...  | provider=Fox Business | reason=Low Confidence
    - [CSPAN3] Nixon Administration 1970s Womens Initiatives: nixon. this is an item in his news summary was urging the appointment of a woman...  | provider=Cspan3 | reason=Low Confidence
    - [CSPAN3] Stacy Schiff The Revolutionary - Samuel Adams: summary, a group called american in television and radio urged nixon. this is an...  | provider=Cspan3 | reason=Low Confidence
    - [CSPAN3] Nixon Administration 1970s Womens Initiatives: summary was urging the appointment of a woman to the federal communications comm...  | provider=Cspan3 | reason=Low Confidence
    - [CSPAN3] Nixon Administration 1970s Womens Initiatives: is just a summary -- was urging the appointment of a woman to the federal commun...  | provider=Cspan3 | reason=Low Confidence
    - [FOX Business] Mornings With Maria Bartiromo: less lag, better gaming! i'm gonna need to charge you for three people. . maria:...  | provider=Fox Business | reason=Low Confidence
    - [CSPAN] Federalist Society Previews Supreme Court Term Part 1: has asked for a search warrant in that case. there are a bunch of cases involvin...  | provider=Cspan | reason=Low Confidence
    - [CSPAN2] Book TV: not allowed to own stocks that are regulated by the federal communications commi...  | provider=Cspan2 | reason=Low Confidence
    - [CSPAN2] Author Discussion on Journalism: not allowed to own stocks that are regulated by the federal communications commi...  | provider=Cspan2 | reason=Low Confidence
    - [CSPAN2] Book TV: stacks, trading forms. and we thought, you know how the heck we're going to go t...  | provider=Cspan2 | reason=Low Confidence
    - [CSPAN2] Author Discussion on Journalism: stacks, trading forms. and we thought, you know how the heck we're going to go t...  | provider=Cspan2 | reason=Low Confidence
    - [CSPAN2] Author Discussion on Journalism: that. and the idea was my my dad worked for the federal communications commissio...  | provider=Cspan2 | reason=Low Confidence
    - [MSNBC] Velshi: distort of tony him from a nuclear reactor? you know, you want a scientist doing...  | provider=Msnbc | reason=Low Confidence
    - [CSPAN] Federalist Society Previews Supreme Court Term: delegation something we should consider. the inspector general's office has aske...  | provider=Cspan | reason=Low Confidence
    - [FOX News] Special Report With Bret Baier: services. the debt exchange deal includes payment of $1 and the assumption of ar...  | provider=Fox News | reason=Low Confidence
    - [MSNBC] Katy Tur Reports: recover. in addition to fema, that includes the federal communications commissio...  | provider=Msnbc | reason=Low Confidence
    - [CNN] Inside Politics With Dana Bash: available resources fast as possible. well to your communities. the rescue, reco...  | provider=Cnn | reason=Low Confidence
    - [MSNBC] Jose Diaz-Balart Reports: he said that fema administrator is still on the ground there. he also talked abo...  | provider=Msnbc | reason=Low Confidence
    - [FOX News] The Faulkner Focus: rebuilding. in addition to fema including the federal communications commission ...  | provider=Fox News | reason=Low Confidence
    - [CNN] CNN Newsroom With Pamela Brown: every every available resources fast as possible to your communities. the rescue...  | provider=Cnn | reason=Low Confidence
    - [MSNBC] Jose Diaz-Balart Reports: every available resource as fast as possible to your communities, to rescue, rec...  | provider=Msnbc | reason=Low Confidence
    - [CSPAN2] Hearing on Oversight of FBIs Security Clearances for Whistleblowers: s. 275, a bill to require the federal communications commission to establish a v..  | provider=Cspan2 | reason=Low Confidence
    - [CSPAN2] U.S. Senate U.S. Senate: it's been more than 1500 days since the last federal communications commission h...  | provider=Cspan2 | reason=Low Confidence
    - [CSPAN] U.S. House of Representatives U.S. House of Representatives: federal communications commission to establish a task force to be known as a 6-g...  | provider=Cspan | reason=Low Confidence
    - [CSPAN3] Discussion on Emerging AI Technologies: media attack new media and try to use regulation to deal with that. it is really...  | provider=Cspan3 | reason=Low Confidence
    - [CSPAN3] Discussion on Emerging AI Technologies: to use regulation to deal with that. it is really because of newspapers lobbying...  | provider=Cspan3 | reason=Low Confidence
    - [CSPAN2] U.S. Senate U.S. Senate: the presiding officer: the clerk will read the title of the bill for the second ...  | provider=Cspan2 | reason=Low Confidence
    - [CSPAN2] U.S. Senate U.S. Senate: -- an act to direct the federal communications commission to publish a list of e...  | provider=Cspan2 | reason=Low Confidence
    - [CSPAN2] The Civil War Tom Wheeler Mr. Lincolns T-Mails: read out the list of his accomplishments. a few highlights include his service a...  | provider=Cspan2 | reason=Low Confidence
    - [CSPAN2] The Civil War Tom Wheeler Mr. Lincolns T-Mails: businessman, an author and a public figure. i'm not even going to try and read o...  | provider=Cspan2 | reason=Low Confidence
    - [CSPAN2] Nixon Administration 1970s Womens Initiatives: federal communications commission. nixon, scrawled in the margin, why not? so, y...  | provider=Cspan2 | reason=Low Confidence
    - [CSPAN2] American History TV: nixon. this is an item in his news summary was urging the appointment of a woman...  | provider=Cspan2 | reason=Low Confidence
    - [CSPAN] NTSB Chair and Others Discuss New Vehicle Technology and Safety Standards: technology, in vehicles on roadways. i will say, as i mentioned in my remarks  | provider=Cspan | reason=Low Confidence
    - [CSPAN3] Public Affairs Events: conversation on the senate spectrum auction. that would help support the removal...  | provider=Cspan3 | reason=Low Confidence
  [Non-FCC (blocked domain)] — 0

SECTION 3 — HIGH PRIORITY ARTICLES
    [INCLUDED] term=Spectrum | Qualcomm Still Pushing for Sidelink Rulemaking | reason=kept in briefing (priority-protected)
    [INCLUDED] term=Space | Space Experts Call for Government Action as Space Data Centers Emerge | reason=kept in briefing (priority-protected)
    [INCLUDED] term=Spectrum | The 6G AI uplink panic (Analyst Angle) | reason=kept in briefing (priority-protected)
    [INCLUDED] term=AT&T | AT&T: More Than Half of Residential Fixed Wireless Subs Take a Mobile Line | reason=kept in briefing (priority-protected)
    [INCLUDED] term=Satellite | Tuesday (telco diary) | D2D in 3D – Amazon appeals to telcos | reason=kept in briefing (priority-protected)
    [INCLUDED] term=Space | Mason's Observations on "Wonderwall", "Dai Dai" & New Throwbacks | reason=kept in briefing (priority-protected)
    [INCLUDED] term=AT&T | AT&T and Wave expand their quantum partnership | reason=kept in briefing (priority-protected)
    [INCLUDED] term=iHeart | What Is KZPS' Blockbuster Move? | reason=kept in briefing (priority-protected)
    [INCLUDED] term=Wireless | The FCC's ban on foreign "advanced robotic devices" includes any new ground-based, software-controlled wireless robot over 4.4 pounds, including robot vacuums ( | reason=kept in briefing (priority-protected)
    [INCLUDED] term=Satellite | FCC OKs $6.3B in upper C-band incentive payments, but cable ops still concerned | reason=kept in briefing (priority-protected)
    [INCLUDED] term=Satellite | FCC Approves Massive Modernization of Satellite Licensing Regime - Global Policy Watch | reason=kept in briefing (priority-protected)
    [INCLUDED] term=Wireless | SES backs FCC Upper C-band plan for next-gen wireless services - SatellitePro ME | reason=kept in briefing (priority-protected)
    [INCLUDED] term=Satellite | SpaceX Pushes FCC to Target Eutelsat OneWeb in Satellite Dispute With Europe - PCMag Australia | reason=kept in briefing (priority-protected)
    [INCLUDED] term=ABC | Reporters Committee urges FCC to reject petitions to deny ABC license renewals - Reporters Committee for Freedom of the Press | reason=kept in briefing (priority-protected)
    [INCLUDED] term=ABC | Comments on FCC License Renewals for ABC Stations Top 150,000 - TVTechnology | reason=kept in briefing (priority-protected)
    [INCLUDED] term=Spectrum | EchoStar closes AT&amp;T spectrum deal, but wrinkles remain | reason=kept in briefing (priority-protected)
    [INCLUDED] term=Spectrum | The FCC and its current chairman, Brendan Carr, were blasted by former heads of the agency and other officials as pursui | reason=kept in briefing (priority-protected)
    [INCLUDED] term=Spectrum | "A group of former FCC chairs and top agency officials of both parties are calling on current chairman Brendan Carr to e | reason=kept in briefing (priority-protected)
    [INCLUDED] term=ABC | Variety

A group of former FCC officials are accusing Chairman Brendan Carr of trying to “censor Disney and ABC’s speech | reason=kept in briefing (priority-protected)
    [INCLUDED] term=Spectrum | 𝗙𝗖𝗖 𝘃𝗼𝘁𝗲𝘀 𝗼𝗻 𝟭𝟲𝟬𝗠𝗛𝘇 𝗨𝗽𝗽𝗲𝗿 𝗖-𝗕𝗮𝗻𝗱 𝗮𝘂𝗰𝘁𝗶𝗼𝗻 𝗳𝗼𝗿 𝟱𝗚 𝗮𝗻𝗱 𝟲𝗚
The FCC will vote Wednesday to auction 160 megahertz of Upper C-B | reason=kept in briefing (priority-protected)
    [INCLUDED] term=ABC | FCC censorship czar Brendan Carr is threatening the broadcast licenses of eight local ABC stations because Trump doesn’t | reason=kept in briefing (priority-protected)
    [INCLUDED] term=ABC | FCC Slammed by Former Agency Officials Over Review of ABC’s Licenses: ‘An Assault on Free Speech Disguised as Regulatory | reason=kept in briefing (priority-protected)
    [INCLUDED] term=ABC | Several former top officials at the Federal Communications Commission called on FCC Chair Brendan Carr on Tuesday to aba | reason=kept in briefing (priority-protected)
    [INCLUDED] term=ABC | Former FCC Chairs Urge Brendan Carr to End ABC Broadcast License Review: ‘An Assault on Free Speech Disguised as Regulat | reason=kept in briefing (priority-protected)
    [INCLUDED] term=Spectrum | More Americans thinking they rule the world. No, radio spectrum worldwide is not controlled by the FCC.

We need a stron | reason=kept in briefing (priority-protected)
    [INCLUDED] term=Space | U.S. FCC approves giant space mirror to deliver 'sunlight on demand,' but what are the legal implications? https://t.co/ | reason=kept in briefing (priority-protected)
    [INCLUDED] term=Spectrum | [CSPAN3] FCC Chair Testifies on 2025 Budget Request: statutory obligation? i'm glad you asked. i do know at present there is conversa... | reason=kept in briefing (priority-protected)
    [INCLUDED] term=Cybersecurity | FCC adds foreign-made robots and power inverters to Covered List, restricting new models over cybersecurity concerns. #C | reason=kept in briefing (priority-protected)
    [INCLUDED] term=The View | The Media Research Center cheered lawfare by the Trump administration Federal Communications Commission against The View | reason=kept in briefing (priority-protected)
    [INCLUDED] term=ABC | I really didn't see this coming. But, it's all about precedent. If the FCC can do it to ABC now, a Democratic administra | reason=kept in briefing (priority-protected)
    [INCLUDED] term=ABC | “FCC Slammed by Former Agency Officials Over Review of ABC’s Licenses: ‘An Assault on Free Speech Disguised as Regulator | reason=kept in briefing (priority-protected)
    [INCLUDED] term=AT&T | 🟡 SCOOP: SpaceX is coming for AT&T, Verizon, and T-Mobile as it tries to fill a hole in its airwaves crucial for a full- | reason=kept in briefing (priority-protected)
    [INCLUDED] term=Spectrum | $SPCX is hunting urban radio spectrum to compete with $T, $VZ and $TMUS —via acquisitions or a 2027 auction. Carriers’ s | reason=kept in briefing (priority-protected)
    [INCLUDED] term=Satellite | Satellite companies could get an extra $6.3 billion for clearing the band quickly | reason=kept in briefing (priority-protected)
    [INCLUDED] term=Spectrum | Upper C-band auction offers another lift for GEO industry

TAMPA, Fla. — Satellite operators have welcomed the prospect | reason=kept in briefing (priority-protected)
    [INCLUDED] term=ABC | Trump ally, Brendan Carr wants to control the media to satisfy Trump. It is a 'chiling message' with the ABC license rev | reason=kept in briefing (priority-protected)
    [INCLUDED] term=Spectrum | Happy to see my paper with @t8el.bsky.social on the Combinatorial Multi-Round Ascending Auction out in print at AEJ: Mic | reason=kept in briefing (priority-protected)
    [INCLUDED] term=Spectrum | FCC Approves Upper C - Band Plan to Expand 5G Spectrum | reason=kept in briefing (priority-protected)
    [INCLUDED] term=Cybersecurity | As Newcastle United celebrates victories on the field, let's ensure our homes are winning against cyber threats with sec | reason=kept in briefing (priority-protected)
    [INCLUDED] term=Cybersecurity | Protection Against Cyberattacks: The U.S. Bans the Import of Humanoid Robots and Smart Inverters #Cybersecurity #Technol | reason=kept in briefing (priority-protected)
    [REJECTED] term=Wireless | [CSPAN] U.S. House of Representatives U.S. House of Representatives: magnifies this target. this helps address these concerns. this would require the... | reason=Duplicate
    [REJECTED] term=Foreign Ownership | [CSPAN] U.S. House of Representatives U.S. House of Representatives: h.r. 820. a bill to direct the federal communications commission to publish a li... | reason=Duplicate
    [REJECTED] term=Space | U.S. FCC approves giant space mirror to deliver 'sunlight on demand,' but what are the legal implications?

Despite hund | reason=Duplicate
    [REJECTED] term=ABC | FCC censorship czar Brendan Carr is threatening the broadcast licenses of eight local ABC stations because Trump doesn’t | reason=Duplicate
    [REJECTED] term=Public Safety | Understanding Escambia County Dispatch : The Critical Hub Of Public Safety And Emergency Response | reason=Low Confidence
    [REJECTED] term=911 | Telcom giants must address 911 outages – Brandon Sun | reason=Low Confidence
    [REJECTED] term=Spectrum | How Icasa ambitious plan aims to beat SA spectrum crunch | reason=Low Confidence
    [REJECTED] term=AT&T | [CSPAN2] Book TV: not allowed to own stocks that are regulated by the federal communications commi... | reason=Low Confidence
    [REJECTED] term=AT&T | [CSPAN2] Author Discussion on Journalism: not allowed to own stocks that are regulated by the federal communications commi... | reason=Low Confidence
    [REJECTED] term=AT&T | [CSPAN2] Author Discussion on Journalism: that. and the idea was my my dad worked for the federal communications commissio... | reason=Low Confidence
    [REJECTED] term=Foreign Ownership | [CSPAN2] U.S. Senate U.S. Senate: -- an act to direct the federal communications commission to publish a list of e... | reason=Low Confidence
    [REJECTED] term=Spectrum | [CSPAN3] Public Affairs Events: conversation on the senate spectrum auction. that would help support the removal... | reason=Low Confidence

SECTION 4 — COVERAGE GAP
  Coverage gaps flagged: 150
    - Qualcomm Still Pushing for Sidelink Rulemaking | provider=RSS | why=Surfaced by a single provider (would be missed without it)
    - Pay-TV Operators Accuse FCC of Flip-Flopping on Ways to Resolve Retransmission Consent Policy Disputes | provider=RSS | why=Surfaced by a single provider (would be missed without it)
    - NAB Meets With FCC’s Anna Gomez to Discuss Broadcast Ownership Rules | provider=RSS | why=Surfaced by a single provider (would be missed without it)
    - Starlink Routers Receive Conditional Exemption From FCC’s Covered List | provider=RSS | why=Surfaced by a single provider (would be missed without it)
    - FCC Bans Foreign-Made Humanoid Robots, Targeting China Over National Security | provider=RSS | why=Surfaced by a single provider (would be missed without it)
    - Space Experts Call for Government Action as Space Data Centers Emerge | provider=RSS | why=Surfaced by a single provider (would be missed without it)
    - The 6G AI uplink panic (Analyst Angle) | provider=RSS | why=Surfaced by a single provider (would be missed without it)
    - AT&T: More Than Half of Residential Fixed Wireless Subs Take a Mobile Line | provider=RSS | why=Surfaced by a single provider (would be missed without it)
    - Verizon Fiber Expanding as Bain, Tillman Invest $1.5 Billion in Eaton | provider=RSS | why=Surfaced by a single provider (would be missed without it)
    - NTIA Extends Tribal Broadband Grant Deadlines Following Chickasaw Nation Visit | provider=RSS | why=Surfaced by a single provider (would be missed without it)
    - How to Fight Back Against Fraudulent Robocalls | provider=RSS | why=Surfaced by a single provider (would be missed without it)
    - Shentel Adds Record 6,200 Fiber Subs | provider=RSS | why=Surfaced by a single provider (would be missed without it)
    - NTIA Launches Global 6G Leadership Initiative | provider=RSS | why=Surfaced by a single provider (would be missed without it)
    - ALLO Fiber to offer AI agents to business customers | provider=RSS | why=Surfaced by a single provider (would be missed without it)
    - Tuesday (telco diary) | D2D in 3D – Amazon appeals to telcos | provider=RSS | why=Surfaced by a single provider (would be missed without it)
    - Mason's Observations on "Wonderwall", "Dai Dai" & New Throwbacks | provider=RSS | why=Surfaced by a single provider (would be missed without it)
    - Wednesday (telco diary) | Orange leads Euro telco revival | provider=RSS | why=Surfaced by a single provider (would be missed without it)
    - More now say AI does more harm than good: Survey | provider=RSS | why=Surfaced by a single provider (would be missed without it)
    - SiriusXM to Debut All-Sports Subscriber Plan | provider=RSS | why=Surfaced by a single provider (would be missed without it)
    - A Visit to Nashville’s WSM(AM) | provider=RSS | why=Surfaced by a single provider (would be missed without it)
    - Beyond the Hype: Ilissa Miller on Responsible Growth, Data Centers and AI | provider=RSS | why=Surfaced by a single provider (would be missed without it)
    - The rise of agentic infra – why NetOps must outpace AI ambitions (Reader Forum) | provider=RSS | why=Surfaced by a single provider (would be missed without it)
    - AT&T and Wave expand their quantum partnership | provider=RSS | why=Surfaced by a single provider (would be missed without it)
    - DoorDash expands beyond drivers with new drone delivery program | provider=RSS | why=Surfaced by a single provider (would be missed without it)
    - Senate Democrats press tech giants on AI safeguards for 'at-risk users' | provider=RSS | why=Surfaced by a single provider (would be missed without it)
    - Zuckerberg knocks AI development centralization, control | provider=RSS | why=Surfaced by a single provider (would be missed without it)
    - Rogue OpenAI agent compromised second tech firm's customer | provider=RSS | why=Surfaced by a single provider (would be missed without it)
    - Trump administration bans foreign-made humanoid robots in move targeting China | provider=RSS | why=Surfaced by a single provider (would be missed without it)
    - AI giants back employee-led push asking US government to 'deliberately pace' development | provider=RSS | why=Surfaced by a single provider (would be missed without it)
    - Russia accuses Telegram CEO Pavel Durov of aiding terrorism in its latest digital crackdown | provider=RSS | why=Surfaced by a single provider (would be missed without it)
    - NHL’s Blue Jackets Dumps Radio Host For TV Audio | provider=RSS | why=Surfaced by a single provider (would be missed without it)
    - Digital Ad-Driven Entravision Preps For Q2 Earnings Reveal | provider=RSS | why=Surfaced by a single provider (would be missed without it)
    - Zip-Up: Mid-West ‘Merger’ To Yield A Nine-Station Zimmer Group | provider=RSS | why=Surfaced by a single provider (would be missed without it)
    - A Post-Bankruptcy Cumulus Will See Print Slasher’s Interest | provider=RSS | why=Surfaced by a single provider (would be missed without it)
    - Spot-Level TV Ad Analysis: Now From MediaRadar | provider=RSS | why=Surfaced by a single provider (would be missed without it)
    - Binder Exits Gray For A TitanTV Sales Role | provider=RSS | why=Surfaced by a single provider (would be missed without it)
    - SiriusXM To Debut A Sports-Focused Subscription Tier | provider=RSS | why=Surfaced by a single provider (would be missed without it)
    - Rapid Transit Sees Riverfront Departure For Virginia Role | provider=RSS | why=Surfaced by a single provider (would be missed without it)
    - XR and AdImpact Pact As Political Ad Spending Ramps Up | provider=RSS | why=Surfaced by a single provider (would be missed without it)
    - KOPN(FM) Now Serves Mid-Missouri With a New BE Transmitter | provider=RSS | why=Surfaced by a single provider (would be missed without it)
    - DHD Releases Version 10.4 Firmware and Options | provider=RSS | why=Surfaced by a single provider (would be missed without it)
    - North Carolina Radio Station Gets Community Lift After Tower Collapse | provider=RSS | why=Surfaced by a single provider (would be missed without it)
    - Hubbard To Lease WTLP To K-Love | provider=RSS | why=Surfaced by a single provider (would be missed without it)
    - What Is KZPS' Blockbuster Move? | provider=RSS | why=Surfaced by a single provider (would be missed without it)
    - Nielsen Spring & June 2026 Ratings Releases 7/29 | provider=RSS | why=Surfaced by a single provider (would be missed without it)
    - Zimmer & Mid-West Family Broadcasting To Merge Springfield MO Operations | provider=RSS | why=Surfaced by a single provider (would be missed without it)
    - SiriusXM Launches Sports Only Subscription; Adds KSPN To Lineup | provider=RSS | why=Surfaced by a single provider (would be missed without it)
    - TM Studios & Capital Of Media Launch TRIL Imaging Library | provider=RSS | why=Surfaced by a single provider (would be missed without it)
    - American Tower Keeps on Rockin’ | provider=RSS | why=Surfaced by a single provider (would be missed without it)
    - Hawaiian Telcom, Utility Reach Pole Removal Deal | provider=RSS | why=Surfaced by a single provider (would be missed without it)
    - Verizon Signs $1 Billion Google Fiber Deal to Support AI Growth | provider=RSS | why=Surfaced by a single provider (would be missed without it)
    - Park Cell Tower in Saint Paul Faces State Natural Resources Hurdles | provider=RSS | why=Surfaced by a single provider (would be missed without it)
    - [Federal Register] Information Collection Being Reviewed by the Federal Communications Commission | provider=Federal Register | why=Surfaced by a single provider (would be missed without it)
    - The FCC's ban on foreign "advanced robotic devices" includes any new ground-based, software-controlled wireless robot over 4.4 pounds, including robot vacuums ( | provider=RSS | why=Surfaced by a single provider (would be missed without it)
    - Trump's Threats to Yank Broadcast Licenses Are Part of a Speech-Chilling Intimidation Campaign: FCC Chairman Brendan Carr Seems to Think TV Stations Are Legally | provider=RSS | why=Surfaced by a single provider (would be missed without it)
    - FCC chair defends new U.S. ban on foreign-made humanoid robots, a market China dominates - NBC News | provider=RSS | why=Surfaced by a single provider (would be missed without it)
    - FCC chair Carr defends new ban on foreign-made humanoid robots - Modern Ghana | provider=RSS | why=Surfaced by a single provider (would be missed without it)
    - FCC Makes Broadband Label Requirements More Consumer-Friendly - In Compliance Magazine | provider=RSS | why=Surfaced by a single provider (would be missed without it)
    - FCC OKs $6.3B in upper C-band incentive payments, but cable ops still concerned | provider=RSS | why=Surfaced by a single provider (would be missed without it)
    - FCC Approves Massive Modernization of Satellite Licensing Regime - Global Policy Watch | provider=RSS | why=Surfaced by a single provider (would be missed without it)
    - SES backs FCC Upper C-band plan for next-gen wireless services - SatellitePro ME | provider=RSS | why=Surfaced by a single provider (would be missed without it)
    - Amazon Seeks FCC Approval to Launch Over 5,000 Starlink Rival Satellites for Direct-to-Device Service - Yahoo Finance | provider=RSS | why=Surfaced by a single provider (would be missed without it)
    - SpaceX Pushes FCC to Target Eutelsat OneWeb in Satellite Dispute With Europe - PCMag Australia | provider=RSS | why=Surfaced by a single provider (would be missed without it)
    - FCC exempts new Starlink routers from Covered List | provider=RSS | why=Surfaced by a single provider (would be missed without it)
    - Democrats Challenge FCC’s Expanded Lowest Unit Rate Policy. - Insideradio.com | provider=RSS | why=Surfaced by a single provider (would be missed without it)
    - FCC Hails Accomplishments Under Its “Build America Agenda” - In Compliance Magazine | provider=RSS | why=Surfaced by a single provider (would be missed without it)
    - FCC Blocks New Foreign-Produced Robots and Power Inverters Over Cyber Risks - thehackernews.com | provider=RSS | why=Surfaced by a single provider (would be missed without it)
    - Faraday Future Believes That the FCC’s New Policy on Robotics Strengthens the Company’s Position to Accelerate Robotics Ecosystem Deployment; Launches Global Va | provider=RSS | why=Surfaced by a single provider (would be missed without it)
    - The FCC bans all robot vacuums made outside the U.S. | provider=RSS | why=Surfaced by a single provider (would be missed without it)
    - Pay TV Group Meets with FCC Staffers to Oppose FCC Ownership Rule Changes | provider=RSS | why=Surfaced by a single provider (would be missed without it)
    - FCC Blocks Import of Certain Power Inverters - rtoinsider.com | provider=RSS | why=Surfaced by a single provider (would be missed without it)
    - Telesat prepared to execute FCC Upper C-band transition plan - Cyprus Shipping News | provider=RSS | why=Surfaced by a single provider (would be missed without it)
    - Free speech groups back Disney in ongoing fight with FCC - TheDesk.net | provider=RSS | why=Surfaced by a single provider (would be missed without it)
    - FCC bans new foreign inverter imports - Solar Power World | provider=RSS | why=Surfaced by a single provider (would be missed without it)
    - Reporters Committee urges FCC to reject petitions to deny ABC license renewals - Reporters Committee for Freedom of the Press | provider=RSS | why=Surfaced by a single provider (would be missed without it)
    - FCC Expands Covered List Prohibitions to Devices with Certain Logic-Bearing Hardware Components, Imposes Compliance Obligations on Online Marketplaces - Wiley R | provider=RSS | why=Surfaced by a single provider (would be missed without it)
    - Experts react to FCC limits on U.S. imports of new humanoid and mobile robots - The Robot Report | provider=RSS | why=Surfaced by a single provider (would be missed without it)
    - FCC: Ban on Foreign-Made Robots Includes Robot Vacuums - PCMag | provider=RSS | why=Surfaced by a single provider (would be missed without it)
    - Comments on FCC License Renewals for ABC Stations Top 150,000 - TVTechnology | provider=RSS | why=Surfaced by a single provider (would be missed without it)
    - FCC Confronts Chinese-Produced Power Inverters and Robots - Foundation for Defense of Democracies | provider=RSS | why=Surfaced by a single provider (would be missed without it)
    - 22 Advocacy Groups Back Disney in FCC Fight: 'The Government Is Violating the First Amendment' - TheWrap | provider=RSS | why=Surfaced by a single provider (would be missed without it)
    - FCC Blocks Chinese Humanoid Robot Imports, Citing Security Risks - AI Business | provider=RSS | why=Surfaced by a single provider (would be missed without it)
    - 22 Advocacy Groups Back Disney in FCC Fight: ‘The Government Is Violating the First Amendment’ (Wrap, The) | provider=RSS | why=Surfaced by a single provider (would be missed without it)
    - FCC bans foreign-made advanced robotic devices and power inverters, under national security move | provider=RSS | why=Surfaced by a single provider (would be missed without it)
    - FCC exempts new Starlink routers from Covered List - Mobile World Live | provider=RSS | why=Surfaced by a single provider (would be missed without it)
    - US FCC Blacklists Foreign Robots on Huawei List as Surveillance Fears Grow – Striking NVIDIA Partner Unitree As Well - wccftech.com | provider=RSS | why=Surfaced by a single provider (would be missed without it)
    - How Brendan Carr Became MAGA’s Media Watchdog - Washingtonian | provider=RSS | why=Surfaced by a single provider (would be missed without it)
    - Court Grants Cumulus Bankruptcy Extension | provider=RSS | why=Surfaced by a single provider (would be missed without it)
    - EchoStar closes AT&amp;T spectrum deal, but wrinkles remain | provider=RSS | why=Surfaced by a single provider (would be missed without it)
    - China threatens retaliation against U.S. humanoid robot ban, says it 'severely damages' relations | provider=RSS | why=Surfaced by a single provider (would be missed without it)
    - The US government just banned Roombas | provider=RSS | why=Surfaced by a single provider (would be missed without it)
    - Trump’s Robot Vacuum Ban Sucks for Everyone | provider=RSS | why=Surfaced by a single provider (would be missed without it)
    - The US government's robot ban also includes vacuums | provider=RSS | why=Surfaced by a single provider (would be missed without it)
    - The FCC and its current chairman, Brendan Carr, were blasted by former heads of the agency and other officials as pursui | provider=BlueSky | why=Surfaced by a single provider (would be missed without it)
    - "A group of former FCC chairs and top agency officials of both parties are calling on current chairman Brendan Carr to e | provider=BlueSky | why=Surfaced by a single provider (would be missed without it)
    - Variety

A group of former FCC officials are accusing Chairman Brendan Carr of trying to “censor Disney and ABC’s speech | provider=BlueSky | why=Surfaced by a single provider (would be missed without it)
    - 𝗙𝗖𝗖 𝘃𝗼𝘁𝗲𝘀 𝗼𝗻 𝟭𝟲𝟬𝗠𝗛𝘇 𝗨𝗽𝗽𝗲𝗿 𝗖-𝗕𝗮𝗻𝗱 𝗮𝘂𝗰𝘁𝗶𝗼𝗻 𝗳𝗼𝗿 𝟱𝗚 𝗮𝗻𝗱 𝟲𝗚
The FCC will vote Wednesday to auction 160 megahertz of Upper C-B | provider=BlueSky | why=Surfaced by a single provider (would be missed without it)
    - Bush 41.  Don’t know if you realize it, but yesterday both of Reagan’s two FCC chairman and Bush 41’s chairman filed a p | provider=BlueSky | why=Surfaced by a single provider (would be missed without it)
    - FCC censorship czar Brendan Carr is threatening the broadcast licenses of eight local ABC stations because Trump doesn’t | provider=BlueSky | why=Surfaced by a single provider (would be missed without it)
    - FCC Slammed by Former Agency Officials Over Review of ABC’s Licenses: ‘An Assault on Free Speech Disguised as Regulatory | provider=BlueSky | why=Surfaced by a single provider (would be missed without it)
    - Several former top officials at the Federal Communications Commission called on FCC Chair Brendan Carr on Tuesday to aba | provider=BlueSky | why=Surfaced by a single provider (would be missed without it)
    - And trump calls people who value checks and balances communist!  Give me a break!  Brendan Carr (FCC) is puttingABC new  | provider=BlueSky | why=Surfaced by a single provider (would be missed without it)
    - Former FCC Chairs Urge Brendan Carr to End ABC Broadcast License Review: ‘An Assault on Free Speech Disguised as Regulat | provider=BlueSky | why=Surfaced by a single provider (would be missed without it)
    - More Americans thinking they rule the world. No, radio spectrum worldwide is not controlled by the FCC.

We need a stron | provider=BlueSky | why=Surfaced by a single provider (would be missed without it)
    - U.S. FCC approves giant space mirror to deliver 'sunlight on demand,' but what are the legal implications? https://t.co/ | provider=BlueSky | why=Surfaced by a single provider (would be missed without it)
    - [CSPAN3] FCC Chair Testifies on 2025 Budget Request: statutory obligation? i'm glad you asked. i do know at present there is conversa... | provider=Cspan3 | why=Surfaced by a single provider (would be missed without it)
    - 中国製ロボットは現代のトロイの木馬だぞ！　「歩くスパイ機器」を締め出す米FCC、中国製ロボット規制の実像と代償 calmist.tokyo/2026/07/30/%... | provider=BlueSky | why=Surfaced by a single provider (would be missed without it)
    - 📢 美国联邦通信委员会（FCC）发布禁令，禁止进口外国制造的人形机器人。中国商务部回应称中方将予以反制，维护正当权益。 | provider=BlueSky | why=Surfaced by a single provider (would be missed without it)
    - FCCがサイバーリスクを理由に、外国製ロボットとパワーインバーターを対象リストに追加。米国での輸入・販売が原則不可に。 | provider=BlueSky | why=Surfaced by a single provider (would be missed without it)
    - The FCC added foreign-produced mobile robots and networked power inverters to its Covered List on July 28, blocking new  | provider=BlueSky | why=Surfaced by a single provider (would be missed without it)
    - Trump FCC gives Tesla a leg up in critical technology race | provider=BlueSky | why=Surfaced by a single provider (would be missed without it)
    - FCC adds foreign-made robots and power inverters to Covered List, restricting new models over cybersecurity concerns. #C | provider=BlueSky | why=Surfaced by a single provider (would be missed without it)
    - Any bets on what the next thing the #FCC is going to ban?

✅ The FCC bans all #robotvacuums made outside the U.S. | Mash | provider=BlueSky | why=Surfaced by a single provider (would be missed without it)
    - FCC untersagt neue ausländische Saugroboter für den US-Markt

https://techupdate.io/smart-home/fcc-untersagt-neue-auslae | provider=BlueSky | why=Surfaced by a single provider (would be missed without it)
    - 米FCCの規制は既存製品ではなく、新型モデルの認証を原則阻む。中国は即時撤回を要求し、米中の技術・通商摩擦はロボットと電力機器へさらに広がった。

中国商務省、米国のロボット・インバーターの新型モデル規制に報復警告　FCCへ即時撤回要求
n | provider=BlueSky | why=Surfaced by a single provider (would be missed without it)
    - China's Commerce Ministry said Thursday the U.S. Federal Communications Commission has repeatedly ignored Beijing's rest | provider=BlueSky | why=Surfaced by a single provider (would be missed without it)
    - 📰 #Finance

"China's Commerce Ministry said Thursday the U.S. Federal Communications Commission has repeatedly ignored B | provider=BlueSky | why=Surfaced by a single provider (would be missed without it)
    - No Internet, No Screen Time? FCC Weighs Cutting Subsidy That Lowers School Internet Bills | provider=BlueSky | why=Surfaced by a single provider (would be missed without it)
    - This is insane:

US bans foreign-produced solar inverters.

The FCC has added foreign-produced power inverters to its Co | provider=BlueSky | why=Surfaced by a single provider (would be missed without it)
    - The Media Research Center cheered lawfare by the Trump administration Federal Communications Commission against The View | provider=BlueSky | why=Surfaced by a single provider (would be missed without it)
    - The U.S. Federal Communications Commission is banning imports of new foreign-made humanoid robots and power inverters, c | provider=BlueSky | why=Surfaced by a single provider (would be missed without it)
    - I really didn't see this coming. But, it's all about precedent. If the FCC can do it to ABC now, a Democratic administra | provider=BlueSky | why=Surfaced by a single provider (would be missed without it)
    - FCC carves out Starlink from foreign-made router ban as national security policy meets supply chain reality

Repost if y | provider=BlueSky | why=Surfaced by a single provider (would be missed without it)
    - “FCC Slammed by Former Agency Officials Over Review of ABC’s Licenses: ‘An Assault on Free Speech Disguised as Regulator | provider=BlueSky | why=Surfaced by a single provider (would be missed without it)
    - 🟡 SCOOP: SpaceX is coming for AT&T, Verizon, and T-Mobile as it tries to fill a hole in its airwaves crucial for a full- | provider=BlueSky | why=Surfaced by a single provider (would be missed without it)
    - $SPCX is hunting urban radio spectrum to compete with $T, $VZ and $TMUS —via acquisitions or a 2027 auction. Carriers’ s | provider=BlueSky | why=Surfaced by a single provider (would be missed without it)
    - Satellite companies could get an extra $6.3 billion for clearing the band quickly | provider=BlueSky | why=Surfaced by a single provider (would be missed without it)
    - Upper C-band auction offers another lift for GEO industry

TAMPA, Fla. — Satellite operators have welcomed the prospect  | provider=BlueSky | why=Surfaced by a single provider (would be missed without it)
    - Trump ally, Brendan Carr wants to control the media to satisfy Trump. It is a 'chiling message' with the ABC license rev | provider=BlueSky | why=Surfaced by a single provider (would be missed without it)
    - [CSPAN2] FCC Commissioner  Others Testify on Biden Administration Policies: senior republican commissioner on the federal communications commission he's bee... | provider=Cspan2 | why=Surfaced by a single provider (would be missed without it)
    - [CSPAN3] FCC Commissioner  Others Testify on Biden Administration Policies: excellent witnesses, brandon carr is a commissioner on the federal communication... | provider=Cspan3 | why=Surfaced by a single provider (would be missed without it)
    - Happy to see my paper with @t8el.bsky.social on the Combinatorial Multi-Round Ascending Auction out in print at AEJ: Mic | provider=BlueSky | why=Surfaced by a single provider (would be missed without it)
    - FCC Approves Upper C - Band Plan to Expand 5G Spectrum | provider=Executivegov.Com | why=Surfaced by a single provider (would be missed without it)
    - SPARK Matrix™: Financial Crime and Compliance Operations Services
Click Here: qksgroup.com/download-sam...
QKS Group’s F | provider=BlueSky | why=Surfaced by a single provider (would be missed without it)
    - READ MORE: bit.ly/4fEOQN0 | provider=BlueSky | why=Surfaced by a single provider (would be missed without it)
    - READ MORE: bit.ly/4hEQ4dJ | provider=BlueSky | why=Surfaced by a single provider (would be missed without it)
    - As Newcastle United celebrates victories on the field, let's ensure our homes are winning against cyber threats with sec | provider=BlueSky | why=Surfaced by a single provider (would be missed without it)
    - DAMN.....On this I can't really blame them for instituting a ban....

tech.yahoo.com/general/arti... | provider=BlueSky | why=Surfaced by a single provider (would be missed without it)
    - The U.S. has banned new Chinese-made humanoid and four-legged robots, along with connected power inverters, from enterin | provider=BlueSky | why=Surfaced by a single provider (would be missed without it)
    - That's pretty much all of them. | provider=BlueSky | why=Surfaced by a single provider (would be missed without it)
    - Protection Against Cyberattacks: The U.S. Bans the Import of Humanoid Robots and Smart Inverters #Cybersecurity #Technol | provider=BlueSky | why=Surfaced by a single provider (would be missed without it)
    - Hold up, the US just slammed the door on foreign humanoid robots, specifically from China, citing national security! Are | provider=BlueSky | why=Surfaced by a single provider (would be missed without it)
    - Gli americani si illudono, se pensano di risolvere i problemi coi divieti. Anche perché poi le terre rare non arrivano.  | provider=BlueSky | why=Surfaced by a single provider (would be missed without it)
    - Absolute stupidity from this idiotic regime.

US bans foreign-produced solar inverters - pv magazine Global share.google | provider=BlueSky | why=Surfaced by a single provider (would be missed without it)
    - Why in God's name? Who the hell wants humanoid robots anyway? *I* sure as hell don't want humanoid robots. Stop fecking  | provider=BlueSky | why=Surfaced by a single provider (would be missed without it)
    - Unreal

ground.news/article/trum... | provider=BlueSky | why=Surfaced by a single provider (would be missed without it)
    - US Bans Foreign Humanoid Robots

ground.news/article/trum... | provider=BlueSky | why=Surfaced by a single provider (would be missed without it)
    - China threatens retaliation against US humanoid robot ban, says it 'severely damages' relations (CNBC) | provider=BlueSky | why=Surfaced by a single provider (would be missed without it)
    - Trump has pissed off every nation on the planet. He has depleted the nation’s military stockpiles. No wonder he wants a  | provider=BlueSky | why=Surfaced by a single provider (would be missed without it)
    - lol, everything you buy that powers on is banned. now you have to pay 5x as much to buy it from a US company 

www.noteb | provider=BlueSky | why=Surfaced by a single provider (would be missed without it)

SECTION 5 — EDITORIAL QUEUE (requires human review)
  Items requiring review: 150
    - Qualcomm Still Pushing for Sidelink Rulemaking | Surfaced by a single provider (would be missed without it)
    - Pay-TV Operators Accuse FCC of Flip-Flopping on Ways to Resolve Retransmission Consent Policy Disputes | Surfaced by a single provider (would be missed without it)
    - NAB Meets With FCC’s Anna Gomez to Discuss Broadcast Ownership Rules | Surfaced by a single provider (would be missed without it)
    - Starlink Routers Receive Conditional Exemption From FCC’s Covered List | Surfaced by a single provider (would be missed without it)
    - FCC Bans Foreign-Made Humanoid Robots, Targeting China Over National Security | Surfaced by a single provider (would be missed without it)
    - Space Experts Call for Government Action as Space Data Centers Emerge | Surfaced by a single provider (would be missed without it)
    - The 6G AI uplink panic (Analyst Angle) | Surfaced by a single provider (would be missed without it)
    - AT&T: More Than Half of Residential Fixed Wireless Subs Take a Mobile Line | Surfaced by a single provider (would be missed without it)
    - Verizon Fiber Expanding as Bain, Tillman Invest $1.5 Billion in Eaton | Surfaced by a single provider (would be missed without it)
    - NTIA Extends Tribal Broadband Grant Deadlines Following Chickasaw Nation Visit | Surfaced by a single provider (would be missed without it)
    - How to Fight Back Against Fraudulent Robocalls | Surfaced by a single provider (would be missed without it)
    - Shentel Adds Record 6,200 Fiber Subs | Surfaced by a single provider (would be missed without it)
    - NTIA Launches Global 6G Leadership Initiative | Surfaced by a single provider (would be missed without it)
    - ALLO Fiber to offer AI agents to business customers | Surfaced by a single provider (would be missed without it)
    - Tuesday (telco diary) | D2D in 3D – Amazon appeals to telcos | Surfaced by a single provider (would be missed without it)
    - Mason's Observations on "Wonderwall", "Dai Dai" & New Throwbacks | Surfaced by a single provider (would be missed without it)
    - Wednesday (telco diary) | Orange leads Euro telco revival | Surfaced by a single provider (would be missed without it)
    - More now say AI does more harm than good: Survey | Surfaced by a single provider (would be missed without it)
    - SiriusXM to Debut All-Sports Subscriber Plan | Surfaced by a single provider (would be missed without it)
    - A Visit to Nashville’s WSM(AM) | Surfaced by a single provider (would be missed without it)
    - Beyond the Hype: Ilissa Miller on Responsible Growth, Data Centers and AI | Surfaced by a single provider (would be missed without it)
    - The rise of agentic infra – why NetOps must outpace AI ambitions (Reader Forum) | Surfaced by a single provider (would be missed without it)
    - AT&T and Wave expand their quantum partnership | Surfaced by a single provider (would be missed without it)
    - DoorDash expands beyond drivers with new drone delivery program | Surfaced by a single provider (would be missed without it)
    - Senate Democrats press tech giants on AI safeguards for 'at-risk users' | Surfaced by a single provider (would be missed without it)
    - Zuckerberg knocks AI development centralization, control | Surfaced by a single provider (would be missed without it)
    - Rogue OpenAI agent compromised second tech firm's customer | Surfaced by a single provider (would be missed without it)
    - Trump administration bans foreign-made humanoid robots in move targeting China | Surfaced by a single provider (would be missed without it)
    - AI giants back employee-led push asking US government to 'deliberately pace' development | Surfaced by a single provider (would be missed without it)
    - Russia accuses Telegram CEO Pavel Durov of aiding terrorism in its latest digital crackdown | Surfaced by a single provider (would be missed without it)
    - NHL’s Blue Jackets Dumps Radio Host For TV Audio | Surfaced by a single provider (would be missed without it)
    - Digital Ad-Driven Entravision Preps For Q2 Earnings Reveal | Surfaced by a single provider (would be missed without it)
    - Zip-Up: Mid-West ‘Merger’ To Yield A Nine-Station Zimmer Group | Surfaced by a single provider (would be missed without it)
    - A Post-Bankruptcy Cumulus Will See Print Slasher’s Interest | Surfaced by a single provider (would be missed without it)
    - Spot-Level TV Ad Analysis: Now From MediaRadar | Surfaced by a single provider (would be missed without it)
    - Binder Exits Gray For A TitanTV Sales Role | Surfaced by a single provider (would be missed without it)
    - SiriusXM To Debut A Sports-Focused Subscription Tier | Surfaced by a single provider (would be missed without it)
    - Rapid Transit Sees Riverfront Departure For Virginia Role | Surfaced by a single provider (would be missed without it)
    - XR and AdImpact Pact As Political Ad Spending Ramps Up | Surfaced by a single provider (would be missed without it)
    - KOPN(FM) Now Serves Mid-Missouri With a New BE Transmitter | Surfaced by a single provider (would be missed without it)
    - DHD Releases Version 10.4 Firmware and Options | Surfaced by a single provider (would be missed without it)
    - North Carolina Radio Station Gets Community Lift After Tower Collapse | Surfaced by a single provider (would be missed without it)
    - Hubbard To Lease WTLP To K-Love | Surfaced by a single provider (would be missed without it)
    - What Is KZPS' Blockbuster Move? | Surfaced by a single provider (would be missed without it)
    - Nielsen Spring & June 2026 Ratings Releases 7/29 | Surfaced by a single provider (would be missed without it)
    - Zimmer & Mid-West Family Broadcasting To Merge Springfield MO Operations | Surfaced by a single provider (would be missed without it)
    - SiriusXM Launches Sports Only Subscription; Adds KSPN To Lineup | Surfaced by a single provider (would be missed without it)
    - TM Studios & Capital Of Media Launch TRIL Imaging Library | Surfaced by a single provider (would be missed without it)
    - American Tower Keeps on Rockin’ | Surfaced by a single provider (would be missed without it)
    - Hawaiian Telcom, Utility Reach Pole Removal Deal | Surfaced by a single provider (would be missed without it)
    - Verizon Signs $1 Billion Google Fiber Deal to Support AI Growth | Surfaced by a single provider (would be missed without it)
    - Park Cell Tower in Saint Paul Faces State Natural Resources Hurdles | Surfaced by a single provider (would be missed without it)
    - [Federal Register] Information Collection Being Reviewed by the Federal Communications Commission | Surfaced by a single provider (would be missed without it)
    - The FCC's ban on foreign "advanced robotic devices" includes any new ground-based, software-controlled wireless robot over 4.4 pounds, including robot vacuums ( | Surfaced by a single provider (would be missed without it)
    - Trump's Threats to Yank Broadcast Licenses Are Part of a Speech-Chilling Intimidation Campaign: FCC Chairman Brendan Carr Seems to Think TV Stations Are Legally | Surfaced by a single provider (would be missed without it)
    - FCC chair defends new U.S. ban on foreign-made humanoid robots, a market China dominates - NBC News | Surfaced by a single provider (would be missed without it)
    - FCC chair Carr defends new ban on foreign-made humanoid robots - Modern Ghana | Surfaced by a single provider (would be missed without it)
    - FCC Makes Broadband Label Requirements More Consumer-Friendly - In Compliance Magazine | Surfaced by a single provider (would be missed without it)
    - FCC OKs $6.3B in upper C-band incentive payments, but cable ops still concerned | Surfaced by a single provider (would be missed without it)
    - FCC Approves Massive Modernization of Satellite Licensing Regime - Global Policy Watch | Surfaced by a single provider (would be missed without it)
    - SES backs FCC Upper C-band plan for next-gen wireless services - SatellitePro ME | Surfaced by a single provider (would be missed without it)
    - Amazon Seeks FCC Approval to Launch Over 5,000 Starlink Rival Satellites for Direct-to-Device Service - Yahoo Finance | Surfaced by a single provider (would be missed without it)
    - SpaceX Pushes FCC to Target Eutelsat OneWeb in Satellite Dispute With Europe - PCMag Australia | Surfaced by a single provider (would be missed without it)
    - FCC exempts new Starlink routers from Covered List | Surfaced by a single provider (would be missed without it)
    - Democrats Challenge FCC’s Expanded Lowest Unit Rate Policy. - Insideradio.com | Surfaced by a single provider (would be missed without it)
    - FCC Hails Accomplishments Under Its “Build America Agenda” - In Compliance Magazine | Surfaced by a single provider (would be missed without it)
    - FCC Blocks New Foreign-Produced Robots and Power Inverters Over Cyber Risks - thehackernews.com | Surfaced by a single provider (would be missed without it)
    - Faraday Future Believes That the FCC’s New Policy on Robotics Strengthens the Company’s Position to Accelerate Robotics Ecosystem Deployment; Launches Global Va | Surfaced by a single provider (would be missed without it)
    - The FCC bans all robot vacuums made outside the U.S. | Surfaced by a single provider (would be missed without it)
    - Pay TV Group Meets with FCC Staffers to Oppose FCC Ownership Rule Changes | Surfaced by a single provider (would be missed without it)
    - FCC Blocks Import of Certain Power Inverters - rtoinsider.com | Surfaced by a single provider (would be missed without it)
    - Telesat prepared to execute FCC Upper C-band transition plan - Cyprus Shipping News | Surfaced by a single provider (would be missed without it)
    - Free speech groups back Disney in ongoing fight with FCC - TheDesk.net | Surfaced by a single provider (would be missed without it)
    - FCC bans new foreign inverter imports - Solar Power World | Surfaced by a single provider (would be missed without it)
    - Reporters Committee urges FCC to reject petitions to deny ABC license renewals - Reporters Committee for Freedom of the Press | Surfaced by a single provider (would be missed without it)
    - FCC Expands Covered List Prohibitions to Devices with Certain Logic-Bearing Hardware Components, Imposes Compliance Obligations on Online Marketplaces - Wiley R | Surfaced by a single provider (would be missed without it)
    - Experts react to FCC limits on U.S. imports of new humanoid and mobile robots - The Robot Report | Surfaced by a single provider (would be missed without it)
    - FCC: Ban on Foreign-Made Robots Includes Robot Vacuums - PCMag | Surfaced by a single provider (would be missed without it)
    - Comments on FCC License Renewals for ABC Stations Top 150,000 - TVTechnology | Surfaced by a single provider (would be missed without it)
    - FCC Confronts Chinese-Produced Power Inverters and Robots - Foundation for Defense of Democracies | Surfaced by a single provider (would be missed without it)
    - 22 Advocacy Groups Back Disney in FCC Fight: 'The Government Is Violating the First Amendment' - TheWrap | Surfaced by a single provider (would be missed without it)
    - FCC Blocks Chinese Humanoid Robot Imports, Citing Security Risks - AI Business | Surfaced by a single provider (would be missed without it)
    - 22 Advocacy Groups Back Disney in FCC Fight: ‘The Government Is Violating the First Amendment’ (Wrap, The) | Surfaced by a single provider (would be missed without it)
    - FCC bans foreign-made advanced robotic devices and power inverters, under national security move | Surfaced by a single provider (would be missed without it)
    - FCC exempts new Starlink routers from Covered List - Mobile World Live | Surfaced by a single provider (would be missed without it)
    - US FCC Blacklists Foreign Robots on Huawei List as Surveillance Fears Grow – Striking NVIDIA Partner Unitree As Well - wccftech.com | Surfaced by a single provider (would be missed without it)
    - How Brendan Carr Became MAGA’s Media Watchdog - Washingtonian | Surfaced by a single provider (would be missed without it)
    - Court Grants Cumulus Bankruptcy Extension | Surfaced by a single provider (would be missed without it)
    - EchoStar closes AT&amp;T spectrum deal, but wrinkles remain | Surfaced by a single provider (would be missed without it)
    - China threatens retaliation against U.S. humanoid robot ban, says it 'severely damages' relations | Surfaced by a single provider (would be missed without it)
    - The US government just banned Roombas | Surfaced by a single provider (would be missed without it)
    - Trump’s Robot Vacuum Ban Sucks for Everyone | Surfaced by a single provider (would be missed without it)
    - The US government's robot ban also includes vacuums | Surfaced by a single provider (would be missed without it)
    - The FCC and its current chairman, Brendan Carr, were blasted by former heads of the agency and other officials as pursui | Surfaced by a single provider (would be missed without it)
    - "A group of former FCC chairs and top agency officials of both parties are calling on current chairman Brendan Carr to e | Surfaced by a single provider (would be missed without it)
    - Variety

A group of former FCC officials are accusing Chairman Brendan Carr of trying to “censor Disney and ABC’s speech | Surfaced by a single provider (would be missed without it)
    - 𝗙𝗖𝗖 𝘃𝗼𝘁𝗲𝘀 𝗼𝗻 𝟭𝟲𝟬𝗠𝗛𝘇 𝗨𝗽𝗽𝗲𝗿 𝗖-𝗕𝗮𝗻𝗱 𝗮𝘂𝗰𝘁𝗶𝗼𝗻 𝗳𝗼𝗿 𝟱𝗚 𝗮𝗻𝗱 𝟲𝗚
The FCC will vote Wednesday to auction 160 megahertz of Upper C-B | Surfaced by a single provider (would be missed without it)
    - Bush 41.  Don’t know if you realize it, but yesterday both of Reagan’s two FCC chairman and Bush 41’s chairman filed a p | Surfaced by a single provider (would be missed without it)
    - FCC censorship czar Brendan Carr is threatening the broadcast licenses of eight local ABC stations because Trump doesn’t | Surfaced by a single provider (would be missed without it)
    - FCC Slammed by Former Agency Officials Over Review of ABC’s Licenses: ‘An Assault on Free Speech Disguised as Regulatory | Surfaced by a single provider (would be missed without it)
    - Several former top officials at the Federal Communications Commission called on FCC Chair Brendan Carr on Tuesday to aba | Surfaced by a single provider (would be missed without it)
    - And trump calls people who value checks and balances communist!  Give me a break!  Brendan Carr (FCC) is puttingABC new  | Surfaced by a single provider (would be missed without it)
    - Former FCC Chairs Urge Brendan Carr to End ABC Broadcast License Review: ‘An Assault on Free Speech Disguised as Regulat | Surfaced by a single provider (would be missed without it)
    - More Americans thinking they rule the world. No, radio spectrum worldwide is not controlled by the FCC.

We need a stron | Surfaced by a single provider (would be missed without it)
    - U.S. FCC approves giant space mirror to deliver 'sunlight on demand,' but what are the legal implications? https://t.co/ | Surfaced by a single provider (would be missed without it)
    - [CSPAN3] FCC Chair Testifies on 2025 Budget Request: statutory obligation? i'm glad you asked. i do know at present there is conversa... | Surfaced by a single provider (would be missed without it)
    - 中国製ロボットは現代のトロイの木馬だぞ！　「歩くスパイ機器」を締め出す米FCC、中国製ロボット規制の実像と代償 calmist.tokyo/2026/07/30/%... | Surfaced by a single provider (would be missed without it)
    - 📢 美国联邦通信委员会（FCC）发布禁令，禁止进口外国制造的人形机器人。中国商务部回应称中方将予以反制，维护正当权益。 | Surfaced by a single provider (would be missed without it)
    - FCCがサイバーリスクを理由に、外国製ロボットとパワーインバーターを対象リストに追加。米国での輸入・販売が原則不可に。 | Surfaced by a single provider (would be missed without it)
    - The FCC added foreign-produced mobile robots and networked power inverters to its Covered List on July 28, blocking new  | Surfaced by a single provider (would be missed without it)
    - Trump FCC gives Tesla a leg up in critical technology race | Surfaced by a single provider (would be missed without it)
    - FCC adds foreign-made robots and power inverters to Covered List, restricting new models over cybersecurity concerns. #C | Surfaced by a single provider (would be missed without it)
    - Any bets on what the next thing the #FCC is going to ban?

✅ The FCC bans all #robotvacuums made outside the U.S. | Mash | Surfaced by a single provider (would be missed without it)
    - FCC untersagt neue ausländische Saugroboter für den US-Markt

https://techupdate.io/smart-home/fcc-untersagt-neue-auslae | Surfaced by a single provider (would be missed without it)
    - 米FCCの規制は既存製品ではなく、新型モデルの認証を原則阻む。中国は即時撤回を要求し、米中の技術・通商摩擦はロボットと電力機器へさらに広がった。

中国商務省、米国のロボット・インバーターの新型モデル規制に報復警告　FCCへ即時撤回要求
n | Surfaced by a single provider (would be missed without it)
    - China's Commerce Ministry said Thursday the U.S. Federal Communications Commission has repeatedly ignored Beijing's rest | Surfaced by a single provider (would be missed without it)
    - 📰 #Finance

"China's Commerce Ministry said Thursday the U.S. Federal Communications Commission has repeatedly ignored B | Surfaced by a single provider (would be missed without it)
    - No Internet, No Screen Time? FCC Weighs Cutting Subsidy That Lowers School Internet Bills | Surfaced by a single provider (would be missed without it)
    - This is insane:

US bans foreign-produced solar inverters.

The FCC has added foreign-produced power inverters to its Co | Surfaced by a single provider (would be missed without it)
    - The Media Research Center cheered lawfare by the Trump administration Federal Communications Commission against The View | Surfaced by a single provider (would be missed without it)
    - The U.S. Federal Communications Commission is banning imports of new foreign-made humanoid robots and power inverters, c | Surfaced by a single provider (would be missed without it)
    - I really didn't see this coming. But, it's all about precedent. If the FCC can do it to ABC now, a Democratic administra | Surfaced by a single provider (would be missed without it)
    - FCC carves out Starlink from foreign-made router ban as national security policy meets supply chain reality

Repost if y | Surfaced by a single provider (would be missed without it)
    - “FCC Slammed by Former Agency Officials Over Review of ABC’s Licenses: ‘An Assault on Free Speech Disguised as Regulator | Surfaced by a single provider (would be missed without it)
    - 🟡 SCOOP: SpaceX is coming for AT&T, Verizon, and T-Mobile as it tries to fill a hole in its airwaves crucial for a full- | Surfaced by a single provider (would be missed without it)
    - $SPCX is hunting urban radio spectrum to compete with $T, $VZ and $TMUS —via acquisitions or a 2027 auction. Carriers’ s | Surfaced by a single provider (would be missed without it)
    - Satellite companies could get an extra $6.3 billion for clearing the band quickly | Surfaced by a single provider (would be missed without it)
    - Upper C-band auction offers another lift for GEO industry

TAMPA, Fla. — Satellite operators have welcomed the prospect  | Surfaced by a single provider (would be missed without it)
    - Trump ally, Brendan Carr wants to control the media to satisfy Trump. It is a 'chiling message' with the ABC license rev | Surfaced by a single provider (would be missed without it)
    - [CSPAN2] FCC Commissioner  Others Testify on Biden Administration Policies: senior republican commissioner on the federal communications commission he's bee... | Surfaced by a single provider (would be missed without it)
    - [CSPAN3] FCC Commissioner  Others Testify on Biden Administration Policies: excellent witnesses, brandon carr is a commissioner on the federal communication... | Surfaced by a single provider (would be missed without it)
    - Happy to see my paper with @t8el.bsky.social on the Combinatorial Multi-Round Ascending Auction out in print at AEJ: Mic | Surfaced by a single provider (would be missed without it)
    - FCC Approves Upper C - Band Plan to Expand 5G Spectrum | Surfaced by a single provider (would be missed without it)
    - SPARK Matrix™: Financial Crime and Compliance Operations Services
Click Here: qksgroup.com/download-sam...
QKS Group’s F | Surfaced by a single provider (would be missed without it)
    - READ MORE: bit.ly/4fEOQN0 | Surfaced by a single provider (would be missed without it)
    - READ MORE: bit.ly/4hEQ4dJ | Surfaced by a single provider (would be missed without it)
    - As Newcastle United celebrates victories on the field, let's ensure our homes are winning against cyber threats with sec | Surfaced by a single provider (would be missed without it)
    - DAMN.....On this I can't really blame them for instituting a ban....

tech.yahoo.com/general/arti... | Surfaced by a single provider (would be missed without it)
    - The U.S. has banned new Chinese-made humanoid and four-legged robots, along with connected power inverters, from enterin | Surfaced by a single provider (would be missed without it)
    - That's pretty much all of them. | Surfaced by a single provider (would be missed without it)
    - Protection Against Cyberattacks: The U.S. Bans the Import of Humanoid Robots and Smart Inverters #Cybersecurity #Technol | Surfaced by a single provider (would be missed without it)
    - Hold up, the US just slammed the door on foreign humanoid robots, specifically from China, citing national security! Are | Surfaced by a single provider (would be missed without it)
    - Gli americani si illudono, se pensano di risolvere i problemi coi divieti. Anche perché poi le terre rare non arrivano.  | Surfaced by a single provider (would be missed without it)
    - Absolute stupidity from this idiotic regime.

US bans foreign-produced solar inverters - pv magazine Global share.google | Surfaced by a single provider (would be missed without it)
    - Why in God's name? Who the hell wants humanoid robots anyway? *I* sure as hell don't want humanoid robots. Stop fecking  | Surfaced by a single provider (would be missed without it)
    - Unreal

ground.news/article/trum... | Surfaced by a single provider (would be missed without it)
    - US Bans Foreign Humanoid Robots

ground.news/article/trum... | Surfaced by a single provider (would be missed without it)
    - China threatens retaliation against US humanoid robot ban, says it 'severely damages' relations (CNBC) | Surfaced by a single provider (would be missed without it)
    - Trump has pissed off every nation on the planet. He has depleted the nation’s military stockpiles. No wonder he wants a  | Surfaced by a single provider (would be missed without it)
    - lol, everything you buy that powers on is banned. now you have to pay 5x as much to buy it from a US company 

www.noteb | Surfaced by a single provider (would be missed without it)

========================================================================
========================================================================
FCC BULLETIN — EDITOR AUDIT   agency=fcc   2026-07-30T05:22:51
========================================================================

SECTION 1 — ARTICLES COLLECTED
  Total collected (post domain-exclusion): 419
  Unique after dedup: 325   Classified: 316   In briefing: 150
  Provider breakdown:
    Talkwalker       0
    NewsAPI.ai       0
    Event Registry   0
    RSS              111
    Government       0
    GDELT            0
    Other            308

SECTION 2 — ARTICLES REMOVED
  Total removed: 270
  [Duplicate] — 94
    - Pay TV Group Meets with FCC Staffers to Oppose FCC Ownership Rule Changes - TVTechnology  | provider=RSS | reason=Duplicate
    - NAB Meets With FCC’s Anna Gomez to Discuss Broadcast Ownership Rules - radioworld.com  | provider=RSS | reason=Duplicate
    - FCC Bans Foreign-Made Humanoid Robots, Targeting China Over National Security - Broadband Breakfast  | provider=RSS | reason=Duplicate
    - Starlink Routers Receive Conditional Exemption From FCC’s Covered List - Broadband Breakfast  | provider=RSS | reason=Duplicate
    - FCC OKs $6.3B in upper C-band incentive payments, but cable ops still concerned - Light Reading  | provider=RSS | reason=Duplicate
    - Faraday Future Believes That the FCC’s New Policy on Robotics Strengthens the Company’s Position to Accelerate Robotics Ecosystem Deployment; Launches Global Va  | provider=RSS | reason=Duplicate
    - Faraday Future Believes That the FCC’s New Policy on Robotics Strengthens the Company’s Position to Accelerate Robotics Ecosystem Deployment; Launches Global Va  | provider=RSS | reason=Duplicate
    - US restrictions on Chinese robots and inverters self - defeating and destabilizing  | provider=Europe.Chinadaily.Com.Cn | reason=Duplicate
    - China opposes US over import ban  | provider=Usa.Chinadaily.Com.Cn | reason=Duplicate
    - Lebensmittel , Strom , Versicherungen : Wo fast jeder Haushalt zu viel zahlt  | provider=Merkur.De | reason=Duplicate
    - Lebensmittel , Strom , Versicherungen : Wo fast jeder Haushalt zu viel zahlt  | provider=Hna.De | reason=Duplicate
    - Lebensmittel , Strom , Versicherungen : Wo fast jeder Haushalt zu viel zahlt  | provider=Come-On.De | reason=Duplicate
    - China warns of retaliation if US sticks with robot ban  | provider=Freemalaysiatoday.Com | reason=Duplicate
    - China warns of retaliation if US sticks with robot ban  | provider=Dailymaverick.Co.Za | reason=Duplicate
    - Trump FCC gives Tesla a leg up in critical technology race  | provider=Finance.Yahoo.Com | reason=Duplicate
    - U . S . bans foreign - made humanoid robots , targeting China over national security concerns  | provider=Texarkanagazette.Com | reason=Duplicate
    - Ties strong between San Bernardino elected officials , businessman implicated in FBI probe  | provider=Ocregister.Com | reason=Duplicate
    - US Bans Foreign - Made Humanoid Robots , Targeting China Over National Security  | provider=Theyeshivaworld.Com | reason=Duplicate
    - U . S . bans foreign - made humanoid robots , targeting China over national security  | provider=Inquirer.Com | reason=Duplicate
    - St . Paul police chief says mayor sexually harassed employees ; investigation underway  | provider=Grandforksherald.Com | reason=Duplicate
    - St . Paul police chief says mayor sexually harassed employees ; investigation underway  | provider=Pineandlakes.Com | reason=Duplicate
    - St . Paul police chief says mayor sexually harassed employees ; investigation underway  | provider=Inforum.Com | reason=Duplicate
    - SpaceX Pushes FCC to Target Eutelsat OneWeb in Satellite Dispute With Europe  | provider=Pcmag.Com | reason=Duplicate
    - St . Paul police chief says mayor sexually harassed employees ; investigation underway  | provider=Perhamfocus.Com | reason=Duplicate
    - US bans foreign - made humanoid robots , targeting China over national security  | provider=Mymotherlode.Com | reason=Duplicate
    - Pro - data center industry group behind ad campaign in Oregon , six other states  | provider=Idahostatejournal.Com | reason=Duplicate
    - US bans foreign - made humanoid robots , targeting China over security  | provider=Broomfieldenterprise.Com | reason=Duplicate
    - US bans foreign - made humanoid robots , targeting China over security  | provider=Lowellsun.Com | reason=Duplicate
    - Lindsey Graham returns home one last time for his funeral in South Carolina  | provider=Dailygazette.Com | reason=Duplicate
    - Lindsey Graham returns home one last time for his funeral in South Carolina  | provider=Postregister.Com | reason=Duplicate
    - Lindsey Graham returns home one last time for his funeral in South Carolina  | provider=Mykxlg.Com | reason=Duplicate
    - US bans foreign - made humanoid robots . Here why  | provider=Ktiv.Com | reason=Duplicate
    - US bans foreign - made humanoid robots , targeting China over security  | provider=Citizensvoice.Com | reason=Duplicate
    - US bans foreign - made humanoid robots , targeting China over security  | provider=Republicanherald.Com | reason=Duplicate
    - US bans foreign - made humanoid robots , targeting China over security  | provider=Advocate-News.Com | reason=Duplicate
    - US bans foreign - made humanoid robots , targeting China over security  | provider=Twincities.Com | reason=Duplicate
    - US bans foreign - made humanoid robots , targeting China over security  | provider=Sandiegouniontribune.Com | reason=Duplicate
    - US bans foreign - made humanoid robots , targeting China over national security  | provider=Abc12.Com | reason=Duplicate
    - US bans foreign - made humanoid robots , targeting China over security  | provider=Greeleytribune.Com | reason=Duplicate
    - US bans foreign - made humanoid robots , targeting China over security  | provider=Reporterherald.Com | reason=Duplicate
    - US bans foreign - made humanoid robots , targeting China over security  | provider=Orovillemr.Com | reason=Duplicate
    - US bans foreign - made humanoid robots , targeting China over security  | provider=Eptrail.Com | reason=Duplicate
    - US bans foreign - made humanoid robots , targeting China over security  | provider=Akronnewsreporter.Com | reason=Duplicate
    - US bans foreign - made humanoid robots , targeting China over security  | provider=Dailydemocrat.Com | reason=Duplicate
    - US bans foreign - made humanoid robots , targeting China over national security  | provider=Adn.Com | reason=Duplicate
    - US bans foreign - made humanoid robots , targeting China over security  | provider=Ocregister.Com | reason=Duplicate
    - US bans foreign - made humanoid robots , targeting China over security  | provider=Pressdemocrat.Com | reason=Duplicate
    - US bans foreign - made humanoid robots , targeting China over security  | provider=Dailynews.Com | reason=Duplicate
    - US bans foreign - made humanoid robots . Here why  | provider=Fox8Live.Com | reason=Duplicate
    - US bans foreign - made humanoid robots , targeting China over national security  | provider=Ktbs.Com | reason=Duplicate
    - US bans foreign - made humanoid robots , targeting China  | provider=Wgal.Com | reason=Duplicate
    - FCC Bans Chinese Humanoid Robots Over Security Concerns  | provider=Knst.Iheart.Com | reason=Duplicate
    - US bans foreign - made humanoid robots , targeting China  | provider=Wgauradio.Com | reason=Duplicate
    - FCC Bans Chinese Humanoid Robots Over Security Concerns  | provider=Wmmbam.Iheart.Com | reason=Duplicate
    - US bans foreign - made humanoid robots , targeting China  | provider=Wpbf.Com | reason=Duplicate
    - FCC Bans Chinese Humanoid Robots Over Security Concerns  | provider=1430Kasi.Iheart.Com | reason=Duplicate
    - U . S . bans foreign - made humanoid robots , targeting China – NBC New York  | provider=Nbcnewyork.Com | reason=Duplicate
    - FCC Bans Chinese Humanoid Robots Over Security Concerns  | provider=Wrno.Iheart.Com | reason=Duplicate
    - FCC Bans Chinese Humanoid Robots Over Security Concerns  | provider=590Kqnt.Iheart.Com | reason=Duplicate
    - FCC Bans Chinese Humanoid Robots Over Security Concerns  | provider=Kfyi.Iheart.Com | reason=Duplicate
    - US bans foreign - made humanoid robots , targeting China  | provider=4029Tv.Com | reason=Duplicate
    - FCC Bans Chinese Humanoid Robots Over Security Concerns  | provider=Kste.Iheart.Com | reason=Duplicate
    - US bans foreign - made humanoid robots , targeting China over national security  | provider=Asiaone.Com | reason=Duplicate
    - FCC Bans Chinese Humanoid Robots Over Security Concerns  | provider=Wtkg.Iheart.Com | reason=Duplicate
    - FCC Bans Chinese Humanoid Robots Over Security Concerns  | provider=Jetradio1400.Iheart.Com | reason=Duplicate
    - FCC Bans Chinese Humanoid Robots Over Security Concerns | NewsTalk WMEQ  | provider=Wmeq.Iheart.Com | reason=Duplicate
    - FCC Bans Chinese Humanoid Robots Over Security Concerns  | provider=Talkradio1059.Iheart.Com | reason=Duplicate
    - FCC Bans Chinese Humanoid Robots Over Security Concerns  | provider=Newsradio1290Wtks.Iheart.Com | reason=Duplicate
    - FCC Bans Chinese Humanoid Robots Over Security Concerns  | provider=Koacolorado.Iheart.Com | reason=Duplicate
    - FCC Bans Chinese Humanoid Robots Over Security Concerns  | provider=Kfab.Iheart.Com | reason=Duplicate
    - FCC Bans Chinese Humanoid Robots Over Security Concerns  | provider=1440Wgig.Iheart.Com | reason=Duplicate
    - Colgate - Palmolive ( India ) Achieves Its 2025 Sustainability Goals , Unveils the Next Phase of  We Make India Smile  | provider=Aninews.In | reason=Duplicate
    - Τύμπανα πολέμου από Ισραήλ : Η Τουρκία το νέο Ιράν - Η Άγκυρα θα γεμίσει πτώματα , η « Οθωμανική Αυτοκρατορία » θα ξαναπέσει  | provider=Bankingnews.Gr | reason=Duplicate
    - [CSPAN] Federalist Society Previews Supreme Court Term Part 1: delegation something we should consider. the inspector general's office has aske...  | provider=Cspan | reason=Duplicate
    - [CSPAN] Federalist Society Previews Supreme Court Term Part 1: has asked for a search warrant in that case. there are a bunch of cases involvin...  | provider=Cspan | reason=Duplicate
    - [CSPAN] Federalist Society Previews Supreme Court Term: delegation something we should consider. the inspector general's office has aske...  | provider=Cspan | reason=Duplicate
    - [CSPAN2] FCC Commissioner  Others Testify on Biden Administration Policies: okay. today were joined by excellent witnesses and the honorable senior republic...  | provider=Cspan2 | reason=Duplicate
    - [CSPAN3] Discussion on Emerging AI Technologies: media attack new media and try to use regulation to deal with that. it is really...  | provider=Cspan3 | reason=Duplicate
    - [CSPAN3] Discussion on Emerging AI Technologies: to use regulation to deal with that. it is really because of newspapers lobbying...  | provider=Cspan3 | reason=Duplicate
    - [CSPAN] U.S. House of Representatives U.S. House of Representatives: sector. the fact act will require the federal communications commission to publi...  | provider=Cspan | reason=Duplicate
    - [CSPAN] U.S. House of Representatives U.S. House of Representatives: magnifies this target. this helps address these concerns. this would require the...  | provider=Cspan | reason=Duplicate
    - [CSPAN] U.S. House of Representatives U.S. House of Representatives: h.r. 820. a bill to direct the federal communications commission to publish a li...  | provider=Cspan | reason=Duplicate
    - [CSPAN] U.S. House of Representatives U.S. House of Representatives: recognized as the equipment and services used in their drones to the federal com...  | provider=Cspan | reason=Duplicate
    - [CSPAN3] Nixon Administration 1970s Womens Initiatives: summary was urging the appointment of a woman to the federal communications comm...  | provider=Cspan3 | reason=Duplicate
    - [CSPAN3] Nixon Administration 1970s Womens Initiatives: nixon. this is an item in his news summary was urging the appointment of a woman...  | provider=Cspan3 | reason=Duplicate
    - [CSPAN] NTSB Chair and Others Discuss New Vehicle Technology and Safety Standards: yet, there is more work to be done. the federal communications commission wil  | provider=Cspan | reason=Duplicate
    - Trump FCC gives Tesla a leg up in critical technology race  | provider=BlueSky | reason=Duplicate
    - U.S. FCC approves giant space mirror to deliver 'sunlight on demand,' but what are the legal implications?

Despite hund  | provider=BlueSky | reason=Duplicate
    - The U.S. has banned new Chinese-made humanoid and four-legged robots, along with connected power inverters, from enterin  | provider=BlueSky | reason=Duplicate
    - China threatens retaliation against U.S. humanoid robot ban, says it 'severely damages' relations

www.cnbc.com/2026/07/  | provider=BlueSky | reason=Duplicate
    - China threatens retaliation against U.S. humanoid robot ban, says it 'severely damages' relations

www.cnbc.com/2026/07/  | provider=BlueSky | reason=Duplicate
    - China threatens retaliation against U.S. humanoid robot ban, says it 'severely damages' relations cnb.cx/4fI8Uhx  | provider=BlueSky | reason=Duplicate
    - China threatens retaliation against U.S. humanoid robot ban, says it 'severely damages' relations  | provider=BlueSky | reason=Duplicate
    - FCC censorship czar Brendan Carr is threatening the broadcast licenses of eight local ABC stations because Trump doesn’t  | provider=BlueSky | reason=Duplicate
  [Corporate Noise] — 9
    - PMI Names Jeannie Ericson Inaugural CEO  | provider=RSS | reason=Corporate Noise
    - NAFB Names Rita Frazer and Tom Cassidy as 2026 Hall of Fame Inductees  | provider=RSS | reason=Corporate Noise
    - Ericson Appointed Inaugural PMI CEO  | provider=RSS | reason=Corporate Noise
    - Beadnell Promoted To Top Role Of Heritage TV Operation  | provider=RSS | reason=Corporate Noise
    - Colorado Unveils Roadmap for Statewide $31.5M Middle-Mile Broadband Network  | provider=RSS | reason=Corporate Noise
    - Allison Demers Joins WIHS As News Director & Afternoon Host  | provider=RSS | reason=Corporate Noise
    - Ian Rambo Joins Connoisseur Fredericksburg As Operations Manager & WFLS Morning Host  | provider=RSS | reason=Corporate Noise
    - Spotwise Unveils System to Automate Media Tasks  | provider=RSS | reason=Corporate Noise
    - Colgate - Palmolive ( India ) Achieves Its 2025 Sustainability Goals , Unveils the Next Phase of  We Make India Smile  | provider=Indiagazette.Com | reason=Corporate Noise
  [Low Confidence] — 166
    - U . S . bans foreign - made humanoid robots , targeting China over national security  | provider=Japantoday.Com | reason=Low Confidence
    - China threatens retaliation against U . S . humanoid robot ban , says it  severely damage relations  | provider=Cnbc.Com | reason=Low Confidence
    - Lindsey Graham returns home one last time for his funeral in South Carolina  | provider=Southcarolinapublicradio.Org | reason=Low Confidence
    - St . Paul police chief says mayor sexually harassed employees ; investigation underway  | provider=Wadenapj.Com | reason=Low Confidence
    - US Bans Foreign Humanoid Robots

ground.news/article/trum...  | provider=BlueSky | reason=Low Confidence
    - Achtung Brandgefahr beim Parken im trockenen Gras  | provider=Tips.At | reason=Low Confidence
    - US restrictions on Chinese robots and inverters self - defeating and destabilizing  | provider=Usa.Chinadaily.Com.Cn | reason=Low Confidence
    - Globus Bank Receives Inaugural Fitch Ratings  | provider=Vanguardngr.Com | reason=Low Confidence
    - China opposes US over import ban  | provider=Europe.Chinadaily.Com.Cn | reason=Low Confidence
    - Even The Right Thinks Trump FCC is Crossing the Line FTVLive  | provider=Ftvlive.Com | reason=Low Confidence
    - China warns of retaliation if US sticks with robot ban  | provider=Thefrontierpost.Com | reason=Low Confidence
    - Wjle Radio Newsad Center  | provider=Unitaid.Eu | reason=Low Confidence
    - Lebensmittel , Strom , Versicherungen : Wo fast jeder Haushalt zu viel zahlt  | provider=Merkur.De | reason=Low Confidence
    - SES S . A .: SES Reports H1 2026 Results & Reiterates Full - Year Outlook  | provider=Finanznachrichten.De | reason=Low Confidence
    - China Says US Humanoid Robot Ban  Severely Damage Relations - Tesla ( NASDAQ : TSLA )  | provider=Benzinga.Com | reason=Low Confidence
    - China threatens retaliation over US import ban on robots , power inverters  | provider=Arabnews.Com | reason=Low Confidence
    - AG Fitch urges for stronger FCC rules for robocalls , scam texts  | provider=Wxxv25.Com | reason=Low Confidence
    - Wie Google Maps : Ein Hightech - Auto digitalisiert Euskirchen  | provider=Ksta.De | reason=Low Confidence
    - Radschnellweg wird länger : Nächste Etappe in Garching eröffnet  | provider=Merkur.De | reason=Low Confidence
    - Confindustria e le ricette a deficit . Di realtà  | provider=Agoravox.It | reason=Low Confidence
    - Китай завершил сборку рекордного 582 - тонного магнита для будущего « искусственного Солнца » » Gazeta . kg новости Кыргызстана и Бишкека сегодня  | provider=Gazeta.Kg | reason=Low Confidence
    - Sri Lanka : A Judiciary in Disarray After Years of Neglect  | provider=Slguardian.Org | reason=Low Confidence
    - Η Βόρεια Θάλασσα και η ενεργειακή στροφή του Ηνωμένου Βασιλείου  | provider=Sbctv.Gr | reason=Low Confidence
    - Ли Чжэ Мён : FTA с Чили должно учитывать новую ситуацию  | provider=World.Kbs.Co.Kr | reason=Low Confidence
    - China threatens retaliation against US humanoid robot ban, says it 'severely damages' relations (CNBC)  | provider=BlueSky | reason=Low Confidence
    - Trump has pissed off every nation on the planet. He has depleted the nation’s military stockpiles. No wonder he wants a  | provider=BlueSky | reason=Low Confidence
    - lol, everything you buy that powers on is banned. now you have to pay 5x as much to buy it from a US company 

www.noteb  | provider=BlueSky | reason=Low Confidence
    - Measures likely to test relations with Beijing ahead of Xi's planned visit to U.S.  | provider=BlueSky | reason=Low Confidence
    - AP Business SummaryBrief at 10 : 20 p . m . EDT  | provider=Mankatofreepress.Com | reason=Low Confidence
    - Ties strong between San Bernardino County elected officials , West Covina businessman implicated in FBI probe  | provider=Dailynews.Com | reason=Low Confidence
    - US bans foreign - made humanoid robots , targeting China over national security  | provider=Macaudailytimes.Com.Mo | reason=Low Confidence
    - China warns of retaliation over US curbs on robots , inverters  | provider=Economictimes.Indiatimes.Com | reason=Low Confidence
    - Flume Water Monitor 915 MHz Signal Security – It Not Bad  | provider=Waveformsecurity.Com | reason=Low Confidence
    - FCC Bans Import of Chinese - Made Humanoid Robots , Targeting China Dominance in Market  | provider=Chinatechnews.Com | reason=Low Confidence
    - Amazon Leo Wants to Start Their Own Satellite Phone Company  | provider=929Thebull.Com | reason=Low Confidence
    - The 6 Greatest Episodes of  The Twilight Zone  | provider=Movieweb.Com | reason=Low Confidence
    - Pig Works begins construction on new Walnut Hills headquarters  | provider=Wlwt.Com | reason=Low Confidence
    - Ties strong between San Bernardino elected officials , businessman implicated in FBI probe  | provider=Dailybulletin.Com | reason=Low Confidence
    - New DUI law closes significant  loophole  for prosecutors  | provider=Claremoreprogress.Com | reason=Low Confidence
    - Pro - data center industry group behind ad campaign in Oregon , six other states  | provider=Postregister.Com | reason=Low Confidence
    - Behind Scenes At Our Freeway Control Centre  | provider=Miragenews.Com | reason=Low Confidence
    - US bans foreign - made humanoid robots . Here why  | provider=Ksla.Com | reason=Low Confidence
    - FCC bans new Chinese robots and power inverters  | provider=Thebusinessjournal.Com | reason=Low Confidence
    - Who wins and who loses after US bans foreign robots ?  | provider=Arstechnica.Com | reason=Low Confidence
    - Pro - Data Center Ads Target Oregon , Here Who Behind Them  | provider=Corvallisadvocate.Com | reason=Low Confidence
    - U . S . Expands National Security Ban to Include Humanoid and Quadruped Robots  | provider=English.Pravda.Ru | reason=Low Confidence
    - FCC Cracks Down on Provider Accused of Fraud in  Obama Phone  Program – PJ Media  | provider=Pjmedia.Com | reason=Low Confidence
    - The US Government Robot Ban Also Includes Vacuums  | provider=Engadget.Com | reason=Low Confidence
    - Phone networks must do more to prevent illegal robocalls : AGs  | provider=Brooklyneagle.Com | reason=Low Confidence
    - Almost all future robot vacuums were just banned by the US government  | provider=9To5Mac.Com | reason=Low Confidence
    - ABC and Disney Face FCC License Battle as Defenders Struggle With Legal Rebutt  | provider=Newsbusters.Org | reason=Low Confidence
    - Lindsey Graham returns home as friends honor his South Carolina ties at funeral  | provider=Independent.Co.Uk | reason=Low Confidence
    - AST SpaceMobile vs . QuantumScape : Which Stock Is a Better Buy in 2026 ?  | provider=Fool.Com | reason=Low Confidence
    - Launch Manifests Are Becoming Spectrum Policy – SatNews  | provider=Satnews.Com | reason=Low Confidence
    - The invisible hand of  content delivery network - The HinduBusinessLine  | provider=Thehindubusinessline.Com | reason=Low Confidence
    - Busted Newspaper Boonville MO : Navigating Local Public Records And Community Awareness  | provider=Unitaid.Eu | reason=Low Confidence
    - LankaWeb – Sri Lanka : A judicial system in disarray due to years of neglect  | provider=Lankaweb.Com | reason=Low Confidence
    - SMA Solar Aktie kaufen oder verkaufen ? Analyse & Prognose 2026  | provider=Boerse-Express.Com | reason=Low Confidence
    - Tages - Trading - Chancen am Donnerstag den 04 . 06 . 2026 - 500 Beiträge pro Seite  | provider=Wallstreet-Online.De | reason=Low Confidence
    - www.foxnews.com/media/conser...  | provider=BlueSky | reason=Low Confidence
    - Trying to keep up with the situational nanny-statism of this administration makes me feel like I’m taking crazy pills.  | provider=BlueSky | reason=Low Confidence
    - Trump Administration Bans Chinese Humanoid Robots , Robot Dogs Over National Security Concerns  | provider=Dailycaller.Com | reason=Low Confidence
    - FCC slaps ban on Chinese robots revealing US plans for unmanned warfighting  | provider=Theblaze.Com | reason=Low Confidence
    - The ACLU Supports Disney CEO Josh DAmaro In FCC Fight  | provider=Laughingplace.Com | reason=Low Confidence
    - You Can Stream Local TV Channels For Free Here How  | provider=Engadget.Com | reason=Low Confidence
    - FCC announces ban on foreign humanoid robots , targeting China  | provider=Americanbazaaronline.Com | reason=Low Confidence
    - US Bans New Chinese Humanoid Robot Imports as Tech Rivalry With Beijing Escalates  | provider=Bearingdrift.Com | reason=Low Confidence
    - The US just banned Chinese humanoid robots and power inverters over security fears  | provider=Techspot.Com | reason=Low Confidence
    - US bans foreign - made humanoid robots , targets China over national security  | provider=Tribuneonlineng.Com | reason=Low Confidence
    - US Slams Door On Chinese Humanoid Robots Over Spying Threats  | provider=Hothardware.Com | reason=Low Confidence
    - US Bans Chinese and Foreign - Made Humanoid Robots  | provider=En.Tempo.Co | reason=Low Confidence
    - US restricts humanoid robot imports from China over national security concerns  | provider=Businesstoday.In | reason=Low Confidence
    - 22 Advocacy Groups Line Up to Support Disney in Tangle With FCC  | provider=Variety.Com | reason=Low Confidence
    - US bans imports of foreign - made humanoid robots ahead of Trump - Xi meet , targets China - dominated market  | provider=Hindustantimes.Com | reason=Low Confidence
    - Trump admin bans foreign - made robots , power gear amid fears of Chinese influence  | provider=Eenews.Net | reason=Low Confidence
    - Latest Articles  | provider=Freerepublic.Com | reason=Low Confidence
    - Trump administration bans imports of Chinese - made humanoid robots  | provider=Yahoo.Com | reason=Low Confidence
    - US bans foreign - made humanoid robots , targeting China  | provider=Koat.Com | reason=Low Confidence
    - Humanoid robot imports banned as U . S . targets Chinese products over national security concerns  | provider=Cbsnews.Com | reason=Low Confidence
    - FCC Bans Chinese Humanoid Robots Over Security Concerns  | provider=Kogo.Iheart.Com | reason=Low Confidence
    - FCC Bans Chinese Humanoid Robots Over Security Concerns | Talk Radio 105 . 9  | provider=Knrs.Iheart.Com | reason=Low Confidence
    - FCC Bans Chinese Humanoid Robots Over Security Concerns | News Radio 101 . 9 Big WAAX  | provider=1019Bigwaax.Iheart.Com | reason=Low Confidence
    - The US government just blacklisted foreign - made robots and power inverters  | provider=Digitaltrends.Com | reason=Low Confidence
    - La consultora de Eduardo Costantini da un giro y revela su nueva inversión estrella  | provider=Iprofesional.Com | reason=Low Confidence
    - Comments on FCC License Renewals for ABC Stations Top 150 , 000  | provider=Tvtechnology.Com | reason=Low Confidence
    - Κερδοφορία , επενδύσεις και διεθνής δυναμική οδηγούν την επόμενη ημέρα της ElvalHalcor  | provider=Iefimerida.Gr | reason=Low Confidence
    - OK忠訓信貸mobiel01 『 借錢不難 快速借款 』 房貸轉貸 證件借錢 - 刷卡借現金 , 房貸試算月計算 , 彰化銀行最快速借錢的方法  | provider=Blog.Udn.Com | reason=Low Confidence
    - Minensektor vor Berichtssaison : Sturm in Chile , Rekord - Cash bei Pan American  | provider=Boerse-Express.Com | reason=Low Confidence
    - Насколько приватен DuckDuckGo : Bing , трекеры Microsoft и реальные ограничени  | provider=Securitylab.Ru | reason=Low Confidence
    - Who Are The CNN Presenters Female Journalists Leading Global News Coverage Today ?  | provider=Unitaid.Eu | reason=Low Confidence
    - Trump Administration Bans New Chinese Humanoid Robots
https://hardware.slashdot.org/story/26/07/29/0441240/trump-adminis  | provider=BlueSky | reason=Low Confidence
    - Trump Administration Bans New Chinese Humanoid Robots

https://hardware.slashdot.org/story/26/07/29/0441240/trump-admini  | provider=BlueSky | reason=Low Confidence
    - More bangers  | provider=BlueSky | reason=Low Confidence
    - variety.com/2026/tv/news...  | provider=BlueSky | reason=Low Confidence
    - Exactly.  | provider=BlueSky | reason=Low Confidence
    - Speaking out against censorship, especially when you have a platform, is essential: variety.com/2026/tv/news...  | provider=BlueSky | reason=Low Confidence
    - Gen Z Rewrites India Political Campaign Playbook : Apar Gupta on Digital Protests , Censorship and Internet Shutdowns  | provider=Openthemagazine.Com | reason=Low Confidence
    - Centene ( CNC ) Q2 2026 Earnings Call Transcript  | provider=Fool.Com | reason=Low Confidence
    - Science Confirms the Existence of a  Demon  Quasiparticle Predicted Nearly 70 Years Ago  | provider=Dailygalaxy.Com | reason=Low Confidence
    - Microsoft Aktie : Bewährungsprobe vor Quartalszahlen  | provider=Boerse-Express.Com | reason=Low Confidence
    - Слънцето , вятърът и термопомпите могат да заличат зависимостта на ЕС от втечнен газ  | provider=Investor.Bg | reason=Low Confidence
    - ELVALHALCOR : Ισχυρό α  εξάμηνο με άνοδο όγκων και εκτόξευση 79 % στα κέρδη προ φόρων - Ειδήσεις για το χρηματιστήριο και τις αγορές  | provider=Mikrometoxos.Gr | reason=Low Confidence
    - Elvalhalcor : Αυξημένα 78 , 6 % τα κέρδη προ φόρων στο α  εξάμηνο - Στα 2 , 197 δισ . ευρώ ο τζίρος  | provider=Sofokleous10.Gr | reason=Low Confidence
    - ΕΛΒΑΛΧΑΛΚΟΡ : Aλμα 74 % στα καθαρά κέρδη – Στα 2 , 2 δισ . ευρώ ο τζίρος  | provider=Bankwars.Gr | reason=Low Confidence
    - DAX & Nasdaq : Das belastet - KOSPI , Mercedes , Teamviewer , LVMH , J & J , Iran , Nvidia , SpaceX , Bitcoin  | provider=Boerse-Online.De | reason=Low Confidence
    - Drecun : SAD žele da im Srbija bude najznačajniji partner u regionu  | provider=Politika.Rs | reason=Low Confidence
    - Исследование : ветер , солнце и тепловые насосы снизят зависимость ЕС от СПГ к 2030 году  | provider=Ru.Euronews.Com | reason=Low Confidence
    - Elvalhalcor : Αλμα 78 , 6 % στα κέρδη προ φόρων το πρώτο εξάμηνο  | provider=Euro2Day.Gr | reason=Low Confidence
    - Elvalhalcor : Ρεκόρ κερδοφορίας – +79 % στα προ φόρων κέρδη και ισχυρές ταμειακές ροές το α εξάμηνο  | provider=Reporter.Gr | reason=Low Confidence
    - Global dimming : pourquoi la Terre absorbe de plus en plus de chaleur solaire  | provider=Lessentiel.Lu | reason=Low Confidence
    - Mercialys : NRE up +4 . 1 %  | provider=Finanznachrichten.De | reason=Low Confidence
    - Τύμπανα πολέμου από Ισραήλ : Η Τουρκία το νέο Ιράν - Η Άγκυρα θα γεμίσει πτώματα , η « Οθωμανική Αυτοκρατορία » θα ξαναπέσει  | provider=Bankingnews.Gr | reason=Low Confidence
    - UPSC Key - 28th July 2026 : Income inequality , Ganga water treaty and K Radhakrishnan Committee  | provider=Indianexpress.Com | reason=Low Confidence
    - 优刻得 ( 688158 ): 优刻得科技股份有限公司向特定对象发行股票申请文件的审核问询函的回复 - CFi . CN 中财网  | provider=Cfi.Net.Cn | reason=Low Confidence
    - Caccia al sionista in Toscana  | provider=Nove.Firenze.It | reason=Low Confidence
    - VMO2 calls for net - neutrality overhaul to boost innovation  | provider=Telecomtv.Com | reason=Low Confidence
    - GDS Releases 2025 Sustainability Report , Achieving MSCI AAA Rating  | provider=Manilatimes.Net | reason=Low Confidence
    - [CNBC] Squawk Box: market to the broadband net neutrality debate. i'm just looking, meta's profits ...  | provider=Cnbc | reason=Low Confidence
    - [CNBC] Squawk Box: the net neutrality debate with broadband. we don't want them to have the slower ...  | provider=Cnbc | reason=Low Confidence
    - Renault prepara la nuova fase elettrica : batterie europee , fabbriche flessibili e disciplina sui volumi  | provider=Motori.Ilmessaggero.It | reason=Low Confidence
    - New York Right - to - Die Law : Choice or Coercion ? - By Fransiscus Nanga Roka  | provider=Opinionnigeria.Com | reason=Low Confidence
    - Adhoc : SIG Group AG : Konsequenter Fokus auf Umsetzung führt zu soliden Ergebnissen  | provider=Finanznachrichten.De | reason=Low Confidence
    - The 2035 Combustion Ban Just Got Softer , And German V8s And Inline - Sixes Are The Winners  | provider=Carbuzz.Com | reason=Low Confidence
    - Article 4 done , Article 2 next | The Manila Times  | provider=Manilatimes.Net | reason=Low Confidence
    - Aulton New Energy Faces Second HKEX Listing Test  | provider=Autonews.Gasgoo.Com | reason=Low Confidence
    - Interrogazione , presenza di eventi patrocinati dal comune  | provider=Okmugello.It | reason=Low Confidence
    - Investimenti a Hong Kong nel 2026 : strategie , connettività e vantaggi APAC  | provider=China-Briefing.Com | reason=Low Confidence
    - ¿ Qué acuerdo necesita España para prevenir los incendios ?  | provider=Ethic.Es | reason=Low Confidence
    - emissions offsets ........  | provider=Yourdemocracy.Net | reason=Low Confidence
    - Cimento queimado : o qué , as vantages , dicas de uso e cuidados com o material  | provider=Revistacasaejardim.Globo.Com | reason=Low Confidence
    - Sameer Sharma : « La réforme de la retraite simpose , mais le GM sest trompé de méthode »  | provider=Defimedia.Info | reason=Low Confidence
    - Trump tem mesmo alternativas para vencer o Irão ? Debate  | provider=Observador.Pt | reason=Low Confidence
    - Jelang Musda DPD Demokrat Aceh , Teuku Riefky Harsya Diharapkan Ambil Peran Figur Pemersatu  | provider=Tribunnews.Com | reason=Low Confidence
    - [FOX Business] Kudlow: well know. i mean, do you know this story, perhaps, but the federal communicatio...  | provider=Fox Business | reason=Low Confidence
    - [CSPAN3] Nixon Administration 1970s Womens Initiatives: nixon. this is an item in his news summary was urging the appointment of a woman...  | provider=Cspan3 | reason=Low Confidence
    - [CSPAN3] Stacy Schiff The Revolutionary - Samuel Adams: summary, a group called american in television and radio urged nixon. this is an...  | provider=Cspan3 | reason=Low Confidence
    - [CSPAN3] Nixon Administration 1970s Womens Initiatives: summary was urging the appointment of a woman to the federal communications comm...  | provider=Cspan3 | reason=Low Confidence
    - [CSPAN3] Nixon Administration 1970s Womens Initiatives: is just a summary -- was urging the appointment of a woman to the federal commun...  | provider=Cspan3 | reason=Low Confidence
    - [FOX Business] Mornings With Maria Bartiromo: less lag, better gaming! i'm gonna need to charge you for three people. . maria:...  | provider=Fox Business | reason=Low Confidence
    - [CSPAN] Federalist Society Previews Supreme Court Term Part 1: has asked for a search warrant in that case. there are a bunch of cases involvin...  | provider=Cspan | reason=Low Confidence
    - [CSPAN2] Book TV: not allowed to own stocks that are regulated by the federal communications commi...  | provider=Cspan2 | reason=Low Confidence
    - [CSPAN2] Author Discussion on Journalism: not allowed to own stocks that are regulated by the federal communications commi...  | provider=Cspan2 | reason=Low Confidence
    - [CSPAN2] Book TV: stacks, trading forms. and we thought, you know how the heck we're going to go t...  | provider=Cspan2 | reason=Low Confidence
    - [CSPAN2] Author Discussion on Journalism: stacks, trading forms. and we thought, you know how the heck we're going to go t...  | provider=Cspan2 | reason=Low Confidence
    - [CSPAN2] Author Discussion on Journalism: that. and the idea was my my dad worked for the federal communications commissio...  | provider=Cspan2 | reason=Low Confidence
    - [MSNBC] Velshi: distort of tony him from a nuclear reactor? you know, you want a scientist doing...  | provider=Msnbc | reason=Low Confidence
    - [CSPAN] Federalist Society Previews Supreme Court Term: delegation something we should consider. the inspector general's office has aske...  | provider=Cspan | reason=Low Confidence
    - [FOX News] Special Report With Bret Baier: services. the debt exchange deal includes payment of $1 and the assumption of ar...  | provider=Fox News | reason=Low Confidence
    - [MSNBC] Katy Tur Reports: recover. in addition to fema, that includes the federal communications commissio...  | provider=Msnbc | reason=Low Confidence
    - [CNN] Inside Politics With Dana Bash: available resources fast as possible. well to your communities. the rescue, reco...  | provider=Cnn | reason=Low Confidence
    - [MSNBC] Jose Diaz-Balart Reports: he said that fema administrator is still on the ground there. he also talked abo...  | provider=Msnbc | reason=Low Confidence
    - [FOX News] The Faulkner Focus: rebuilding. in addition to fema including the federal communications commission ...  | provider=Fox News | reason=Low Confidence
    - [CNN] CNN Newsroom With Pamela Brown: every every available resources fast as possible to your communities. the rescue...  | provider=Cnn | reason=Low Confidence
    - [MSNBC] Jose Diaz-Balart Reports: every available resource as fast as possible to your communities, to rescue, rec...  | provider=Msnbc | reason=Low Confidence
    - [CSPAN2] Hearing on Oversight of FBIs Security Clearances for Whistleblowers: s. 275, a bill to require the federal communications commission to establish a v..  | provider=Cspan2 | reason=Low Confidence
    - [CSPAN2] U.S. Senate U.S. Senate: it's been more than 1500 days since the last federal communications commission h...  | provider=Cspan2 | reason=Low Confidence
    - [CSPAN] U.S. House of Representatives U.S. House of Representatives: federal communications commission to establish a task force to be known as a 6-g...  | provider=Cspan | reason=Low Confidence
    - [CSPAN3] Discussion on Emerging AI Technologies: media attack new media and try to use regulation to deal with that. it is really...  | provider=Cspan3 | reason=Low Confidence
    - [CSPAN3] Discussion on Emerging AI Technologies: to use regulation to deal with that. it is really because of newspapers lobbying...  | provider=Cspan3 | reason=Low Confidence
    - [CSPAN2] U.S. Senate U.S. Senate: the presiding officer: the clerk will read the title of the bill for the second ...  | provider=Cspan2 | reason=Low Confidence
    - [CSPAN2] U.S. Senate U.S. Senate: -- an act to direct the federal communications commission to publish a list of e...  | provider=Cspan2 | reason=Low Confidence
    - [CSPAN2] The Civil War Tom Wheeler Mr. Lincolns T-Mails: read out the list of his accomplishments. a few highlights include his service a...  | provider=Cspan2 | reason=Low Confidence
    - [CSPAN2] The Civil War Tom Wheeler Mr. Lincolns T-Mails: businessman, an author and a public figure. i'm not even going to try and read o...  | provider=Cspan2 | reason=Low Confidence
    - [CSPAN2] Nixon Administration 1970s Womens Initiatives: federal communications commission. nixon, scrawled in the margin, why not? so, y...  | provider=Cspan2 | reason=Low Confidence
    - [CSPAN2] American History TV: nixon. this is an item in his news summary was urging the appointment of a woman...  | provider=Cspan2 | reason=Low Confidence
    - [CSPAN] NTSB Chair and Others Discuss New Vehicle Technology and Safety Standards: technology, in vehicles on roadways. i will say, as i mentioned in my remarks  | provider=Cspan | reason=Low Confidence
  [Non-FCC (blocked domain)] — 1
    - Former FCC Officials Line Up To Blast Brendan Carr Lawless Censorship Of ABC  | provider=Techdirt.Com | reason=Non-FCC (blocked domain)

SECTION 3 — HIGH PRIORITY ARTICLES
    [INCLUDED] term=Spectrum | Qualcomm Still Pushing for Sidelink Rulemaking | reason=kept in briefing (priority-protected)
    [INCLUDED] term=Space | Space Experts Call for Government Action as Space Data Centers Emerge | reason=kept in briefing (priority-protected)
    [INCLUDED] term=Spectrum | The 6G AI uplink panic (Analyst Angle) | reason=kept in briefing (priority-protected)
    [INCLUDED] term=AT&T | AT&T: More Than Half of Residential Fixed Wireless Subs Take a Mobile Line | reason=kept in briefing (priority-protected)
    [INCLUDED] term=Satellite | Tuesday (telco diary) | D2D in 3D – Amazon appeals to telcos | reason=kept in briefing (priority-protected)
    [INCLUDED] term=Space | Mason's Observations on "Wonderwall", "Dai Dai" & New Throwbacks | reason=kept in briefing (priority-protected)
    [INCLUDED] term=AT&T | AT&T and Wave expand their quantum partnership | reason=kept in briefing (priority-protected)
    [INCLUDED] term=iHeart | What Is KZPS' Blockbuster Move? | reason=kept in briefing (priority-protected)
    [INCLUDED] term=Wireless | The FCC's ban on foreign "advanced robotic devices" includes any new ground-based, software-controlled wireless robot over 4.4 pounds, including robot vacuums ( | reason=kept in briefing (priority-protected)
    [INCLUDED] term=ABC | Free speech groups back Disney in ongoing fight with FCC | reason=kept in briefing (priority-protected)
    [INCLUDED] term=Satellite | FCC OKs $6.3B in upper C-band incentive payments, but cable ops still concerned | reason=kept in briefing (priority-protected)
    [INCLUDED] term=Satellite | FCC Approves Massive Modernization of Satellite Licensing Regime - Global Policy Watch | reason=kept in briefing (priority-protected)
    [INCLUDED] term=Wireless | SES backs FCC Upper C-band plan for next-gen wireless services - SatellitePro ME | reason=kept in briefing (priority-protected)
    [INCLUDED] term=Satellite | SpaceX Pushes FCC to Target Eutelsat OneWeb in Satellite Dispute With Europe - PCMag Australia | reason=kept in briefing (priority-protected)
    [INCLUDED] term=ABC | Reporters Committee urges FCC to reject petitions to deny ABC license renewals - Reporters Committee for Freedom of the Press | reason=kept in briefing (priority-protected)
    [INCLUDED] term=ABC | Comments on FCC License Renewals for ABC Stations Top 150,000 - TVTechnology | reason=kept in briefing (priority-protected)
    [INCLUDED] term=Robocall | AG coalition urges FCC to strengthen scam robocall protections - Sun Community News | reason=kept in briefing (priority-protected)
    [INCLUDED] term=Spectrum | EchoStar closes AT&amp;T spectrum deal, but wrinkles remain | reason=kept in briefing (priority-protected)
    [INCLUDED] term=Spectrum | The FCC and its current chairman, Brendan Carr, were blasted by former heads of the agency and other officials as pursui | reason=kept in briefing (priority-protected)
    [INCLUDED] term=Spectrum | "A group of former FCC chairs and top agency officials of both parties are calling on current chairman Brendan Carr to e | reason=kept in briefing (priority-protected)
    [INCLUDED] term=ABC | Variety

A group of former FCC officials are accusing Chairman Brendan Carr of trying to “censor Disney and ABC’s speech | reason=kept in briefing (priority-protected)
    [INCLUDED] term=Spectrum | 𝗙𝗖𝗖 𝘃𝗼𝘁𝗲𝘀 𝗼𝗻 𝟭𝟲𝟬𝗠𝗛𝘇 𝗨𝗽𝗽𝗲𝗿 𝗖-𝗕𝗮𝗻𝗱 𝗮𝘂𝗰𝘁𝗶𝗼𝗻 𝗳𝗼𝗿 𝟱𝗚 𝗮𝗻𝗱 𝟲𝗚
The FCC will vote Wednesday to auction 160 megahertz of Upper C-B | reason=kept in briefing (priority-protected)
    [INCLUDED] term=ABC | FCC censorship czar Brendan Carr is threatening the broadcast licenses of eight local ABC stations because Trump doesn’t | reason=kept in briefing (priority-protected)
    [INCLUDED] term=ABC | FCC Slammed by Former Agency Officials Over Review of ABC’s Licenses: ‘An Assault on Free Speech Disguised as Regulatory | reason=kept in briefing (priority-protected)
    [INCLUDED] term=ABC | Several former top officials at the Federal Communications Commission called on FCC Chair Brendan Carr on Tuesday to aba | reason=kept in briefing (priority-protected)
    [INCLUDED] term=ABC | Former FCC Chairs Urge Brendan Carr to End ABC Broadcast License Review: ‘An Assault on Free Speech Disguised as Regulat | reason=kept in briefing (priority-protected)
    [INCLUDED] term=Spectrum | More Americans thinking they rule the world. No, radio spectrum worldwide is not controlled by the FCC.

We need a stron | reason=kept in briefing (priority-protected)
    [INCLUDED] term=Space | U.S. FCC approves giant space mirror to deliver 'sunlight on demand,' but what are the legal implications? https://t.co/ | reason=kept in briefing (priority-protected)
    [INCLUDED] term=Cybersecurity | FCC adds foreign-made robots and power inverters to Covered List, restricting new models over cybersecurity concerns. #C | reason=kept in briefing (priority-protected)
    [INCLUDED] term=The View | The Media Research Center cheered lawfare by the Trump administration Federal Communications Commission against The View | reason=kept in briefing (priority-protected)
    [INCLUDED] term=ABC | I really didn't see this coming. But, it's all about precedent. If the FCC can do it to ABC now, a Democratic administra | reason=kept in briefing (priority-protected)
    [INCLUDED] term=ABC | “FCC Slammed by Former Agency Officials Over Review of ABC’s Licenses: ‘An Assault on Free Speech Disguised as Regulator | reason=kept in briefing (priority-protected)
    [INCLUDED] term=AT&T | 🟡 SCOOP: SpaceX is coming for AT&T, Verizon, and T-Mobile as it tries to fill a hole in its airwaves crucial for a full- | reason=kept in briefing (priority-protected)
    [INCLUDED] term=Spectrum | $SPCX is hunting urban radio spectrum to compete with $T, $VZ and $TMUS —via acquisitions or a 2027 auction. Carriers’ s | reason=kept in briefing (priority-protected)
    [INCLUDED] term=Satellite | Satellite companies could get an extra $6.3 billion for clearing the band quickly | reason=kept in briefing (priority-protected)
    [INCLUDED] term=Spectrum | Upper C-band auction offers another lift for GEO industry

TAMPA, Fla. — Satellite operators have welcomed the prospect | reason=kept in briefing (priority-protected)
    [INCLUDED] term=ABC | Trump ally, Brendan Carr wants to control the media to satisfy Trump. It is a 'chiling message' with the ABC license rev | reason=kept in briefing (priority-protected)
    [INCLUDED] term=ABC | ABC License Probe Proves Unconstitutional , Former FCC Chairs Say | reason=kept in briefing (priority-protected)
    [INCLUDED] term=Spectrum | Happy to see my paper with @t8el.bsky.social on the Combinatorial Multi-Round Ascending Auction out in print at AEJ: Mic | reason=kept in briefing (priority-protected)
    [INCLUDED] term=Cybersecurity | As Newcastle United celebrates victories on the field, let's ensure our homes are winning against cyber threats with sec | reason=kept in briefing (priority-protected)
    [REJECTED] term=Satellite | SpaceX Pushes FCC to Target Eutelsat OneWeb in Satellite Dispute With Europe | reason=Duplicate
    [REJECTED] term=Wireless | [CSPAN] U.S. House of Representatives U.S. House of Representatives: magnifies this target. this helps address these concerns. this would require the... | reason=Duplicate
    [REJECTED] term=Foreign Ownership | [CSPAN] U.S. House of Representatives U.S. House of Representatives: h.r. 820. a bill to direct the federal communications commission to publish a li... | reason=Duplicate
    [REJECTED] term=Space | U.S. FCC approves giant space mirror to deliver 'sunlight on demand,' but what are the legal implications?

Despite hund | reason=Duplicate
    [REJECTED] term=ABC | FCC censorship czar Brendan Carr is threatening the broadcast licenses of eight local ABC stations because Trump doesn’t | reason=Duplicate
    [REJECTED] term=Satellite | Amazon Leo Wants to Start Their Own Satellite Phone Company | reason=Low Confidence
    [REJECTED] term=ABC | ABC and Disney Face FCC License Battle as Defenders Struggle With Legal Rebutt | reason=Low Confidence
    [REJECTED] term=Spectrum | Launch Manifests Are Becoming Spectrum Policy – SatNews | reason=Low Confidence
    [REJECTED] term=ABC | Comments on FCC License Renewals for ABC Stations Top 150 , 000 | reason=Low Confidence
    [REJECTED] term=AT&T | [CSPAN2] Book TV: not allowed to own stocks that are regulated by the federal communications commi... | reason=Low Confidence
    [REJECTED] term=AT&T | [CSPAN2] Author Discussion on Journalism: not allowed to own stocks that are regulated by the federal communications commi... | reason=Low Confidence
    [REJECTED] term=AT&T | [CSPAN2] Author Discussion on Journalism: that. and the idea was my my dad worked for the federal communications commissio... | reason=Low Confidence
    [REJECTED] term=Foreign Ownership | [CSPAN2] U.S. Senate U.S. Senate: -- an act to direct the federal communications commission to publish a list of e... | reason=Low Confidence
    [REJECTED] term=ABC | Former FCC Officials Line Up To Blast Brendan Carr Lawless Censorship Of ABC | reason=Non-FCC (blocked domain)

SECTION 4 — COVERAGE GAP
  Coverage gaps flagged: 150
    - Qualcomm Still Pushing for Sidelink Rulemaking | provider=RSS | why=Surfaced by a single provider (would be missed without it)
    - Pay-TV Operators Accuse FCC of Flip-Flopping on Ways to Resolve Retransmission Consent Policy Disputes | provider=RSS | why=Surfaced by a single provider (would be missed without it)
    - NAB Meets With FCC’s Anna Gomez to Discuss Broadcast Ownership Rules | provider=RSS | why=Surfaced by a single provider (would be missed without it)
    - Starlink Routers Receive Conditional Exemption From FCC’s Covered List | provider=RSS | why=Surfaced by a single provider (would be missed without it)
    - FCC Bans Foreign-Made Humanoid Robots, Targeting China Over National Security | provider=RSS | why=Surfaced by a single provider (would be missed without it)
    - Space Experts Call for Government Action as Space Data Centers Emerge | provider=RSS | why=Surfaced by a single provider (would be missed without it)
    - The 6G AI uplink panic (Analyst Angle) | provider=RSS | why=Surfaced by a single provider (would be missed without it)
    - AT&T: More Than Half of Residential Fixed Wireless Subs Take a Mobile Line | provider=RSS | why=Surfaced by a single provider (would be missed without it)
    - Verizon Fiber Expanding as Bain, Tillman Invest $1.5 Billion in Eaton | provider=RSS | why=Surfaced by a single provider (would be missed without it)
    - NTIA Extends Tribal Broadband Grant Deadlines Following Chickasaw Nation Visit | provider=RSS | why=Surfaced by a single provider (would be missed without it)
    - How to Fight Back Against Fraudulent Robocalls | provider=RSS | why=Surfaced by a single provider (would be missed without it)
    - Shentel Adds Record 6,200 Fiber Subs | provider=RSS | why=Surfaced by a single provider (would be missed without it)
    - NTIA Launches Global 6G Leadership Initiative | provider=RSS | why=Surfaced by a single provider (would be missed without it)
    - ALLO Fiber to offer AI agents to business customers | provider=RSS | why=Surfaced by a single provider (would be missed without it)
    - Tuesday (telco diary) | D2D in 3D – Amazon appeals to telcos | provider=RSS | why=Surfaced by a single provider (would be missed without it)
    - Mason's Observations on "Wonderwall", "Dai Dai" & New Throwbacks | provider=RSS | why=Surfaced by a single provider (would be missed without it)
    - Wednesday (telco diary) | Orange leads Euro telco revival | provider=RSS | why=Surfaced by a single provider (would be missed without it)
    - SiriusXM to Debut All-Sports Subscriber Plan | provider=RSS | why=Surfaced by a single provider (would be missed without it)
    - A Visit to Nashville’s WSM(AM) | provider=RSS | why=Surfaced by a single provider (would be missed without it)
    - More now say AI does more harm than good: Survey | provider=RSS | why=Surfaced by a single provider (would be missed without it)
    - Beyond the Hype: Ilissa Miller on Responsible Growth, Data Centers and AI | provider=RSS | why=Surfaced by a single provider (would be missed without it)
    - The rise of agentic infra – why NetOps must outpace AI ambitions (Reader Forum) | provider=RSS | why=Surfaced by a single provider (would be missed without it)
    - AT&T and Wave expand their quantum partnership | provider=RSS | why=Surfaced by a single provider (would be missed without it)
    - KOPN(FM) Now Serves Mid-Missouri With a New BE Transmitter | provider=RSS | why=Surfaced by a single provider (would be missed without it)
    - DHD Releases Version 10.4 Firmware and Options | provider=RSS | why=Surfaced by a single provider (would be missed without it)
    - North Carolina Radio Station Gets Community Lift After Tower Collapse | provider=RSS | why=Surfaced by a single provider (would be missed without it)
    - NHL’s Blue Jackets Dumps Radio Host For TV Audio | provider=RSS | why=Surfaced by a single provider (would be missed without it)
    - Digital Ad-Driven Entravision Preps For Q2 Earnings Reveal | provider=RSS | why=Surfaced by a single provider (would be missed without it)
    - Zip-Up: Mid-West ‘Merger’ To Yield A Nine-Station Zimmer Group | provider=RSS | why=Surfaced by a single provider (would be missed without it)
    - A Post-Bankruptcy Cumulus Will See Print Slasher’s Interest | provider=RSS | why=Surfaced by a single provider (would be missed without it)
    - Spot-Level TV Ad Analysis: Now From MediaRadar | provider=RSS | why=Surfaced by a single provider (would be missed without it)
    - Binder Exits Gray For A TitanTV Sales Role | provider=RSS | why=Surfaced by a single provider (would be missed without it)
    - SiriusXM To Debut A Sports-Focused Subscription Tier | provider=RSS | why=Surfaced by a single provider (would be missed without it)
    - Rapid Transit Sees Riverfront Departure For Virginia Role | provider=RSS | why=Surfaced by a single provider (would be missed without it)
    - XR and AdImpact Pact As Political Ad Spending Ramps Up | provider=RSS | why=Surfaced by a single provider (would be missed without it)
    - DoorDash expands beyond drivers with new drone delivery program | provider=RSS | why=Surfaced by a single provider (would be missed without it)
    - Senate Democrats press tech giants on AI safeguards for 'at-risk users' | provider=RSS | why=Surfaced by a single provider (would be missed without it)
    - Zuckerberg knocks AI development centralization, control | provider=RSS | why=Surfaced by a single provider (would be missed without it)
    - Rogue OpenAI agent compromised second tech firm's customer | provider=RSS | why=Surfaced by a single provider (would be missed without it)
    - Trump administration bans foreign-made humanoid robots in move targeting China | provider=RSS | why=Surfaced by a single provider (would be missed without it)
    - AI giants back employee-led push asking US government to 'deliberately pace' development | provider=RSS | why=Surfaced by a single provider (would be missed without it)
    - Russia accuses Telegram CEO Pavel Durov of aiding terrorism in its latest digital crackdown | provider=RSS | why=Surfaced by a single provider (would be missed without it)
    - Hubbard To Lease WTLP To K-Love | provider=RSS | why=Surfaced by a single provider (would be missed without it)
    - What Is KZPS' Blockbuster Move? | provider=RSS | why=Surfaced by a single provider (would be missed without it)
    - American Tower Keeps on Rockin’ | provider=RSS | why=Surfaced by a single provider (would be missed without it)
    - Hawaiian Telcom, Utility Reach Pole Removal Deal | provider=RSS | why=Surfaced by a single provider (would be missed without it)
    - Verizon Signs $1 Billion Google Fiber Deal to Support AI Growth | provider=RSS | why=Surfaced by a single provider (would be missed without it)
    - Park Cell Tower in Saint Paul Faces State Natural Resources Hurdles | provider=RSS | why=Surfaced by a single provider (would be missed without it)
    - Nielsen Spring & June 2026 Ratings Releases 7/29 | provider=RSS | why=Surfaced by a single provider (would be missed without it)
    - Zimmer & Mid-West Family Broadcasting To Merge Springfield MO Operations | provider=RSS | why=Surfaced by a single provider (would be missed without it)
    - SiriusXM Launches Sports Only Subscription; Adds KSPN To Lineup | provider=RSS | why=Surfaced by a single provider (would be missed without it)
    - TM Studios & Capital Of Media Launch TRIL Imaging Library | provider=RSS | why=Surfaced by a single provider (would be missed without it)
    - [Federal Register] Information Collection Being Reviewed by the Federal Communications Commission | provider=Federal Register | why=Surfaced by a single provider (would be missed without it)
    - The FCC's ban on foreign "advanced robotic devices" includes any new ground-based, software-controlled wireless robot over 4.4 pounds, including robot vacuums ( | provider=RSS | why=Surfaced by a single provider (would be missed without it)
    - Trump's Threats to Yank Broadcast Licenses Are Part of a Speech-Chilling Intimidation Campaign: FCC Chairman Brendan Carr Seems to Think TV Stations Are Legally | provider=RSS | why=Surfaced by a single provider (would be missed without it)
    - FCC chair defends new U.S. ban on foreign-made humanoid robots, a market China dominates - NBC News | provider=RSS | why=Surfaced by a single provider (would be missed without it)
    - FCC chair Carr defends new ban on foreign-made humanoid robots - Modern Ghana | provider=RSS | why=Surfaced by a single provider (would be missed without it)
    - FCC Makes Broadband Label Requirements More Consumer-Friendly - In Compliance Magazine | provider=RSS | why=Surfaced by a single provider (would be missed without it)
    - Free speech groups back Disney in ongoing fight with FCC | provider=RSS | why=Surfaced by a single provider (would be missed without it)
    - FCC OKs $6.3B in upper C-band incentive payments, but cable ops still concerned | provider=RSS | why=Surfaced by a single provider (would be missed without it)
    - FCC Approves Massive Modernization of Satellite Licensing Regime - Global Policy Watch | provider=RSS | why=Surfaced by a single provider (would be missed without it)
    - Amazon Seeks FCC Approval to Launch Over 5,000 Starlink Rival Satellites for Direct-to-Device Service - Yahoo Finance | provider=RSS | why=Surfaced by a single provider (would be missed without it)
    - SES backs FCC Upper C-band plan for next-gen wireless services - SatellitePro ME | provider=RSS | why=Surfaced by a single provider (would be missed without it)
    - SpaceX Pushes FCC to Target Eutelsat OneWeb in Satellite Dispute With Europe - PCMag Australia | provider=RSS | why=Surfaced by a single provider (would be missed without it)
    - FCC exempts new Starlink routers from Covered List | provider=RSS | why=Surfaced by a single provider (would be missed without it)
    - FCC Blocks New Foreign-Produced Robots and Power Inverters Over Cyber Risks - thehackernews.com | provider=RSS | why=Surfaced by a single provider (would be missed without it)
    - Faraday Future Believes That the FCC’s New Policy on Robotics Strengthens the Company’s Position to Accelerate Robotics Ecosystem Deployment; Launches Global Va | provider=RSS | why=Surfaced by a single provider (would be missed without it)
    - Democrats Challenge FCC’s Expanded Lowest Unit Rate Policy. - Insideradio.com | provider=RSS | why=Surfaced by a single provider (would be missed without it)
    - FCC Hails Accomplishments Under Its “Build America Agenda” - In Compliance Magazine | provider=RSS | why=Surfaced by a single provider (would be missed without it)
    - The FCC bans all robot vacuums made outside the U.S. | provider=RSS | why=Surfaced by a single provider (would be missed without it)
    - Pay TV Group Meets with FCC Staffers to Oppose FCC Ownership Rule Changes | provider=RSS | why=Surfaced by a single provider (would be missed without it)
    - FCC: Ban on Foreign-Made Robots Includes Robot Vacuums | provider=RSS | why=Surfaced by a single provider (would be missed without it)
    - FCC Blocks Import of Certain Power Inverters - rtoinsider.com | provider=RSS | why=Surfaced by a single provider (would be missed without it)
    - Free speech groups back Disney in ongoing fight with FCC - TheDesk.net | provider=RSS | why=Surfaced by a single provider (would be missed without it)
    - Telesat prepared to execute FCC Upper C-band transition plan - Cyprus Shipping News | provider=RSS | why=Surfaced by a single provider (would be missed without it)
    - FCC ban humanoid robots from China | provider=RSS | why=Surfaced by a single provider (would be missed without it)
    - FCC bans new foreign inverter imports - Solar Power World | provider=RSS | why=Surfaced by a single provider (would be missed without it)
    - Reporters Committee urges FCC to reject petitions to deny ABC license renewals - Reporters Committee for Freedom of the Press | provider=RSS | why=Surfaced by a single provider (would be missed without it)
    - Experts react to FCC limits on U.S. imports of new humanoid and mobile robots - The Robot Report | provider=RSS | why=Surfaced by a single provider (would be missed without it)
    - FCC Expands Covered List Prohibitions to Devices with Certain Logic-Bearing Hardware Components, Imposes Compliance Obligations on Online Marketplaces - Wiley R | provider=RSS | why=Surfaced by a single provider (would be missed without it)
    - FCC: Ban on Foreign-Made Robots Includes Robot Vacuums - PCMag | provider=RSS | why=Surfaced by a single provider (would be missed without it)
    - FCC Confronts Chinese-Produced Power Inverters and Robots - Foundation for Defense of Democracies | provider=RSS | why=Surfaced by a single provider (would be missed without it)
    - Comments on FCC License Renewals for ABC Stations Top 150,000 - TVTechnology | provider=RSS | why=Surfaced by a single provider (would be missed without it)
    - 22 Advocacy Groups Back Disney in FCC Fight: 'The Government Is Violating the First Amendment' - TheWrap | provider=RSS | why=Surfaced by a single provider (would be missed without it)
    - AG coalition urges FCC to strengthen scam robocall protections - Sun Community News | provider=RSS | why=Surfaced by a single provider (would be missed without it)
    - Attorney General Brown urges FCC to strengthen 'Know Your Customer' rules to combat robocalls - nottinghammd.com | provider=RSS | why=Surfaced by a single provider (would be missed without it)
    - 22 Advocacy Groups Back Disney in FCC Fight: ‘The Government Is Violating the First Amendment’ (Wrap, The) | provider=RSS | why=Surfaced by a single provider (would be missed without it)
    - FCC Blocks Chinese Humanoid Robot Imports, Citing Security Risks - AI Business | provider=RSS | why=Surfaced by a single provider (would be missed without it)
    - FCC exempts new Starlink routers from Covered List - Mobile World Live | provider=RSS | why=Surfaced by a single provider (would be missed without it)
    - US FCC Blacklists Foreign Robots on Huawei List as Surveillance Fears Grow – Striking NVIDIA Partner Unitree As Well - wccftech.com | provider=RSS | why=Surfaced by a single provider (would be missed without it)
    - How Brendan Carr Became MAGA’s Media Watchdog - Washingtonian | provider=RSS | why=Surfaced by a single provider (would be missed without it)
    - Court Grants Cumulus Bankruptcy Extension | provider=RSS | why=Surfaced by a single provider (would be missed without it)
    - EchoStar closes AT&amp;T spectrum deal, but wrinkles remain | provider=RSS | why=Surfaced by a single provider (would be missed without it)
    - China threatens retaliation against U.S. humanoid robot ban, says it 'severely damages' relations | provider=RSS | why=Surfaced by a single provider (would be missed without it)
    - The US government just banned Roombas | provider=RSS | why=Surfaced by a single provider (would be missed without it)
    - Trump’s Robot Vacuum Ban Sucks for Everyone | provider=RSS | why=Surfaced by a single provider (would be missed without it)
    - The US government's robot ban also includes vacuums | provider=RSS | why=Surfaced by a single provider (would be missed without it)
    - The FCC and its current chairman, Brendan Carr, were blasted by former heads of the agency and other officials as pursui | provider=BlueSky | why=Surfaced by a single provider (would be missed without it)
    - "A group of former FCC chairs and top agency officials of both parties are calling on current chairman Brendan Carr to e | provider=BlueSky | why=Surfaced by a single provider (would be missed without it)
    - Variety

A group of former FCC officials are accusing Chairman Brendan Carr of trying to “censor Disney and ABC’s speech | provider=BlueSky | why=Surfaced by a single provider (would be missed without it)
    - 𝗙𝗖𝗖 𝘃𝗼𝘁𝗲𝘀 𝗼𝗻 𝟭𝟲𝟬𝗠𝗛𝘇 𝗨𝗽𝗽𝗲𝗿 𝗖-𝗕𝗮𝗻𝗱 𝗮𝘂𝗰𝘁𝗶𝗼𝗻 𝗳𝗼𝗿 𝟱𝗚 𝗮𝗻𝗱 𝟲𝗚
The FCC will vote Wednesday to auction 160 megahertz of Upper C-B | provider=BlueSky | why=Surfaced by a single provider (would be missed without it)
    - Bush 41.  Don’t know if you realize it, but yesterday both of Reagan’s two FCC chairman and Bush 41’s chairman filed a p | provider=BlueSky | why=Surfaced by a single provider (would be missed without it)
    - FCC censorship czar Brendan Carr is threatening the broadcast licenses of eight local ABC stations because Trump doesn’t | provider=BlueSky | why=Surfaced by a single provider (would be missed without it)
    - FCC Slammed by Former Agency Officials Over Review of ABC’s Licenses: ‘An Assault on Free Speech Disguised as Regulatory | provider=BlueSky | why=Surfaced by a single provider (would be missed without it)
    - Several former top officials at the Federal Communications Commission called on FCC Chair Brendan Carr on Tuesday to aba | provider=BlueSky | why=Surfaced by a single provider (would be missed without it)
    - And trump calls people who value checks and balances communist!  Give me a break!  Brendan Carr (FCC) is puttingABC new  | provider=BlueSky | why=Surfaced by a single provider (would be missed without it)
    - Former FCC Chairs Urge Brendan Carr to End ABC Broadcast License Review: ‘An Assault on Free Speech Disguised as Regulat | provider=BlueSky | why=Surfaced by a single provider (would be missed without it)
    - More Americans thinking they rule the world. No, radio spectrum worldwide is not controlled by the FCC.

We need a stron | provider=BlueSky | why=Surfaced by a single provider (would be missed without it)
    - U.S. FCC approves giant space mirror to deliver 'sunlight on demand,' but what are the legal implications? https://t.co/ | provider=BlueSky | why=Surfaced by a single provider (would be missed without it)
    - 中国製ロボットは現代のトロイの木馬だぞ！　「歩くスパイ機器」を締め出す米FCC、中国製ロボット規制の実像と代償 calmist.tokyo/2026/07/30/%... | provider=BlueSky | why=Surfaced by a single provider (would be missed without it)
    - 📢 美国联邦通信委员会（FCC）发布禁令，禁止进口外国制造的人形机器人。中国商务部回应称中方将予以反制，维护正当权益。 | provider=BlueSky | why=Surfaced by a single provider (would be missed without it)
    - FCCがサイバーリスクを理由に、外国製ロボットとパワーインバーターを対象リストに追加。米国での輸入・販売が原則不可に。 | provider=BlueSky | why=Surfaced by a single provider (would be missed without it)
    - The FCC added foreign-produced mobile robots and networked power inverters to its Covered List on July 28, blocking new  | provider=BlueSky | why=Surfaced by a single provider (would be missed without it)
    - Trump FCC gives Tesla a leg up in critical technology race | provider=BlueSky | why=Surfaced by a single provider (would be missed without it)
    - FCC adds foreign-made robots and power inverters to Covered List, restricting new models over cybersecurity concerns. #C | provider=BlueSky | why=Surfaced by a single provider (would be missed without it)
    - Any bets on what the next thing the #FCC is going to ban?

✅ The FCC bans all #robotvacuums made outside the U.S. | Mash | provider=BlueSky | why=Surfaced by a single provider (would be missed without it)
    - FCC untersagt neue ausländische Saugroboter für den US-Markt

https://techupdate.io/smart-home/fcc-untersagt-neue-auslae | provider=BlueSky | why=Surfaced by a single provider (would be missed without it)
    - 米FCCの規制は既存製品ではなく、新型モデルの認証を原則阻む。中国は即時撤回を要求し、米中の技術・通商摩擦はロボットと電力機器へさらに広がった。

中国商務省、米国のロボット・インバーターの新型モデル規制に報復警告　FCCへ即時撤回要求
n | provider=BlueSky | why=Surfaced by a single provider (would be missed without it)
    - China's Commerce Ministry said Thursday the U.S. Federal Communications Commission has repeatedly ignored Beijing's rest | provider=BlueSky | why=Surfaced by a single provider (would be missed without it)
    - 📰 #Finance

"China's Commerce Ministry said Thursday the U.S. Federal Communications Commission has repeatedly ignored B | provider=BlueSky | why=Surfaced by a single provider (would be missed without it)
    - No Internet, No Screen Time? FCC Weighs Cutting Subsidy That Lowers School Internet Bills | provider=BlueSky | why=Surfaced by a single provider (would be missed without it)
    - This is insane:

US bans foreign-produced solar inverters.

The FCC has added foreign-produced power inverters to its Co | provider=BlueSky | why=Surfaced by a single provider (would be missed without it)
    - The Media Research Center cheered lawfare by the Trump administration Federal Communications Commission against The View | provider=BlueSky | why=Surfaced by a single provider (would be missed without it)
    - The U.S. Federal Communications Commission is banning imports of new foreign-made humanoid robots and power inverters, c | provider=BlueSky | why=Surfaced by a single provider (would be missed without it)
    - I really didn't see this coming. But, it's all about precedent. If the FCC can do it to ABC now, a Democratic administra | provider=BlueSky | why=Surfaced by a single provider (would be missed without it)
    - FCC carves out Starlink from foreign-made router ban as national security policy meets supply chain reality

Repost if y | provider=BlueSky | why=Surfaced by a single provider (would be missed without it)
    - “FCC Slammed by Former Agency Officials Over Review of ABC’s Licenses: ‘An Assault on Free Speech Disguised as Regulator | provider=BlueSky | why=Surfaced by a single provider (would be missed without it)
    - 🟡 SCOOP: SpaceX is coming for AT&T, Verizon, and T-Mobile as it tries to fill a hole in its airwaves crucial for a full- | provider=BlueSky | why=Surfaced by a single provider (would be missed without it)
    - $SPCX is hunting urban radio spectrum to compete with $T, $VZ and $TMUS —via acquisitions or a 2027 auction. Carriers’ s | provider=BlueSky | why=Surfaced by a single provider (would be missed without it)
    - Satellite companies could get an extra $6.3 billion for clearing the band quickly | provider=BlueSky | why=Surfaced by a single provider (would be missed without it)
    - Upper C-band auction offers another lift for GEO industry

TAMPA, Fla. — Satellite operators have welcomed the prospect  | provider=BlueSky | why=Surfaced by a single provider (would be missed without it)
    - Trump ally, Brendan Carr wants to control the media to satisfy Trump. It is a 'chiling message' with the ABC license rev | provider=BlueSky | why=Surfaced by a single provider (would be missed without it)
    - ABC License Probe Proves Unconstitutional , Former FCC Chairs Say | provider=Mediapost.Com | why=Surfaced by a single provider (would be missed without it)
    - [CSPAN2] FCC Commissioner  Others Testify on Biden Administration Policies: senior republican commissioner on the federal communications commission he's bee... | provider=Cspan2 | why=Surfaced by a single provider (would be missed without it)
    - [CSPAN3] FCC Commissioner  Others Testify on Biden Administration Policies: excellent witnesses, brandon carr is a commissioner on the federal communication... | provider=Cspan3 | why=Surfaced by a single provider (would be missed without it)
    - Happy to see my paper with @t8el.bsky.social on the Combinatorial Multi-Round Ascending Auction out in print at AEJ: Mic | provider=BlueSky | why=Surfaced by a single provider (would be missed without it)
    - Coalition of 22 Advocacy Groups Backs Disney in FCC Fight | provider=Thewrap.Com | why=Surfaced by a single provider (would be missed without it)
    - AI kan zijn gang gaan, maar de robotstofzuigers zijn het gevaarlijkst . . .

x.gd/7iLit | provider=BlueSky | why=Surfaced by a single provider (would be missed without it)
    - SPARK Matrix™: Financial Crime and Compliance Operations Services
Click Here: qksgroup.com/download-sam...
QKS Group’s F | provider=BlueSky | why=Surfaced by a single provider (would be missed without it)
    - READ MORE: bit.ly/4fEOQN0 | provider=BlueSky | why=Surfaced by a single provider (would be missed without it)
    - READ MORE: bit.ly/4hEQ4dJ | provider=BlueSky | why=Surfaced by a single provider (would be missed without it)
    - As Newcastle United celebrates victories on the field, let's ensure our homes are winning against cyber threats with sec | provider=BlueSky | why=Surfaced by a single provider (would be missed without it)
    - DAMN.....On this I can't really blame them for instituting a ban....

tech.yahoo.com/general/arti... | provider=BlueSky | why=Surfaced by a single provider (would be missed without it)
    - The U.S. has banned new Chinese-made humanoid and four-legged robots, along with connected power inverters, from enterin | provider=BlueSky | why=Surfaced by a single provider (would be missed without it)
    - That's pretty much all of them. | provider=BlueSky | why=Surfaced by a single provider (would be missed without it)
    - Hold up, the US just slammed the door on foreign humanoid robots, specifically from China, citing national security! Are | provider=BlueSky | why=Surfaced by a single provider (would be missed without it)
    - Gli americani si illudono, se pensano di risolvere i problemi coi divieti. Anche perché poi le terre rare non arrivano.  | provider=BlueSky | why=Surfaced by a single provider (would be missed without it)
    - Absolute stupidity from this idiotic regime.

US bans foreign-produced solar inverters - pv magazine Global share.google | provider=BlueSky | why=Surfaced by a single provider (would be missed without it)
    - Why in God's name? Who the hell wants humanoid robots anyway? *I* sure as hell don't want humanoid robots. Stop fecking  | provider=BlueSky | why=Surfaced by a single provider (would be missed without it)
    - Unreal

ground.news/article/trum... | provider=BlueSky | why=Surfaced by a single provider (would be missed without it)

SECTION 5 — EDITORIAL QUEUE (requires human review)
  Items requiring review: 150
    - Qualcomm Still Pushing for Sidelink Rulemaking | Surfaced by a single provider (would be missed without it)
    - Pay-TV Operators Accuse FCC of Flip-Flopping on Ways to Resolve Retransmission Consent Policy Disputes | Surfaced by a single provider (would be missed without it)
    - NAB Meets With FCC’s Anna Gomez to Discuss Broadcast Ownership Rules | Surfaced by a single provider (would be missed without it)
    - Starlink Routers Receive Conditional Exemption From FCC’s Covered List | Surfaced by a single provider (would be missed without it)
    - FCC Bans Foreign-Made Humanoid Robots, Targeting China Over National Security | Surfaced by a single provider (would be missed without it)
    - Space Experts Call for Government Action as Space Data Centers Emerge | Surfaced by a single provider (would be missed without it)
    - The 6G AI uplink panic (Analyst Angle) | Surfaced by a single provider (would be missed without it)
    - AT&T: More Than Half of Residential Fixed Wireless Subs Take a Mobile Line | Surfaced by a single provider (would be missed without it)
    - Verizon Fiber Expanding as Bain, Tillman Invest $1.5 Billion in Eaton | Surfaced by a single provider (would be missed without it)
    - NTIA Extends Tribal Broadband Grant Deadlines Following Chickasaw Nation Visit | Surfaced by a single provider (would be missed without it)
    - How to Fight Back Against Fraudulent Robocalls | Surfaced by a single provider (would be missed without it)
    - Shentel Adds Record 6,200 Fiber Subs | Surfaced by a single provider (would be missed without it)
    - NTIA Launches Global 6G Leadership Initiative | Surfaced by a single provider (would be missed without it)
    - ALLO Fiber to offer AI agents to business customers | Surfaced by a single provider (would be missed without it)
    - Tuesday (telco diary) | D2D in 3D – Amazon appeals to telcos | Surfaced by a single provider (would be missed without it)
    - Mason's Observations on "Wonderwall", "Dai Dai" & New Throwbacks | Surfaced by a single provider (would be missed without it)
    - Wednesday (telco diary) | Orange leads Euro telco revival | Surfaced by a single provider (would be missed without it)
    - SiriusXM to Debut All-Sports Subscriber Plan | Surfaced by a single provider (would be missed without it)
    - A Visit to Nashville’s WSM(AM) | Surfaced by a single provider (would be missed without it)
    - More now say AI does more harm than good: Survey | Surfaced by a single provider (would be missed without it)
    - Beyond the Hype: Ilissa Miller on Responsible Growth, Data Centers and AI | Surfaced by a single provider (would be missed without it)
    - The rise of agentic infra – why NetOps must outpace AI ambitions (Reader Forum) | Surfaced by a single provider (would be missed without it)
    - AT&T and Wave expand their quantum partnership | Surfaced by a single provider (would be missed without it)
    - KOPN(FM) Now Serves Mid-Missouri With a New BE Transmitter | Surfaced by a single provider (would be missed without it)
    - DHD Releases Version 10.4 Firmware and Options | Surfaced by a single provider (would be missed without it)
    - North Carolina Radio Station Gets Community Lift After Tower Collapse | Surfaced by a single provider (would be missed without it)
    - NHL’s Blue Jackets Dumps Radio Host For TV Audio | Surfaced by a single provider (would be missed without it)
    - Digital Ad-Driven Entravision Preps For Q2 Earnings Reveal | Surfaced by a single provider (would be missed without it)
    - Zip-Up: Mid-West ‘Merger’ To Yield A Nine-Station Zimmer Group | Surfaced by a single provider (would be missed without it)
    - A Post-Bankruptcy Cumulus Will See Print Slasher’s Interest | Surfaced by a single provider (would be missed without it)
    - Spot-Level TV Ad Analysis: Now From MediaRadar | Surfaced by a single provider (would be missed without it)
    - Binder Exits Gray For A TitanTV Sales Role | Surfaced by a single provider (would be missed without it)
    - SiriusXM To Debut A Sports-Focused Subscription Tier | Surfaced by a single provider (would be missed without it)
    - Rapid Transit Sees Riverfront Departure For Virginia Role | Surfaced by a single provider (would be missed without it)
    - XR and AdImpact Pact As Political Ad Spending Ramps Up | Surfaced by a single provider (would be missed without it)
    - DoorDash expands beyond drivers with new drone delivery program | Surfaced by a single provider (would be missed without it)
    - Senate Democrats press tech giants on AI safeguards for 'at-risk users' | Surfaced by a single provider (would be missed without it)
    - Zuckerberg knocks AI development centralization, control | Surfaced by a single provider (would be missed without it)
    - Rogue OpenAI agent compromised second tech firm's customer | Surfaced by a single provider (would be missed without it)
    - Trump administration bans foreign-made humanoid robots in move targeting China | Surfaced by a single provider (would be missed without it)
    - AI giants back employee-led push asking US government to 'deliberately pace' development | Surfaced by a single provider (would be missed without it)
    - Russia accuses Telegram CEO Pavel Durov of aiding terrorism in its latest digital crackdown | Surfaced by a single provider (would be missed without it)
    - Hubbard To Lease WTLP To K-Love | Surfaced by a single provider (would be missed without it)
    - What Is KZPS' Blockbuster Move? | Surfaced by a single provider (would be missed without it)
    - American Tower Keeps on Rockin’ | Surfaced by a single provider (would be missed without it)
    - Hawaiian Telcom, Utility Reach Pole Removal Deal | Surfaced by a single provider (would be missed without it)
    - Verizon Signs $1 Billion Google Fiber Deal to Support AI Growth | Surfaced by a single provider (would be missed without it)
    - Park Cell Tower in Saint Paul Faces State Natural Resources Hurdles | Surfaced by a single provider (would be missed without it)
    - Nielsen Spring & June 2026 Ratings Releases 7/29 | Surfaced by a single provider (would be missed without it)
    - Zimmer & Mid-West Family Broadcasting To Merge Springfield MO Operations | Surfaced by a single provider (would be missed without it)
    - SiriusXM Launches Sports Only Subscription; Adds KSPN To Lineup | Surfaced by a single provider (would be missed without it)
    - TM Studios & Capital Of Media Launch TRIL Imaging Library | Surfaced by a single provider (would be missed without it)
    - [Federal Register] Information Collection Being Reviewed by the Federal Communications Commission | Surfaced by a single provider (would be missed without it)
    - The FCC's ban on foreign "advanced robotic devices" includes any new ground-based, software-controlled wireless robot over 4.4 pounds, including robot vacuums ( | Surfaced by a single provider (would be missed without it)
    - Trump's Threats to Yank Broadcast Licenses Are Part of a Speech-Chilling Intimidation Campaign: FCC Chairman Brendan Carr Seems to Think TV Stations Are Legally | Surfaced by a single provider (would be missed without it)
    - FCC chair defends new U.S. ban on foreign-made humanoid robots, a market China dominates - NBC News | Surfaced by a single provider (would be missed without it)
    - FCC chair Carr defends new ban on foreign-made humanoid robots - Modern Ghana | Surfaced by a single provider (would be missed without it)
    - FCC Makes Broadband Label Requirements More Consumer-Friendly - In Compliance Magazine | Surfaced by a single provider (would be missed without it)
    - Free speech groups back Disney in ongoing fight with FCC | Surfaced by a single provider (would be missed without it)
    - FCC OKs $6.3B in upper C-band incentive payments, but cable ops still concerned | Surfaced by a single provider (would be missed without it)
    - FCC Approves Massive Modernization of Satellite Licensing Regime - Global Policy Watch | Surfaced by a single provider (would be missed without it)
    - Amazon Seeks FCC Approval to Launch Over 5,000 Starlink Rival Satellites for Direct-to-Device Service - Yahoo Finance | Surfaced by a single provider (would be missed without it)
    - SES backs FCC Upper C-band plan for next-gen wireless services - SatellitePro ME | Surfaced by a single provider (would be missed without it)
    - SpaceX Pushes FCC to Target Eutelsat OneWeb in Satellite Dispute With Europe - PCMag Australia | Surfaced by a single provider (would be missed without it)
    - FCC exempts new Starlink routers from Covered List | Surfaced by a single provider (would be missed without it)
    - FCC Blocks New Foreign-Produced Robots and Power Inverters Over Cyber Risks - thehackernews.com | Surfaced by a single provider (would be missed without it)
    - Faraday Future Believes That the FCC’s New Policy on Robotics Strengthens the Company’s Position to Accelerate Robotics Ecosystem Deployment; Launches Global Va | Surfaced by a single provider (would be missed without it)
    - Democrats Challenge FCC’s Expanded Lowest Unit Rate Policy. - Insideradio.com | Surfaced by a single provider (would be missed without it)
    - FCC Hails Accomplishments Under Its “Build America Agenda” - In Compliance Magazine | Surfaced by a single provider (would be missed without it)
    - The FCC bans all robot vacuums made outside the U.S. | Surfaced by a single provider (would be missed without it)
    - Pay TV Group Meets with FCC Staffers to Oppose FCC Ownership Rule Changes | Surfaced by a single provider (would be missed without it)
    - FCC: Ban on Foreign-Made Robots Includes Robot Vacuums | Surfaced by a single provider (would be missed without it)
    - FCC Blocks Import of Certain Power Inverters - rtoinsider.com | Surfaced by a single provider (would be missed without it)
    - Free speech groups back Disney in ongoing fight with FCC - TheDesk.net | Surfaced by a single provider (would be missed without it)
    - Telesat prepared to execute FCC Upper C-band transition plan - Cyprus Shipping News | Surfaced by a single provider (would be missed without it)
    - FCC ban humanoid robots from China | Surfaced by a single provider (would be missed without it)
    - FCC bans new foreign inverter imports - Solar Power World | Surfaced by a single provider (would be missed without it)
    - Reporters Committee urges FCC to reject petitions to deny ABC license renewals - Reporters Committee for Freedom of the Press | Surfaced by a single provider (would be missed without it)
    - Experts react to FCC limits on U.S. imports of new humanoid and mobile robots - The Robot Report | Surfaced by a single provider (would be missed without it)
    - FCC Expands Covered List Prohibitions to Devices with Certain Logic-Bearing Hardware Components, Imposes Compliance Obligations on Online Marketplaces - Wiley R | Surfaced by a single provider (would be missed without it)
    - FCC: Ban on Foreign-Made Robots Includes Robot Vacuums - PCMag | Surfaced by a single provider (would be missed without it)
    - FCC Confronts Chinese-Produced Power Inverters and Robots - Foundation for Defense of Democracies | Surfaced by a single provider (would be missed without it)
    - Comments on FCC License Renewals for ABC Stations Top 150,000 - TVTechnology | Surfaced by a single provider (would be missed without it)
    - 22 Advocacy Groups Back Disney in FCC Fight: 'The Government Is Violating the First Amendment' - TheWrap | Surfaced by a single provider (would be missed without it)
    - AG coalition urges FCC to strengthen scam robocall protections - Sun Community News | Surfaced by a single provider (would be missed without it)
    - Attorney General Brown urges FCC to strengthen 'Know Your Customer' rules to combat robocalls - nottinghammd.com | Surfaced by a single provider (would be missed without it)
    - 22 Advocacy Groups Back Disney in FCC Fight: ‘The Government Is Violating the First Amendment’ (Wrap, The) | Surfaced by a single provider (would be missed without it)
    - FCC Blocks Chinese Humanoid Robot Imports, Citing Security Risks - AI Business | Surfaced by a single provider (would be missed without it)
    - FCC exempts new Starlink routers from Covered List - Mobile World Live | Surfaced by a single provider (would be missed without it)
    - US FCC Blacklists Foreign Robots on Huawei List as Surveillance Fears Grow – Striking NVIDIA Partner Unitree As Well - wccftech.com | Surfaced by a single provider (would be missed without it)
    - How Brendan Carr Became MAGA’s Media Watchdog - Washingtonian | Surfaced by a single provider (would be missed without it)
    - Court Grants Cumulus Bankruptcy Extension | Surfaced by a single provider (would be missed without it)
    - EchoStar closes AT&amp;T spectrum deal, but wrinkles remain | Surfaced by a single provider (would be missed without it)
    - China threatens retaliation against U.S. humanoid robot ban, says it 'severely damages' relations | Surfaced by a single provider (would be missed without it)
    - The US government just banned Roombas | Surfaced by a single provider (would be missed without it)
    - Trump’s Robot Vacuum Ban Sucks for Everyone | Surfaced by a single provider (would be missed without it)
    - The US government's robot ban also includes vacuums | Surfaced by a single provider (would be missed without it)
    - The FCC and its current chairman, Brendan Carr, were blasted by former heads of the agency and other officials as pursui | Surfaced by a single provider (would be missed without it)
    - "A group of former FCC chairs and top agency officials of both parties are calling on current chairman Brendan Carr to e | Surfaced by a single provider (would be missed without it)
    - Variety

A group of former FCC officials are accusing Chairman Brendan Carr of trying to “censor Disney and ABC’s speech | Surfaced by a single provider (would be missed without it)
    - 𝗙𝗖𝗖 𝘃𝗼𝘁𝗲𝘀 𝗼𝗻 𝟭𝟲𝟬𝗠𝗛𝘇 𝗨𝗽𝗽𝗲𝗿 𝗖-𝗕𝗮𝗻𝗱 𝗮𝘂𝗰𝘁𝗶𝗼𝗻 𝗳𝗼𝗿 𝟱𝗚 𝗮𝗻𝗱 𝟲𝗚
The FCC will vote Wednesday to auction 160 megahertz of Upper C-B | Surfaced by a single provider (would be missed without it)
    - Bush 41.  Don’t know if you realize it, but yesterday both of Reagan’s two FCC chairman and Bush 41’s chairman filed a p | Surfaced by a single provider (would be missed without it)
    - FCC censorship czar Brendan Carr is threatening the broadcast licenses of eight local ABC stations because Trump doesn’t | Surfaced by a single provider (would be missed without it)
    - FCC Slammed by Former Agency Officials Over Review of ABC’s Licenses: ‘An Assault on Free Speech Disguised as Regulatory | Surfaced by a single provider (would be missed without it)
    - Several former top officials at the Federal Communications Commission called on FCC Chair Brendan Carr on Tuesday to aba | Surfaced by a single provider (would be missed without it)
    - And trump calls people who value checks and balances communist!  Give me a break!  Brendan Carr (FCC) is puttingABC new  | Surfaced by a single provider (would be missed without it)
    - Former FCC Chairs Urge Brendan Carr to End ABC Broadcast License Review: ‘An Assault on Free Speech Disguised as Regulat | Surfaced by a single provider (would be missed without it)
    - More Americans thinking they rule the world. No, radio spectrum worldwide is not controlled by the FCC.

We need a stron | Surfaced by a single provider (would be missed without it)
    - U.S. FCC approves giant space mirror to deliver 'sunlight on demand,' but what are the legal implications? https://t.co/ | Surfaced by a single provider (would be missed without it)
    - 中国製ロボットは現代のトロイの木馬だぞ！　「歩くスパイ機器」を締め出す米FCC、中国製ロボット規制の実像と代償 calmist.tokyo/2026/07/30/%... | Surfaced by a single provider (would be missed without it)
    - 📢 美国联邦通信委员会（FCC）发布禁令，禁止进口外国制造的人形机器人。中国商务部回应称中方将予以反制，维护正当权益。 | Surfaced by a single provider (would be missed without it)
    - FCCがサイバーリスクを理由に、外国製ロボットとパワーインバーターを対象リストに追加。米国での輸入・販売が原則不可に。 | Surfaced by a single provider (would be missed without it)
    - The FCC added foreign-produced mobile robots and networked power inverters to its Covered List on July 28, blocking new  | Surfaced by a single provider (would be missed without it)
    - Trump FCC gives Tesla a leg up in critical technology race | Surfaced by a single provider (would be missed without it)
    - FCC adds foreign-made robots and power inverters to Covered List, restricting new models over cybersecurity concerns. #C | Surfaced by a single provider (would be missed without it)
    - Any bets on what the next thing the #FCC is going to ban?

✅ The FCC bans all #robotvacuums made outside the U.S. | Mash | Surfaced by a single provider (would be missed without it)
    - FCC untersagt neue ausländische Saugroboter für den US-Markt

https://techupdate.io/smart-home/fcc-untersagt-neue-auslae | Surfaced by a single provider (would be missed without it)
    - 米FCCの規制は既存製品ではなく、新型モデルの認証を原則阻む。中国は即時撤回を要求し、米中の技術・通商摩擦はロボットと電力機器へさらに広がった。

中国商務省、米国のロボット・インバーターの新型モデル規制に報復警告　FCCへ即時撤回要求
n | Surfaced by a single provider (would be missed without it)
    - China's Commerce Ministry said Thursday the U.S. Federal Communications Commission has repeatedly ignored Beijing's rest | Surfaced by a single provider (would be missed without it)
    - 📰 #Finance

"China's Commerce Ministry said Thursday the U.S. Federal Communications Commission has repeatedly ignored B | Surfaced by a single provider (would be missed without it)
    - No Internet, No Screen Time? FCC Weighs Cutting Subsidy That Lowers School Internet Bills | Surfaced by a single provider (would be missed without it)
    - This is insane:

US bans foreign-produced solar inverters.

The FCC has added foreign-produced power inverters to its Co | Surfaced by a single provider (would be missed without it)
    - The Media Research Center cheered lawfare by the Trump administration Federal Communications Commission against The View | Surfaced by a single provider (would be missed without it)
    - The U.S. Federal Communications Commission is banning imports of new foreign-made humanoid robots and power inverters, c | Surfaced by a single provider (would be missed without it)
    - I really didn't see this coming. But, it's all about precedent. If the FCC can do it to ABC now, a Democratic administra | Surfaced by a single provider (would be missed without it)
    - FCC carves out Starlink from foreign-made router ban as national security policy meets supply chain reality

Repost if y | Surfaced by a single provider (would be missed without it)
    - “FCC Slammed by Former Agency Officials Over Review of ABC’s Licenses: ‘An Assault on Free Speech Disguised as Regulator | Surfaced by a single provider (would be missed without it)
    - 🟡 SCOOP: SpaceX is coming for AT&T, Verizon, and T-Mobile as it tries to fill a hole in its airwaves crucial for a full- | Surfaced by a single provider (would be missed without it)
    - $SPCX is hunting urban radio spectrum to compete with $T, $VZ and $TMUS —via acquisitions or a 2027 auction. Carriers’ s | Surfaced by a single provider (would be missed without it)
    - Satellite companies could get an extra $6.3 billion for clearing the band quickly | Surfaced by a single provider (would be missed without it)
    - Upper C-band auction offers another lift for GEO industry

TAMPA, Fla. — Satellite operators have welcomed the prospect  | Surfaced by a single provider (would be missed without it)
    - Trump ally, Brendan Carr wants to control the media to satisfy Trump. It is a 'chiling message' with the ABC license rev | Surfaced by a single provider (would be missed without it)
    - ABC License Probe Proves Unconstitutional , Former FCC Chairs Say | Surfaced by a single provider (would be missed without it)
    - [CSPAN2] FCC Commissioner  Others Testify on Biden Administration Policies: senior republican commissioner on the federal communications commission he's bee... | Surfaced by a single provider (would be missed without it)
    - [CSPAN3] FCC Commissioner  Others Testify on Biden Administration Policies: excellent witnesses, brandon carr is a commissioner on the federal communication... | Surfaced by a single provider (would be missed without it)
    - Happy to see my paper with @t8el.bsky.social on the Combinatorial Multi-Round Ascending Auction out in print at AEJ: Mic | Surfaced by a single provider (would be missed without it)
    - Coalition of 22 Advocacy Groups Backs Disney in FCC Fight | Surfaced by a single provider (would be missed without it)
    - AI kan zijn gang gaan, maar de robotstofzuigers zijn het gevaarlijkst . . .

x.gd/7iLit | Surfaced by a single provider (would be missed without it)
    - SPARK Matrix™: Financial Crime and Compliance Operations Services
Click Here: qksgroup.com/download-sam...
QKS Group’s F | Surfaced by a single provider (would be missed without it)
    - READ MORE: bit.ly/4fEOQN0 | Surfaced by a single provider (would be missed without it)
    - READ MORE: bit.ly/4hEQ4dJ | Surfaced by a single provider (would be missed without it)
    - As Newcastle United celebrates victories on the field, let's ensure our homes are winning against cyber threats with sec | Surfaced by a single provider (would be missed without it)
    - DAMN.....On this I can't really blame them for instituting a ban....

tech.yahoo.com/general/arti... | Surfaced by a single provider (would be missed without it)
    - The U.S. has banned new Chinese-made humanoid and four-legged robots, along with connected power inverters, from enterin | Surfaced by a single provider (would be missed without it)
    - That's pretty much all of them. | Surfaced by a single provider (would be missed without it)
    - Hold up, the US just slammed the door on foreign humanoid robots, specifically from China, citing national security! Are | Surfaced by a single provider (would be missed without it)
    - Gli americani si illudono, se pensano di risolvere i problemi coi divieti. Anche perché poi le terre rare non arrivano.  | Surfaced by a single provider (would be missed without it)
    - Absolute stupidity from this idiotic regime.

US bans foreign-produced solar inverters - pv magazine Global share.google | Surfaced by a single provider (would be missed without it)
    - Why in God's name? Who the hell wants humanoid robots anyway? *I* sure as hell don't want humanoid robots. Stop fecking  | Surfaced by a single provider (would be missed without it)
    - Unreal

ground.news/article/trum... | Surfaced by a single provider (would be missed without it)

========================================================================
========================================================================
FCC BULLETIN — EDITOR AUDIT   agency=fcc   2026-07-30T10:24:33
========================================================================

SECTION 1 — ARTICLES COLLECTED
  Total collected (post domain-exclusion): 516
  Unique after dedup: 457   Classified: 442   In briefing: 150
  Provider breakdown:
    Talkwalker       0
    NewsAPI.ai       0
    Event Registry   0
    RSS              134
    Government       1
    GDELT            0
    Other            381

SECTION 2 — ARTICLES REMOVED
  Total removed: 367
  [Duplicate] — 59
    - FCC OKs $6.3B in upper C-band incentive payments, but cable ops still concerned - Light Reading  | provider=RSS | reason=Duplicate
    - NAB Meets With FCC’s Anna Gomez to Discuss Broadcast Ownership Rules - radioworld.com  | provider=RSS | reason=Duplicate
    - FCC Bans Foreign-Made Humanoid Robots, Targeting China Over National Security - Broadband Breakfast  | provider=RSS | reason=Duplicate
    - Starlink Routers Receive Conditional Exemption From FCC’s Covered List - Broadband Breakfast  | provider=RSS | reason=Duplicate
    - Faraday Future Believes That the FCC’s New Policy on Robotics Strengthens the Company’s Position to Accelerate Robotics Ecosystem Deployment; Launches Global Va  | provider=RSS | reason=Duplicate
    - Faraday Future Believes That the FCC’s New Policy on Robotics Strengthens the Company’s Position to Accelerate Robotics Ecosystem Deployment; Launches Global Va  | provider=RSS | reason=Duplicate
    - Comments on FCC License Renewals for ABC Stations Top 150,000 - tvtechnology.com  | provider=RSS | reason=Duplicate
    - FCC chair defends new U.S. ban on foreign-made humanoid robots, a market China dominates  | provider=RSS | reason=Duplicate
    - Amazon Seeks FCC Approval for 5,000-Satellite Direct-to-Device Network  | provider=RSS | reason=Duplicate
    - Quectel Launches FCE870X and FME170X Tri - band Wi - Fi 7 Modules With Bluetooth 6 . 0 for Set - top Boxes , Gaming Devices and More  | provider=Montrealgazette.Com | reason=Duplicate
    - Quectel Launches FCE870X and FME170X Tri - band Wi - Fi 7 Modules With Bluetooth 6 . 0 for Set - top Boxes , Gaming Devices and More  | provider=Daily-Tribune.Com | reason=Duplicate
    - US restrictions on Chinese robots and inverters self - defeating and destabilizing  | provider=Europe.Chinadaily.Com.Cn | reason=Duplicate
    - China opposes US over import ban  | provider=Usa.Chinadaily.Com.Cn | reason=Duplicate
    - Lebensmittel , Strom , Versicherungen : Wo fast jeder Haushalt zu viel zahlt  | provider=Merkur.De | reason=Duplicate
    - Lebensmittel , Strom , Versicherungen : Wo fast jeder Haushalt zu viel zahlt  | provider=Hna.De | reason=Duplicate
    - Lebensmittel , Strom , Versicherungen : Wo fast jeder Haushalt zu viel zahlt  | provider=Come-On.De | reason=Duplicate
    - China warns of retaliation if US sticks with robot ban  | provider=Freemalaysiatoday.Com | reason=Duplicate
    - China warns of retaliation if US sticks with robot ban  | provider=Dailymaverick.Co.Za | reason=Duplicate
    - U . S . bans foreign - made humanoid robots , targeting China over national security concerns  | provider=Texarkanagazette.Com | reason=Duplicate
    - Ties strong between San Bernardino elected officials , businessman implicated in FBI probe  | provider=Ocregister.Com | reason=Duplicate
    - US Bans Foreign - Made Humanoid Robots , Targeting China Over National Security  | provider=Theyeshivaworld.Com | reason=Duplicate
    - U . S . bans foreign - made humanoid robots , targeting China over national security  | provider=Inquirer.Com | reason=Duplicate
    - St . Paul police chief says mayor sexually harassed employees ; investigation underway  | provider=Pineandlakes.Com | reason=Duplicate
    - St . Paul police chief says mayor sexually harassed employees ; investigation underway  | provider=Inforum.Com | reason=Duplicate
    - Xinhua Commentary : Why the robot ban is a losing strategy for U . S .- Xinhua  | provider=English.News.Cn | reason=Duplicate
    - Xinhua Commentary : Why the robot ban is a losing strategy for U . S .  | provider=Shanghainews.Net | reason=Duplicate
    - Xinhua Commentary : Why the robot ban is a losing strategy for U . S .  | provider=Chinanationalnews.Com | reason=Duplicate
    - Китай готви ответни мерки , ако САЩ не вдигнат забраната за внос на роботи ᐉ Новини от Fakti . bg - Свят  | provider=Fakti.Bg | reason=Duplicate
    - Social App taken to court over terror related content  | provider=Oberonreview.Com.Au | reason=Duplicate
    - Social App taken to court over terror related content  | provider=Hardenexpress.Com.Au | reason=Duplicate
    - Pechino accusa gli united states di colpire robot e inverter e minaccia ritorsioni  | provider=Laregione.Ch | reason=Duplicate
    - Trump considering AI controls after OpenAI hacking incidents  | provider=Bbc.Co.Uk | reason=Duplicate
    - SpaceX Pushes FCC to Target Eutelsat OneWeb in Satellite Dispute With Europe  | provider=Pcmag.Com | reason=Duplicate
    - Work from Anywhere Index names Bangkok top workcation city for 2026  | provider=Hcamag.Com | reason=Duplicate
    - 拓新提质强底座 ！ 十五五  开局 ， 新基建蹄疾步稳  | provider=Stcn.Com | reason=Duplicate
    - NCC , REA sign MoU to drive digital infrastructure expansion through renewable energy  | provider=Dailypost.Ng | reason=Duplicate
    - 大豐電 ： 大大寬頻規劃第3季遞件申請上市 | 證券  | provider=Cna.Com.Tw | reason=Duplicate
    - 【 活力中国调研行 】 机器人训练缺场景 ？ 这个国家级中试基地  管够 ！  | provider=News.Cyol.Com | reason=Duplicate
    - Comments on FCC License Renewals for ABC Stations Top 150 , 000  | provider=Tvtechnology.Com | reason=Duplicate
    - Colgate - Palmolive ( India ) Achieves Its 2025 Sustainability Goals , Unveils the Next Phase of  We Make India Smile  | provider=Aninews.In | reason=Duplicate
    - Τύμπανα πολέμου από Ισραήλ : Η Τουρκία το νέο Ιράν - Η Άγκυρα θα γεμίσει πτώματα , η « Οθωμανική Αυτοκρατορία » θα ξαναπέσει  | provider=Bankingnews.Gr | reason=Duplicate
    - Why lawmakers are concerned about where billions in broadband funding is going  | provider=Click2Houston.Com | reason=Duplicate
    - [CSPAN] Federalist Society Previews Supreme Court Term Part 1: delegation something we should consider. the inspector general's office has aske...  | provider=Cspan | reason=Duplicate
    - [CSPAN] Federalist Society Previews Supreme Court Term Part 1: has asked for a search warrant in that case. there are a bunch of cases involvin...  | provider=Cspan | reason=Duplicate
    - [CSPAN] Federalist Society Previews Supreme Court Term: delegation something we should consider. the inspector general's office has aske...  | provider=Cspan | reason=Duplicate
    - [CSPAN2] FCC Commissioner  Others Testify on Biden Administration Policies: okay. today were joined by excellent witnesses and the honorable senior republic...  | provider=Cspan2 | reason=Duplicate
    - [CSPAN3] Discussion on Emerging AI Technologies: media attack new media and try to use regulation to deal with that. it is really...  | provider=Cspan3 | reason=Duplicate
    - [CSPAN3] Discussion on Emerging AI Technologies: to use regulation to deal with that. it is really because of newspapers lobbying...  | provider=Cspan3 | reason=Duplicate
    - [CSPAN] U.S. House of Representatives U.S. House of Representatives: sector. the fact act will require the federal communications commission to publi...  | provider=Cspan | reason=Duplicate
    - [CSPAN] U.S. House of Representatives U.S. House of Representatives: magnifies this target. this helps address these concerns. this would require the...  | provider=Cspan | reason=Duplicate
    - [CSPAN] U.S. House of Representatives U.S. House of Representatives: h.r. 820. a bill to direct the federal communications commission to publish a li...  | provider=Cspan | reason=Duplicate
    - [CSPAN] U.S. House of Representatives U.S. House of Representatives: recognized as the equipment and services used in their drones to the federal com...  | provider=Cspan | reason=Duplicate
    - [CSPAN3] Nixon Administration 1970s Womens Initiatives: summary was urging the appointment of a woman to the federal communications comm...  | provider=Cspan3 | reason=Duplicate
    - [CSPAN3] Nixon Administration 1970s Womens Initiatives: nixon. this is an item in his news summary was urging the appointment of a woman...  | provider=Cspan3 | reason=Duplicate
    - [CSPAN] NTSB Chair and Others Discuss New Vehicle Technology and Safety Standards: yet, there is more work to be done. the federal communications commission wil  | provider=Cspan | reason=Duplicate
    - Amazon Seeks FCC Approval for 5,000-Satellite Direct-to-Device Network. 
www.techrepublic.com/article/news... 
Telecommu  | provider=BlueSky | reason=Duplicate
    - U.S. FCC approves giant space mirror to deliver 'sunlight on demand,' but what are the legal implications? | CBC News

w  | provider=BlueSky | reason=Duplicate
    - www.cbc.ca/news/science...  | provider=BlueSky | reason=Duplicate
    - FCC censorship czar Brendan Carr is threatening the broadcast licenses of eight local ABC stations because Trump doesn’t  | provider=BlueSky | reason=Duplicate
  [Corporate Noise] — 15
    - Maurice Potts To Lead ‘Revitalized’ Urban One DFW Operation  | provider=RSS | reason=Corporate Noise
    - SiriusXM Reports Q2 Income & Subscriber Growth  | provider=RSS | reason=Corporate Noise
    - Ericson Appointed Inaugural PMI CEO  | provider=RSS | reason=Corporate Noise
    - Beadnell Promoted To Top Role Of Heritage TV Operation  | provider=RSS | reason=Corporate Noise
    - PMI Names Jeannie Ericson Inaugural CEO  | provider=RSS | reason=Corporate Noise
    - NAFB Names Rita Frazer and Tom Cassidy as 2026 Hall of Fame Inductees  | provider=RSS | reason=Corporate Noise
    - Why does everything in the world that is beautiful get destroyed? Such a nasty technology. 

www.cbc.ca/news/science...  | provider=BlueSky | reason=Corporate Noise
    - Can the new hires for  60 Minute meet the challenge ?  | provider=Poynter.Org | reason=Corporate Noise
    - Brenmiller Energy : Nir Brenmiller Assumes Role of Chief Executive Officer of Brenmiller Energy  | provider=Finanznachrichten.De | reason=Corporate Noise
    - Allison Demers Joins WIHS As News Director & Afternoon Host  | provider=RSS | reason=Corporate Noise
    - Spotwise Unveils System to Automate Media Tasks  | provider=RSS | reason=Corporate Noise
    - Colorado Unveils Roadmap for Statewide $31.5M Middle-Mile Broadband Network  | provider=RSS | reason=Corporate Noise
    - Work from Anywhere Index names Bangkok top workcation city for 2026  | provider=Hcamag.Com | reason=Corporate Noise
    - Colgate - Palmolive ( India ) Achieves Its 2025 Sustainability Goals , Unveils the Next Phase of  We Make India Smile  | provider=Indiagazette.Com | reason=Corporate Noise
    - Manila Bulletin - Maynilad joins PSE index as Converge drops out  | provider=Mb.Com.Ph | reason=Corporate Noise
  [Low Confidence] — 292
    - DJI Osmo Pocket 4P Review : Can Lightning Strike Twice ?  | provider=Petapixel.Com | reason=Low Confidence
    - Stagwell Inc . ( NASDAQ : STGW ) Reports Results for the Three and Six Months Ended June 30 , 2026  | provider=Hawaiitelegraph.Com | reason=Low Confidence
    - Comments On FCC License Renewals For ABC Stations Top 150 , 000  | provider=Tvnewscheck.Com | reason=Low Confidence
    - China threatens retaliation against U . S . humanoid robot ban , says it  severely damage relations  | provider=Cnbc.Com | reason=Low Confidence
    - U . S . bans foreign - made humanoid robots , targeting China over national security  | provider=Japantoday.Com | reason=Low Confidence
    - Agreed, but key/McCullum made him vice, so it’s still a bit of an insult. 

Is there anyone in county cricket that could  | provider=BlueSky | reason=Low Confidence
    - the US has now banned the import and sale of all advanced robotics and power inverters

no new robot vacuum or lawn mowe  | provider=BlueSky | reason=Low Confidence
    - Maybe we could win a war against, or not even start a war with Iran if our dick-tater could focus on one thing for 5 min  | provider=BlueSky | reason=Low Confidence
    - Fox News parrots Trump's lies every day, on every show, and that's where simple-minded MAGA gets ALL their information.  | provider=BlueSky | reason=Low Confidence
    - steamdeckhq.com/news/steam-f...

The big takeaway from that article is this:

"For other hardware from Valve, like the S  | provider=BlueSky | reason=Low Confidence
    - If I'm one of the big legacy carriers, I'm probably betting heavily on the dud scenario you outline above. That acquisit  | provider=BlueSky | reason=Low Confidence
    - 🧵 OK, I am a disabled senior citizen.

I can no longer do my yard work.

So I ordered a robotic lawnmower from a Kicksta  | provider=BlueSky | reason=Low Confidence
    - Source: Mashable
 share.google/9XttUTdFSP6c...  | provider=BlueSky | reason=Low Confidence
    - I could not be happier with my “dumb" robot vacuum. It doesn’t connect to the internet, map my home, or have an app. It  | provider=BlueSky | reason=Low Confidence
    - "Astronomers and other groups are sounding the alarm about the project, citing numerous reasons, including the threat to  | provider=BlueSky | reason=Low Confidence
    - 🇨🇦 Terminator?…

…oh, we’ll get there 

www.cbc.ca/news/world/u...  | provider=BlueSky | reason=Low Confidence
    - China threatens retaliation over the robot ban, warning it could restrict rare earth exports or curb market access for T  | provider=BlueSky | reason=Low Confidence
    - www.cbc.ca/news/world/u...  | provider=BlueSky | reason=Low Confidence
    - www.cbc.ca/news/science...  | provider=BlueSky | reason=Low Confidence
    - Yeah, this seems like an epically bad idea.
Just because you can do it, doesn't mean you should.  | provider=BlueSky | reason=Low Confidence
    - This is horrific! The damage that this will do to the night time environment is unimaginable, carelessly disrupting the  | provider=BlueSky | reason=Low Confidence
    - In the RoboCop universe this ends up accidentally killing the president 

www.cbc.ca/news/science...  | provider=BlueSky | reason=Low Confidence
    - I need someone to shed more light on this one. I thought it was a joke, but they are talking about having 50,000 mirrors  | provider=BlueSky | reason=Low Confidence
    - Outrageous. Reflect Orbital’s plan to sell “sunlight on demand” through orbital mirrors is inherently incompatible with  | provider=BlueSky | reason=Low Confidence
    - Dept. of Destroying America, Office of Energy Primitivism:

pv-magazine-usa.com/2026/07/28/f...  | provider=BlueSky | reason=Low Confidence
    - All is not lost. The struggle continues. mediaanddemocracyproject.substack.com/p/mad-joins-...  | provider=BlueSky | reason=Low Confidence
    - China dreigt met vergelding na Amerikaans importverbod op geavanceerde robots #China #Robotics #Cyberveiligheid #Handels  | provider=BlueSky | reason=Low Confidence
    - it's not quite the Torment Nexus, but it definitely falls into the category "nothing good ever comes of this in SF."

ww  | provider=BlueSky | reason=Low Confidence
    - 📡 Mobile Spectrum: AGCOM eyes 2037.

The Italian regulator is proposing a free renewal of licenses expiring in 2029, pro  | provider=BlueSky | reason=Low Confidence
    - ארה  ב מרחיבה את החרם על טכנולוגיה סינית : גם שואבי אבק רובוטיים על הכוונת  | provider=Tgspot.Co.Il | reason=Low Confidence
    - A second lens makes DJI Osmo Pocket 4P my new favorite video camera  | provider=Theverge.Com | reason=Low Confidence
    - ההחלטה החריגה של ארה  ב נגד סין - והזעם בתגובה  | provider=Mako.Co.Il | reason=Low Confidence
    - טראמפ נגד השואבים שכבשו את ישראל : רובורוק , דרימי ושיאומי על הכוונת  | provider=Ynet.Co.Il | reason=Low Confidence
    - This week in Dayton history from 1976 | Local | daytondailynews . com  | provider=Daytondailynews.Com | reason=Low Confidence
    - AFGE sues EEOC over class action claims shutdown  | provider=Personneltoday.Com | reason=Low Confidence
    - S & P Global Conference : Space Deals Soar as Starlink , LEO and Orbital AI Reshape Markets  | provider=Finance.Yahoo.Com | reason=Low Confidence
    - RWM to launch Careers Fair and Future Talent Hub at ESS Expo 2026  | provider=Letsrecycle.Com | reason=Low Confidence
    - Quectel Launches FCE870X and FME170X Tri - band Wi - Fi 7 Modules With Bluetooth 6 . 0 for Set - top Boxes , Gaming Devices and More  | provider=Leaderpost.Com | reason=Low Confidence
    - Despite experts warning of AI risks , N . L . farmers see new tools as the way of the future  | provider=Cbc.Ca | reason=Low Confidence
    - Rhea : Attorneys general continue FCC push to limit robocall access  | provider=Virginislandsdailynews.Com | reason=Low Confidence
    - U . S . FCC approves giant space mirror to deliver  sunlight on demand , but what are the legal implications ?  | provider=Cbc.Ca | reason=Low Confidence
    - Trump ia în calcul introducerea unor controale asupra inteligenţei artificiale după incidentele de hacking implicând OpenAI – Income Magazine  | provider=Incomemagazine.Ro | reason=Low Confidence
    - Amazon prepara 5 . 105 satélites para conectar móviles desde el espacio : su nueva batalla contra Starlink  | provider=Es.Gizmodo.Com | reason=Low Confidence
    - Causa AFA : la Justicia de Estados Unidos avanza con las declaraciones testimoniales  | provider=Comercioyjusticia.Info | reason=Low Confidence
    - En el Capitolio reclaman que Gianni Infantino declare por su relación con Donald Trump  | provider=Urgente24.Com | reason=Low Confidence
    - Australia Online Casino and Gambling Guide  | provider=Casinonewsdaily.Com | reason=Low Confidence
    - Xinhua Commentary : Why the robot ban is a losing strategy for U . S .- Xinhua  | provider=English.News.Cn | reason=Low Confidence
    - Украинска атака е повредила инфраструктура на руското черноморско пристанище Таман  | provider=Investor.Bg | reason=Low Confidence
    - El debate sobre los derechos de las audiencias  | provider=Sdpnoticias.Com | reason=Low Confidence
    - Crescent Biopharma Reports Second Quarter 2026 Financial Results and Recent Business Highlights  | provider=Manilatimes.Net | reason=Low Confidence
    - El ambicioso plan de Amazon Leo : así busca llevar conexión a todos los rincones del planeta para 2028  | provider=20Minutos.Es | reason=Low Confidence
    - Answer Line : How do mobile 911 calls work ? | Longview News - Journal  | provider=News-Journal.Com | reason=Low Confidence
    - Nigeria , Canada deepen partnership on direct air connectivity - Blueprint Newspapers Limited  | provider=Blueprint.Ng | reason=Low Confidence
    - Statement on the Cabinet meeting of Wednesday , 29 July 2026 | Government Communication and Information System ( GCIS )  | provider=Gcis.Gov.Za | reason=Low Confidence
    - FINAL RESULTS FOR THE YEAR ENDED 31 MARCH 2026 | Company Announcement  | provider=Investegate.Co.Uk | reason=Low Confidence
    - Regulations Should  Steer  AI Agents Into Being  Intrinsically Good , Says  Godfather of AI  | provider=Theepochtimes.Com | reason=Low Confidence
    - [ 异常波动 ] 剑桥科技 ( 603083 ): 股票交易异常波动公告 - CFi . CN 中财网  | provider=Cfi.Net.Cn | reason=Low Confidence
    - 【 活力中国调研行 】 机器人训练缺场景 ？ 这个国家级中试基地  管够 ！  | provider=News.Cyol.Com | reason=Low Confidence
    - Русские отрезали Украину от моря , но везде об этом молчок ( Parlamentní listy , Чехия )  | provider=Inosmi.Ru | reason=Low Confidence
    - Annual Financial Report | Company Announcement  | provider=Investegate.Co.Uk | reason=Low Confidence
    - Achtung Brandgefahr beim Parken im trockenen Gras  | provider=Tips.At | reason=Low Confidence
    - US restrictions on Chinese robots and inverters self - defeating and destabilizing  | provider=Usa.Chinadaily.Com.Cn | reason=Low Confidence
    - Globus Bank Receives Inaugural Fitch Ratings  | provider=Vanguardngr.Com | reason=Low Confidence
    - China opposes US over import ban  | provider=Europe.Chinadaily.Com.Cn | reason=Low Confidence
    - Even The Right Thinks Trump FCC is Crossing the Line FTVLive  | provider=Ftvlive.Com | reason=Low Confidence
    - China warns of retaliation if US sticks with robot ban  | provider=Thefrontierpost.Com | reason=Low Confidence
    - Wjle Radio Newsad Center  | provider=Unitaid.Eu | reason=Low Confidence
    - Lebensmittel , Strom , Versicherungen : Wo fast jeder Haushalt zu viel zahlt  | provider=Merkur.De | reason=Low Confidence
    - SES S . A .: SES Reports H1 2026 Results & Reiterates Full - Year Outlook  | provider=Finanznachrichten.De | reason=Low Confidence
    - China Says US Humanoid Robot Ban  Severely Damage Relations - Tesla ( NASDAQ : TSLA )  | provider=Benzinga.Com | reason=Low Confidence
    - China threatens retaliation over US import ban on robots , power inverters  | provider=Arabnews.Com | reason=Low Confidence
    - AG Fitch urges for stronger FCC rules for robocalls , scam texts  | provider=Wxxv25.Com | reason=Low Confidence
    - Wie Google Maps : Ein Hightech - Auto digitalisiert Euskirchen  | provider=Ksta.De | reason=Low Confidence
    - Trump FCC gives Tesla a leg up in critical technology race  | provider=Finance.Yahoo.Com | reason=Low Confidence
    - Radschnellweg wird länger : Nächste Etappe in Garching eröffnet  | provider=Merkur.De | reason=Low Confidence
    - AP Business SummaryBrief at 10 : 20 p . m . EDT  | provider=Mankatofreepress.Com | reason=Low Confidence
    - Ties strong between San Bernardino County elected officials , West Covina businessman implicated in FBI probe  | provider=Dailynews.Com | reason=Low Confidence
    - US bans foreign - made humanoid robots , targeting China over national security  | provider=Macaudailytimes.Com.Mo | reason=Low Confidence
    - China warns of retaliation over US curbs on robots , inverters  | provider=Economictimes.Indiatimes.Com | reason=Low Confidence
    - Flume Water Monitor 915 MHz Signal Security – It Not Bad  | provider=Waveformsecurity.Com | reason=Low Confidence
    - Pechino accusa gli united states di colpire robot e inverter e minaccia ritorsioni  | provider=Laregione.Ch | reason=Low Confidence
    - Тревожно : что - то ждет Telegram в России  | provider=1Prime.Ru | reason=Low Confidence
    - Ni el robot barrendero se salvó : Estados Unidos va contra los robots extranjeros  | provider=Sopitas.Com | reason=Low Confidence
    - China amenință SUA cu represalii dacă nu renunță la decizia de a interzice importurile de roboți umanoizi  | provider=Antena3.Ro | reason=Low Confidence
    - Китай готви ответни мерки , ако САЩ не вдигнат забраната за внос на роботи  | provider=News.Bg | reason=Low Confidence
    - Трамп размислува за построга контрола на вештачката интелигенција : „ Не смееме да ѝ го препуштиме водството на Кина  | provider=Mkd.Mk | reason=Low Confidence
    - Guerra tecnológica : EE UU contra los robots chinos  | provider=Eldia.Com | reason=Low Confidence
    - Social App taken to court over terror related content  | provider=Bunburymail.Com.Au | reason=Low Confidence
    - China amenință cu represalii după noile restricții impuse de SUA asupra roboților și invertoarelor chinezești  | provider=Mediafax.Ro | reason=Low Confidence
    - Fresh US strikes on Iran | Midday News Bulletin 30 July 2026  | provider=Sbs.Com.Au | reason=Low Confidence
    - EE . UU . prohíbe importaciones de robots chinos al considerarlos una amenaza para la seguridad nacional  | provider=Laopinion.Com | reason=Low Confidence
    - Shettima Sets Delivery Targets for SWDC on Roads , Jobs  | provider=Punchng.Com | reason=Low Confidence
    - El celular podría decirle adiós a las zonas sin señal : así funcionaría la conexión desde el espacio  | provider=Colombia.Com | reason=Low Confidence
    - Wisconsin Dem socialist gubernatorial hopeful dodges whether she still wants to  abolish police  | provider=Yahoo.Com | reason=Low Confidence
    - We , the board , screwed this up : Northern California school district unknowingly approved AI - cameras  | provider=Pressdemocrat.Com | reason=Low Confidence
    - Doanh nghiệp Việt Nam hướng tới Net Zero : Thách thức và cơ hội  | provider=Vneconomy.Vn | reason=Low Confidence
    - Confindustria e le ricette a deficit . Di realtà  | provider=Agoravox.It | reason=Low Confidence
    - Китай завершил сборку рекордного 582 - тонного магнита для будущего « искусственного Солнца » » Gazeta . kg новости Кыргызстана и Бишкека сегодня  | provider=Gazeta.Kg | reason=Low Confidence
    - Sri Lanka : A Judiciary in Disarray After Years of Neglect  | provider=Slguardian.Org | reason=Low Confidence
    - Η Βόρεια Θάλασσα και η ενεργειακή στροφή του Ηνωμένου Βασιλείου  | provider=Sbctv.Gr | reason=Low Confidence
    - Ли Чжэ Мён : FTA с Чили должно учитывать новую ситуацию  | provider=World.Kbs.Co.Kr | reason=Low Confidence
    - The invisible hand of  content delivery network - The HinduBusinessLine  | provider=Thehindubusinessline.Com | reason=Low Confidence
    - NCC , REA sign MoU to drive digital infrastructure expansion through renewable energy  | provider=Nationalaccordnewspaper.Com | reason=Low Confidence
    - www.foxnews.com/media/conser...  | provider=BlueSky | reason=Low Confidence
    - 🟡 SCOOP: SpaceX is coming for AT&T, Verizon, and T-Mobile as it tries to fill a hole in its airwaves crucial for a full-  | provider=BlueSky | reason=Low Confidence
    - $SPCX is hunting urban radio spectrum to compete with $T, $VZ and $TMUS —via acquisitions or a 2027 auction. Carriers’ s  | provider=BlueSky | reason=Low Confidence
    - Happy to see my paper with @t8el.bsky.social on the Combinatorial Multi-Round Ascending Auction out in print at AEJ: Mic  | provider=BlueSky | reason=Low Confidence
    - Trying to keep up with the situational nanny-statism of this administration makes me feel like I’m taking crazy pills.  | provider=BlueSky | reason=Low Confidence
    - Amazon Leo Wants to Start Their Own Satellite Phone Company  | provider=929Thebull.Com | reason=Low Confidence
    - The 6 Greatest Episodes of  The Twilight Zone  | provider=Movieweb.Com | reason=Low Confidence
    - FCC Bans Import of Chinese - Made Humanoid Robots , Targeting China Dominance in Market  | provider=Chinatechnews.Com | reason=Low Confidence
    - Pig Works begins construction on new Walnut Hills headquarters  | provider=Wlwt.Com | reason=Low Confidence
    - Ties strong between San Bernardino elected officials , businessman implicated in FBI probe  | provider=Dailybulletin.Com | reason=Low Confidence
    - Pro - data center industry group behind ad campaign in Oregon , six other states  | provider=Postregister.Com | reason=Low Confidence
    - New DUI law closes significant  loophole  for prosecutors  | provider=Claremoreprogress.Com | reason=Low Confidence
    - Behind Scenes At Our Freeway Control Centre  | provider=Miragenews.Com | reason=Low Confidence
    - US bans foreign - made humanoid robots . Here why  | provider=Ksla.Com | reason=Low Confidence
    - FCC bans new Chinese robots and power inverters  | provider=Thebusinessjournal.Com | reason=Low Confidence
    - Who wins and who loses after US bans foreign robots ?  | provider=Arstechnica.Com | reason=Low Confidence
    - Pro - Data Center Ads Target Oregon , Here Who Behind Them  | provider=Corvallisadvocate.Com | reason=Low Confidence
    - U . S . Expands National Security Ban to Include Humanoid and Quadruped Robots  | provider=English.Pravda.Ru | reason=Low Confidence
    - FCC Cracks Down on Provider Accused of Fraud in  Obama Phone  Program – PJ Media  | provider=Pjmedia.Com | reason=Low Confidence
    - The US Government Robot Ban Also Includes Vacuums  | provider=Engadget.Com | reason=Low Confidence
    - Phone networks must do more to prevent illegal robocalls : AGs  | provider=Brooklyneagle.Com | reason=Low Confidence
    - Almost all future robot vacuums were just banned by the US government  | provider=9To5Mac.Com | reason=Low Confidence
    - ABC and Disney Face FCC License Battle as Defenders Struggle With Legal Rebutt  | provider=Newsbusters.Org | reason=Low Confidence
    - St . Paul police chief says mayor sexually harassed employees ; investigation underway  | provider=Grandforksherald.Com | reason=Low Confidence
    - Lindsey Graham returns home as friends honor his South Carolina ties at funeral  | provider=Independent.Co.Uk | reason=Low Confidence
    - AST SpaceMobile vs . QuantumScape : Which Stock Is a Better Buy in 2026 ?  | provider=Fool.Com | reason=Low Confidence
    - Launch Manifests Are Becoming Spectrum Policy – SatNews  | provider=Satnews.Com | reason=Low Confidence
    - Spok Q2 Earnings Call Highlights  | provider=Themarketsdaily.Com | reason=Low Confidence
    - CIRT pide limitar intervención del regulador en contenidos de radio y televisión  | provider=Lopezdoriga.Com | reason=Low Confidence
    - Celebrating foreign education : Hypocrisy of contemporary  | provider=Thesun.Ng | reason=Low Confidence
    - Trump considering AI controls after OpenAI hacking incidents  | provider=Yahoo.Com | reason=Low Confidence
    - Wisconsin Dem socialist governor hopeful dodges whether she still wants to  abolish police  | provider=Wfmd.Com | reason=Low Confidence
    - Guerra tecnológica : EE . UU . prohíbe los robots humanoides chinos ante su avance en el mercado global  | provider=Cnnchile.Com | reason=Low Confidence
    - Telecoms Contribution to GDP Grows from 7 . 67 % to 9 . 19 % in Q1 2026 – THISDAYLIVE  | provider=Thisdaylive.Com | reason=Low Confidence
    - Francesca Hong sidesteps police abolition questions at Milwaukee debate  | provider=Foxnews.Com | reason=Low Confidence
    - How sincere is Modi in putting education back on rails ? | Faraz Ahmad  | provider=Mainstreamweekly.Net | reason=Low Confidence
    - Suspect in gold bar fraud scheme targeting kupuna held without bail  | provider=Staradvertiser.Com | reason=Low Confidence
    - Anthony Fauci Fifth Amendment stonewalling CRUMBLES as Senator Paul demands accountability for millions of lives lost – NaturalNews . com  | provider=Naturalnews.Com | reason=Low Confidence
    - Welch courts CTU support with CPS funding pledge amid scandal  | provider=Chicagotribune.Com | reason=Low Confidence
    - EE . UU . prohíbe los robots aspiradores que llegan del extranjero  | provider=Hipertextual.Com | reason=Low Confidence
    - NHCS board extends superintendent contract , cancels public hearing on LifeWise Academy  | provider=Whqr.Org | reason=Low Confidence
    - Third Congressional District candidates speak at Wisconsin Farmers Union forum  | provider=Yahoo.Com | reason=Low Confidence
    - من الظلم الإيهام بالخلافة  | provider=Hespress.Com | reason=Low Confidence
    - Pacific Fibre Conference 2026 opens with focus on AI , digital connectivity  | provider=Fijisun.Com.Fj | reason=Low Confidence
    - Anterix Sets First Quarter Fiscal 2027 Earnings Conference Call for Wednesday , August 12 , at 9 : 00 a . m . ET  | provider=Manilatimes.Net | reason=Low Confidence
    - Space Exponential Tech Moment And The Need To Secure It  | provider=Forbes.Com | reason=Low Confidence
    - State Offers $1 Million To Help Schools Implement Anti - Distraction Policy Brantley Fought To Fund  | provider=Ladailypost.Com | reason=Low Confidence
    - Which Canadian city ranks in the top 5 globally for workcations ?  | provider=Hrreporter.Com | reason=Low Confidence
    - LankaWeb – Sri Lanka : A judicial system in disarray due to years of neglect  | provider=Lankaweb.Com | reason=Low Confidence
    - Busted Newspaper Boonville MO : Navigating Local Public Records And Community Awareness  | provider=Unitaid.Eu | reason=Low Confidence
    - SMA Solar Aktie kaufen oder verkaufen ? Analyse & Prognose 2026  | provider=Boerse-Express.Com | reason=Low Confidence
    - Tages - Trading - Chancen am Donnerstag den 04 . 06 . 2026 - 500 Beiträge pro Seite  | provider=Wallstreet-Online.De | reason=Low Confidence
    - La consultora de Eduardo Costantini da un giro y revela su nueva inversión estrella  | provider=Iprofesional.Com | reason=Low Confidence
    - FCC carves out Starlink from foreign-made router ban as national security policy meets supply chain reality

Repost if y  | provider=BlueSky | reason=Low Confidence
    - “FCC Slammed by Former Agency Officials Over Review of ABC’s Licenses: ‘An Assault on Free Speech Disguised as Regulator  | provider=BlueSky | reason=Low Confidence
    - Trump Administration Bans New Chinese Humanoid Robots
https://hardware.slashdot.org/story/26/07/29/0441240/trump-adminis  | provider=BlueSky | reason=Low Confidence
    - Trump Administration Bans New Chinese Humanoid Robots

https://hardware.slashdot.org/story/26/07/29/0441240/trump-admini  | provider=BlueSky | reason=Low Confidence
    - Trump ally, Brendan Carr wants to control the media to satisfy Trump. It is a 'chiling message' with the ABC license rev  | provider=BlueSky | reason=Low Confidence
    - More bangers  | provider=BlueSky | reason=Low Confidence
    - Satellite companies could get an extra $6.3 billion for clearing the band quickly  | provider=BlueSky | reason=Low Confidence
    - 仿效電動車模式 ！ 中國商業太空快速崛起 CSIS示警 ： 恐對美構成戰略挑戰 - 國際  | provider=News.Ltn.Com.Tw | reason=Low Confidence
    - Rural America Maternal - Health Crisis Is About to Get Much Worse  | provider=Theatlantic.Com | reason=Low Confidence
    - Santander paying £225 to customers who act before Friday  | provider=Express.Co.Uk | reason=Low Confidence
    - Η Μπανγκόκ στην κορυφή των προορισμών για εργασία εξ αποστάσεως – Η θέση της Αθήνας , πού υστερεί  | provider=Naftemporiki.Gr | reason=Low Confidence
    - 15万店倒闭 ！ 手机店从日进斗金到关门跑路 ， 到底经历了什么 ？  | provider=163.Com | reason=Low Confidence
    - Shenandoah Telecommunications Company Reports Second Quarter 2026 Results  | provider=Finanznachrichten.De | reason=Low Confidence
    - [ HK ] 香港电讯 - SS ( 06823 ): 截至2026年6月30日止六个月的中期业绩公告 - CFi . CN 中财网  | provider=Cfi.Net.Cn | reason=Low Confidence
    - 拓新提质强底座 ！ 十五五  开局 ， 新基建蹄疾步稳  | provider=Baijiahao.Baidu.Com | reason=Low Confidence
    - 马六甲落实全马首个共享光纤电杆计划 | 南马 | 地方  | provider=Orientaldaily.Com.My | reason=Low Confidence
    - 차세대 국가연구망  KOREN 6 . 0  업그레이드 … AI 네트워크로 전면 고도화  | provider=Etnews.Com | reason=Low Confidence
    - From Abuja , ATU makes Ubuntu call  | provider=Thecable.Ng | reason=Low Confidence
    - Diễn đàn Đổi mới sáng tạo Việt Nam toàn cầu 2026  | provider=Nhipcaudautu.Vn | reason=Low Confidence
    - Come la fibra FTTH sta trasformando musei e siti archeologici  | provider=Key4Biz.It | reason=Low Confidence
    - Digital future depends on delivery , not policy  | provider=Tribune.Com.Pk | reason=Low Confidence
    - Andy Burnham urged  Visit true north  as  Highland premium  revealed  | provider=Heraldscotland.Com | reason=Low Confidence
    - 路通视信申请智能交互决策系统相关专利 ， 提升AI人机交互的安全 、 准确 、 可靠与体验度  | provider=Finance.Sina.Com.Cn | reason=Low Confidence
    - Монголын анхны мэдээллийн сайт  | provider=Sonin.Mn | reason=Low Confidence
    - Dakota Intelligence brings artificial intelligence solutions to businesses  | provider=Mitchellrepublic.Com | reason=Low Confidence
    - How fibre internet , fintech , cybersecurityll shape Nigeria  | provider=Thesun.Ng | reason=Low Confidence
    - From Abuja , ATU makes Ubuntu call , by Okoh Aihe  | provider=Vanguardngr.Com | reason=Low Confidence
    - 拓新提质强底座 新型基础设施建设迈向一体化统筹  | provider=Stcn.Com | reason=Low Confidence
    - Thomas will lead four national committees on topics impactin ...  | provider=Wakeweekly.Com | reason=Low Confidence
    - Rideau Lakes mayor not running for re - election  | provider=Insideottawavalley.Com | reason=Low Confidence
    - NOV Reports Second Quarter 2026 Earnings | The Manila Times  | provider=Manilatimes.Net | reason=Low Confidence
    - Amazon Leo vs Starlink : Amazon could launch over 5 , 000 satellites  | provider=Androidauthority.Com | reason=Low Confidence
    - Virgin Media issues 24 hour countdown to claim a 4K LG TV for free  | provider=Express.Co.Uk | reason=Low Confidence
    - Mozambique Prioritises Digital Infrastructure to Drive AI , Financial Services and Economic Growth - The Zimbabwe Mail Mozambique Prioritises Digital Infrastruc  | provider=Thezimbabwemail.Com | reason=Low Confidence
    - 康宁电话会 ： 订单正在加速增长 ， 全光纵向扩展将提升10倍光纤用量 ， 但落地节奏不确定  | provider=Wallstreetcn.Com | reason=Low Confidence
    - Cần hoàn thiện cơ chế tài chính , tạo đà cho xuất khẩu nông sản Vĩnh Long  | provider=Stockbiz.Vn | reason=Low Confidence
    - State opens grant applications to support school anti - distraction policies  | provider=Yahoo.Com | reason=Low Confidence
    - August 2026 bank holiday universal credit , benefits and pensions dates  | provider=Independent.Co.Uk | reason=Low Confidence
    - 激活农业新质生产力动能  | provider=News.Cau.Edu.Cn | reason=Low Confidence
    - NetOne CEO Mushanawani Placed on Forced Leave Amid Governance Concerns - The Zimbabwe Mail NetOne CEO Mushanawani Placed on Forced Leave Amid Governance Concern  | provider=Thezimbabwemail.Com | reason=Low Confidence
    - Iowa AG Bird joins bipartisan push for tougher Know Your Customer robocall rules  | provider=Cbs2Iowa.Com | reason=Low Confidence
    - Κερδοφορία , επενδύσεις και διεθνής δυναμική οδηγούν την επόμενη ημέρα της ElvalHalcor  | provider=Iefimerida.Gr | reason=Low Confidence
    - OK忠訓信貸mobiel01 『 借錢不難 快速借款 』 房貸轉貸 證件借錢 - 刷卡借現金 , 房貸試算月計算 , 彰化銀行最快速借錢的方法  | provider=Blog.Udn.Com | reason=Low Confidence
    - Minensektor vor Berichtssaison : Sturm in Chile , Rekord - Cash bei Pan American  | provider=Boerse-Express.Com | reason=Low Confidence
    - Насколько приватен DuckDuckGo : Bing , трекеры Microsoft и реальные ограничени  | provider=Securitylab.Ru | reason=Low Confidence
    - Who Are The CNN Presenters Female Journalists Leading Global News Coverage Today ?  | provider=Unitaid.Eu | reason=Low Confidence
    - Gen Z Rewrites India Political Campaign Playbook : Apar Gupta on Digital Protests , Censorship and Internet Shutdowns  | provider=Openthemagazine.Com | reason=Low Confidence
    - Centene ( CNC ) Q2 2026 Earnings Call Transcript  | provider=Fool.Com | reason=Low Confidence
    - Science Confirms the Existence of a  Demon  Quasiparticle Predicted Nearly 70 Years Ago  | provider=Dailygalaxy.Com | reason=Low Confidence
    - Microsoft Aktie : Bewährungsprobe vor Quartalszahlen  | provider=Boerse-Express.Com | reason=Low Confidence
    - Слънцето , вятърът и термопомпите могат да заличат зависимостта на ЕС от втечнен газ  | provider=Investor.Bg | reason=Low Confidence
    - ELVALHALCOR : Ισχυρό α  εξάμηνο με άνοδο όγκων και εκτόξευση 79 % στα κέρδη προ φόρων - Ειδήσεις για το χρηματιστήριο και τις αγορές  | provider=Mikrometoxos.Gr | reason=Low Confidence
    - Elvalhalcor : Αυξημένα 78 , 6 % τα κέρδη προ φόρων στο α  εξάμηνο - Στα 2 , 197 δισ . ευρώ ο τζίρος  | provider=Sofokleous10.Gr | reason=Low Confidence
    - ΕΛΒΑΛΧΑΛΚΟΡ : Aλμα 74 % στα καθαρά κέρδη – Στα 2 , 2 δισ . ευρώ ο τζίρος  | provider=Bankwars.Gr | reason=Low Confidence
    - DAX & Nasdaq : Das belastet - KOSPI , Mercedes , Teamviewer , LVMH , J & J , Iran , Nvidia , SpaceX , Bitcoin  | provider=Boerse-Online.De | reason=Low Confidence
    - Drecun : SAD žele da im Srbija bude najznačajniji partner u regionu  | provider=Politika.Rs | reason=Low Confidence
    - Исследование : ветер , солнце и тепловые насосы снизят зависимость ЕС от СПГ к 2030 году  | provider=Ru.Euronews.Com | reason=Low Confidence
    - Elvalhalcor : Αλμα 78 , 6 % στα κέρδη προ φόρων το πρώτο εξάμηνο  | provider=Euro2Day.Gr | reason=Low Confidence
    - Elvalhalcor : Ρεκόρ κερδοφορίας – +79 % στα προ φόρων κέρδη και ισχυρές ταμειακές ροές το α εξάμηνο  | provider=Reporter.Gr | reason=Low Confidence
    - Global dimming : pourquoi la Terre absorbe de plus en plus de chaleur solaire  | provider=Lessentiel.Lu | reason=Low Confidence
    - Mercialys : NRE up +4 . 1 %  | provider=Finanznachrichten.De | reason=Low Confidence
    - Τύμπανα πολέμου από Ισραήλ : Η Τουρκία το νέο Ιράν - Η Άγκυρα θα γεμίσει πτώματα , η « Οθωμανική Αυτοκρατορία » θα ξαναπέσει  | provider=Bankingnews.Gr | reason=Low Confidence
    - UPSC Key - 28th July 2026 : Income inequality , Ganga water treaty and K Radhakrishnan Committee  | provider=Indianexpress.Com | reason=Low Confidence
    - Why lawmakers are concerned about where billions in broadband funding is going – KTBB News , Weather , Talk  | provider=Ktbb.Com | reason=Low Confidence
    - ​The Broadband Last Mile Is Rural America Economic Growth Engine  | provider=Forbes.Com | reason=Low Confidence
    - Upper C-band auction offers another lift for GEO industry

TAMPA, Fla. — Satellite operators have welcomed the prospect  | provider=BlueSky | reason=Low Confidence
    - NCTC and Prosurety Partner to Give Members a New Way to Compete on Mobile Devices  | provider=Manilatimes.Net | reason=Low Confidence
    - FTSE 100 Live : Unilever leads index close to highs , US semi sell - off deepens  | provider=Proactiveinvestors.Com | reason=Low Confidence
    - 大豐電 ： 大大寬頻規劃第3季遞件申請上市 | 證券  | provider=Cna.Com.Tw | reason=Low Confidence
    - VMO2 calls for net - neutrality overhaul to boost innovation  | provider=Telecomtv.Com | reason=Low Confidence
    - Spectrum Business Named Radware U . S . Managed Security Services Partner of the Year for Expanding Managed DDoS Protection Services  | provider=Manilatimes.Net | reason=Low Confidence
    - 大型企业驾驭AI破局 ， 一定不要错过2026 GBIC这11场论坛 ！  | provider=Finance.Sina.Com.Cn | reason=Low Confidence
    - FTSE 100 Live : Unilever helps index open higher , but Barclays falls  | provider=Proactiveinvestors.Com | reason=Low Confidence
    - Orange : Orange achieved record first half growth both in revenue ( +3 . 5 %) and EBITDAaL ( +5 . 0 %)  | provider=Manilatimes.Net | reason=Low Confidence
    - 新一代通信网加速构建  数字新底座 - 千龙网 · 中国首都网  | provider=Tech.Qianlong.Com | reason=Low Confidence
    - 亚马逊挑战SpaceX ： 放5000颗卫星  | provider=Finance.Sina.Com.Cn | reason=Low Confidence
    - 亚马逊入局卫星通信争夺战 ： 拟部署5000颗卫星抢滩移动终端市场  | provider=163.Com | reason=Low Confidence
    - 有廣法黨政軍條款擬鬆綁 凱擘 ： 有助資金活水進入產業 | 財經 | 三立新聞網 SETN . COM  | provider=Setn.Com | reason=Low Confidence
    - Niagara bets on agri - tech , talent to grow farm economy  | provider=Stcatharinesstandard.Ca | reason=Low Confidence
    - 沃達豐歐洲裁員 1 , 200 人 推動 20 億歐元成本削減計畫  | provider=N.Yam.Com | reason=Low Confidence
    - Pennsylvania Roundup : DCED extends application deadline to improve school facilities , infrastructure  | provider=Timesleader.Com | reason=Low Confidence
    - Mitch McConnell Absence : List of Legislation Cosponsored by Senator Since Hospitalization  | provider=Newsweek.Com | reason=Low Confidence
    - Starlink Picks Satworks as Its Sole united kingdom Professional Installer from Next Month  | provider=Techtimes.Com | reason=Low Confidence
    - Via Satellite Rising Stars of 2026  | provider=Satellitetoday.Com | reason=Low Confidence
    - Shenandoah Telecommunications to Participate in Third Quarter 2026 Investor Conferences  | provider=Manilatimes.Net | reason=Low Confidence
    - Brits urged to check broadband contracts after Virgin Media slapped with £28m fine | united kingdom | News  | provider=Express.Co.Uk | reason=Low Confidence
    - 英国研究新发现 ： 毫米波频段或成搜寻外星文明信号新方向 - 信息流 - ITBear科技资讯  | provider=Itbear.Com.Cn | reason=Low Confidence
    - Are phone companies doing enough to stop robocalls in Arizona ?  | provider=Azfamily.Com | reason=Low Confidence
    - 优刻得 ( 688158 ): 优刻得科技股份有限公司向特定对象发行股票申请文件的审核问询函的回复 - CFi . CN 中财网  | provider=Cfi.Net.Cn | reason=Low Confidence
    - Caccia al sionista in Toscana  | provider=Nove.Firenze.It | reason=Low Confidence
    - GDS Releases 2025 Sustainability Report , Achieving MSCI AAA Rating  | provider=Manilatimes.Net | reason=Low Confidence
    - Renault prepara la nuova fase elettrica : batterie europee , fabbriche flessibili e disciplina sui volumi  | provider=Motori.Ilmessaggero.It | reason=Low Confidence
    - New York Right - to - Die Law : Choice or Coercion ? - By Fransiscus Nanga Roka  | provider=Opinionnigeria.Com | reason=Low Confidence
    - Adhoc : SIG Group AG : Konsequenter Fokus auf Umsetzung führt zu soliden Ergebnissen  | provider=Finanznachrichten.De | reason=Low Confidence
    - The 2035 Combustion Ban Just Got Softer , And German V8s And Inline - Sixes Are The Winners  | provider=Carbuzz.Com | reason=Low Confidence
    - Article 4 done , Article 2 next | The Manila Times  | provider=Manilatimes.Net | reason=Low Confidence
    - Aulton New Energy Faces Second HKEX Listing Test  | provider=Autonews.Gasgoo.Com | reason=Low Confidence
    - Interrogazione , presenza di eventi patrocinati dal comune  | provider=Okmugello.It | reason=Low Confidence
    - Investimenti a Hong Kong nel 2026 : strategie , connettività e vantaggi APAC  | provider=China-Briefing.Com | reason=Low Confidence
    - [FOX Business] Kudlow: well know. i mean, do you know this story, perhaps, but the federal communicatio...  | provider=Fox Business | reason=Low Confidence
    - [CSPAN3] Nixon Administration 1970s Womens Initiatives: nixon. this is an item in his news summary was urging the appointment of a woman...  | provider=Cspan3 | reason=Low Confidence
    - [CSPAN3] Stacy Schiff The Revolutionary - Samuel Adams: summary, a group called american in television and radio urged nixon. this is an...  | provider=Cspan3 | reason=Low Confidence
    - [CSPAN3] Nixon Administration 1970s Womens Initiatives: summary was urging the appointment of a woman to the federal communications comm...  | provider=Cspan3 | reason=Low Confidence
    - [CSPAN3] Nixon Administration 1970s Womens Initiatives: is just a summary -- was urging the appointment of a woman to the federal commun...  | provider=Cspan3 | reason=Low Confidence
    - [FOX Business] Mornings With Maria Bartiromo: less lag, better gaming! i'm gonna need to charge you for three people. . maria:...  | provider=Fox Business | reason=Low Confidence
    - [CSPAN] Federalist Society Previews Supreme Court Term Part 1: has asked for a search warrant in that case. there are a bunch of cases involvin...  | provider=Cspan | reason=Low Confidence
    - [CSPAN2] Book TV: not allowed to own stocks that are regulated by the federal communications commi...  | provider=Cspan2 | reason=Low Confidence
    - [CSPAN2] Author Discussion on Journalism: not allowed to own stocks that are regulated by the federal communications commi...  | provider=Cspan2 | reason=Low Confidence
    - [CSPAN2] Book TV: stacks, trading forms. and we thought, you know how the heck we're going to go t...  | provider=Cspan2 | reason=Low Confidence
    - [CSPAN2] Author Discussion on Journalism: stacks, trading forms. and we thought, you know how the heck we're going to go t...  | provider=Cspan2 | reason=Low Confidence
    - [CSPAN2] Author Discussion on Journalism: that. and the idea was my my dad worked for the federal communications commissio...  | provider=Cspan2 | reason=Low Confidence
    - [MSNBC] Velshi: distort of tony him from a nuclear reactor? you know, you want a scientist doing...  | provider=Msnbc | reason=Low Confidence
    - [CSPAN] Federalist Society Previews Supreme Court Term: delegation something we should consider. the inspector general's office has aske...  | provider=Cspan | reason=Low Confidence
    - [FOX News] Special Report With Bret Baier: services. the debt exchange deal includes payment of $1 and the assumption of ar...  | provider=Fox News | reason=Low Confidence
    - [MSNBC] Katy Tur Reports: recover. in addition to fema, that includes the federal communications commissio...  | provider=Msnbc | reason=Low Confidence
    - [CNN] Inside Politics With Dana Bash: available resources fast as possible. well to your communities. the rescue, reco...  | provider=Cnn | reason=Low Confidence
    - [MSNBC] Jose Diaz-Balart Reports: he said that fema administrator is still on the ground there. he also talked abo...  | provider=Msnbc | reason=Low Confidence
    - [FOX News] The Faulkner Focus: rebuilding. in addition to fema including the federal communications commission ...  | provider=Fox News | reason=Low Confidence
    - [CNN] CNN Newsroom With Pamela Brown: every every available resources fast as possible to your communities. the rescue...  | provider=Cnn | reason=Low Confidence
    - [MSNBC] Jose Diaz-Balart Reports: every available resource as fast as possible to your communities, to rescue, rec...  | provider=Msnbc | reason=Low Confidence
    - [CSPAN2] Hearing on Oversight of FBIs Security Clearances for Whistleblowers: s. 275, a bill to require the federal communications commission to establish a v..  | provider=Cspan2 | reason=Low Confidence
    - [CSPAN2] U.S. Senate U.S. Senate: it's been more than 1500 days since the last federal communications commission h...  | provider=Cspan2 | reason=Low Confidence
    - [CSPAN2] FCC Commissioner  Others Testify on Biden Administration Policies: senior republican commissioner on the federal communications commission he's bee...  | provider=Cspan2 | reason=Low Confidence
    - [CSPAN3] FCC Commissioner  Others Testify on Biden Administration Policies: excellent witnesses, brandon carr is a commissioner on the federal communication...  | provider=Cspan3 | reason=Low Confidence
    - [CSPAN] U.S. House of Representatives U.S. House of Representatives: federal communications commission to establish a task force to be known as a 6-g...  | provider=Cspan | reason=Low Confidence
    - [CSPAN3] Discussion on Emerging AI Technologies: media attack new media and try to use regulation to deal with that. it is really...  | provider=Cspan3 | reason=Low Confidence
    - [CSPAN3] Discussion on Emerging AI Technologies: to use regulation to deal with that. it is really because of newspapers lobbying...  | provider=Cspan3 | reason=Low Confidence
    - [CSPAN2] U.S. Senate U.S. Senate: the presiding officer: the clerk will read the title of the bill for the second ...  | provider=Cspan2 | reason=Low Confidence
    - [CSPAN2] U.S. Senate U.S. Senate: -- an act to direct the federal communications commission to publish a list of e...  | provider=Cspan2 | reason=Low Confidence
    - [CSPAN2] The Civil War Tom Wheeler Mr. Lincolns T-Mails: read out the list of his accomplishments. a few highlights include his service a...  | provider=Cspan2 | reason=Low Confidence
    - [CSPAN2] The Civil War Tom Wheeler Mr. Lincolns T-Mails: businessman, an author and a public figure. i'm not even going to try and read o...  | provider=Cspan2 | reason=Low Confidence
    - [CSPAN2] Nixon Administration 1970s Womens Initiatives: federal communications commission. nixon, scrawled in the margin, why not? so, y...  | provider=Cspan2 | reason=Low Confidence
    - [CSPAN2] American History TV: nixon. this is an item in his news summary was urging the appointment of a woman...  | provider=Cspan2 | reason=Low Confidence
    - [CSPAN] NTSB Chair and Others Discuss New Vehicle Technology and Safety Standards: technology, in vehicles on roadways. i will say, as i mentioned in my remarks  | provider=Cspan | reason=Low Confidence
    - [FOX Business] Cavuto Coast to Coast: service is the new frontier of connectivity. neil: right now providing that for ...  | provider=Fox Business | reason=Low Confidence
    - [FOX Business] Cavuto Coast to Coast: people couldn't make cell phone calls to say nothing of electricity but looks li...  | provider=Fox Business | reason=Low Confidence
  [Non-FCC (blocked domain)] — 1
    - Trump Republicans Are Destroying Decades Of Policy Progress On Affordable Broadband  | provider=Techdirt.Com | reason=Non-FCC (blocked domain)

SECTION 3 — HIGH PRIORITY ARTICLES
    [INCLUDED] term=Spectrum | Qualcomm Still Pushing for Sidelink Rulemaking | reason=kept in briefing (priority-protected)
    [INCLUDED] term=Space | Space Experts Call for Government Action as Space Data Centers Emerge | reason=kept in briefing (priority-protected)
    [INCLUDED] term=AT&T | AT&T closes acquisition of Echostar spectrum | reason=kept in briefing (priority-protected)
    [INCLUDED] term=AT&T | AT&T’s EchoStar Spectrum Purchase Carries Significant Implications | reason=kept in briefing (priority-protected)
    [INCLUDED] term=AT&T | AT&T: More Than Half of Residential Fixed Wireless Subs Take a Mobile Line | reason=kept in briefing (priority-protected)
    [INCLUDED] term=Spectrum | The 6G AI uplink panic (Analyst Angle) | reason=kept in briefing (priority-protected)
    [INCLUDED] term=Satellite | Tuesday (telco diary) | D2D in 3D – Amazon appeals to telcos | reason=kept in briefing (priority-protected)
    [INCLUDED] term=Space | Mason's Observations on "Wonderwall", "Dai Dai" & New Throwbacks | reason=kept in briefing (priority-protected)
    [INCLUDED] term=Wireless | An Ally for the New Digital Infrastructure Transformation | reason=kept in briefing (priority-protected)
    [INCLUDED] term=iHeart | What Is KZPS' Blockbuster Move? | reason=kept in briefing (priority-protected)
    [INCLUDED] term=AT&T | AT&T and Wave expand their quantum partnership | reason=kept in briefing (priority-protected)
    [INCLUDED] term=Spectrum | Telesat eyes US$189 million payout in FCC spectrum reallocation - SpaceQ | reason=kept in briefing (priority-protected)
    [INCLUDED] term=Space | US FCC approves giant space mirror to deliver 'sunlight on demand' | reason=kept in briefing (priority-protected)
    [INCLUDED] term=Satellite | Amazon Seeks FCC Approval for 5,000-Satellite Direct-to-Device Network - TechRepublic | reason=kept in briefing (priority-protected)
    [INCLUDED] term=Wireless | SES backs FCC Upper C-band plan for next-gen wireless services - SatellitePro ME | reason=kept in briefing (priority-protected)
    [INCLUDED] term=Space | U.S. FCC approves giant space mirror to deliver 'sunlight on demand,' but what are the legal implications? - CBC | reason=kept in briefing (priority-protected)
    [INCLUDED] term=Satellite | FCC OKs $6.3B in upper C-band incentive payments, but cable ops still concerned | reason=kept in briefing (priority-protected)
    [INCLUDED] term=Satellite | FCC Approves Massive Modernization of Satellite Licensing Regime - Global Policy Watch | reason=kept in briefing (priority-protected)
    [INCLUDED] term=Satellite | SpaceX Pushes FCC to Target Eutelsat OneWeb in Satellite Dispute With Europe - PCMag | reason=kept in briefing (priority-protected)
    [INCLUDED] term=ABC | Comments On FCC License Renewals For ABC Stations Top 150,000 | reason=kept in briefing (priority-protected)
    [INCLUDED] term=ABC | Public Interest and Labor Challenge FCC’s Unprecedented Effort to Target ABC Stations Over Broadcast Cont - Benzinga | reason=kept in briefing (priority-protected)
    [INCLUDED] term=ABC | Reporters Committee urges FCC to reject petitions to deny ABC license renewals - Reporters Committee for Freedom of the Press | reason=kept in briefing (priority-protected)
    [INCLUDED] term=Robocall | AG coalition urges FCC to strengthen scam robocall protections - Sun Community News | reason=kept in briefing (priority-protected)
    [INCLUDED] term=Spectrum | EchoStar closes AT&amp;T spectrum deal, but wrinkles remain | reason=kept in briefing (priority-protected)
    [INCLUDED] term=Spectrum | The FCC and its current chairman, Brendan Carr, were blasted by former heads of the agency and other officials as pursui | reason=kept in briefing (priority-protected)
    [INCLUDED] term=Spectrum | "A group of former FCC chairs and top agency officials of both parties are calling on current chairman Brendan Carr to e | reason=kept in briefing (priority-protected)
    [INCLUDED] term=ABC | Variety

A group of former FCC officials are accusing Chairman Brendan Carr of trying to “censor Disney and ABC’s speech | reason=kept in briefing (priority-protected)
    [INCLUDED] term=Spectrum | 𝗙𝗖𝗖 𝘃𝗼𝘁𝗲𝘀 𝗼𝗻 𝟭𝟲𝟬𝗠𝗛𝘇 𝗨𝗽𝗽𝗲𝗿 𝗖-𝗕𝗮𝗻𝗱 𝗮𝘂𝗰𝘁𝗶𝗼𝗻 𝗳𝗼𝗿 𝟱𝗚 𝗮𝗻𝗱 𝟲𝗚
The FCC will vote Wednesday to auction 160 megahertz of Upper C-B | reason=kept in briefing (priority-protected)
    [INCLUDED] term=Satellite | #FCC "“[a]chieving American space superiority is critical to our nation’s future,” the Order streamlines FCC’s satellite | reason=kept in briefing (priority-protected)
    [INCLUDED] term=ABC | FCC censorship czar Brendan Carr is threatening the broadcast licenses of eight local ABC stations because Trump doesn’t | reason=kept in briefing (priority-protected)
    [INCLUDED] term=ABC | FCC Slammed by Former Agency Officials Over Review of ABC’s Licenses: ‘An Assault on Free Speech Disguised as Regulatory | reason=kept in briefing (priority-protected)
    [INCLUDED] term=ABC | Several former top officials at the Federal Communications Commission called on FCC Chair Brendan Carr on Tuesday to aba | reason=kept in briefing (priority-protected)
    [INCLUDED] term=ABC | Former FCC Chairs Urge Brendan Carr to End ABC Broadcast License Review: ‘An Assault on Free Speech Disguised as Regulat | reason=kept in briefing (priority-protected)
    [INCLUDED] term=Space | www.cbc.ca/news/science... U.S. FCC approves giant space mirror to deliver 'sunlight on demand,' but what are the legal | reason=kept in briefing (priority-protected)
    [INCLUDED] term=Space | U.S. FCC approves giant space ...
www.cbc.ca/news/science... what gives the US the right to pollute the night sky? To mo | reason=kept in briefing (priority-protected)
    [INCLUDED] term=Space | Each space mirror would shine a beam of light five kilometres wide on its target on Earth. The U.S. FCC has given approv | reason=kept in briefing (priority-protected)
    [INCLUDED] term=Wireless | Case-Mate, Inc. submitted a new device:

Magnetic Wireless Power Bank
FCC ID: 2AAC4-KS056996 | reason=kept in briefing (priority-protected)
    [INCLUDED] term=Roku | Režim letadlo nikdy nebyl jen o letadlech: spojuje pravidlo FCC z roku 1991 s pravidlem FAA o rušení signálu, které poch | reason=kept in briefing (priority-protected)
    [INCLUDED] term=ABC | I really didn't see this coming. But, it's all about precedent. If the FCC can do it to ABC now, a Democratic administra | reason=kept in briefing (priority-protected)
    [REJECTED] term=ABC | Comments on FCC License Renewals for ABC Stations Top 150,000 - tvtechnology.com | reason=Duplicate
    [REJECTED] term=Satellite | Amazon Seeks FCC Approval for 5,000-Satellite Direct-to-Device Network | reason=Duplicate
    [REJECTED] term=Satellite | SpaceX Pushes FCC to Target Eutelsat OneWeb in Satellite Dispute With Europe | reason=Duplicate
    [REJECTED] term=ABC | Comments on FCC License Renewals for ABC Stations Top 150 , 000 | reason=Duplicate
    [REJECTED] term=Wireless | [CSPAN] U.S. House of Representatives U.S. House of Representatives: magnifies this target. this helps address these concerns. this would require the... | reason=Duplicate
    [REJECTED] term=Foreign Ownership | [CSPAN] U.S. House of Representatives U.S. House of Representatives: h.r. 820. a bill to direct the federal communications commission to publish a li... | reason=Duplicate
    [REJECTED] term=Wireless | Amazon Seeks FCC Approval for 5,000-Satellite Direct-to-Device Network. 
www.techrepublic.com/article/news... 
Telecommu | reason=Duplicate
    [REJECTED] term=Space | U.S. FCC approves giant space mirror to deliver 'sunlight on demand,' but what are the legal implications? | CBC News

w | reason=Duplicate
    [REJECTED] term=ABC | FCC censorship czar Brendan Carr is threatening the broadcast licenses of eight local ABC stations because Trump doesn’t | reason=Duplicate
    [REJECTED] term=ABC | Comments On FCC License Renewals For ABC Stations Top 150 , 000 | reason=Low Confidence
    [REJECTED] term=Space | This is horrific! The damage that this will do to the night time environment is unimaginable, carelessly disrupting the | reason=Low Confidence
    [REJECTED] term=Space | I need someone to shed more light on this one. I thought it was a joke, but they are talking about having 50,000 mirrors | reason=Low Confidence
    [REJECTED] term=Space | Outrageous. Reflect Orbital’s plan to sell “sunlight on demand” through orbital mirrors is inherently incompatible with | reason=Low Confidence
    [REJECTED] term=Spectrum | 📡 Mobile Spectrum: AGCOM eyes 2037.

The Italian regulator is proposing a free renewal of licenses expiring in 2029, pro | reason=Low Confidence
    [REJECTED] term=Space | S & P Global Conference : Space Deals Soar as Starlink , LEO and Orbital AI Reshape Markets | reason=Low Confidence
    [REJECTED] term=Robocall | Rhea : Attorneys general continue FCC push to limit robocall access | reason=Low Confidence
    [REJECTED] term=Space | U . S . FCC approves giant space mirror to deliver  sunlight on demand , but what are the legal implications ? | reason=Low Confidence
    [REJECTED] term=911 | Answer Line : How do mobile 911 calls work ? | Longview News - Journal | reason=Low Confidence
    [REJECTED] term=AT&T | 🟡 SCOOP: SpaceX is coming for AT&T, Verizon, and T-Mobile as it tries to fill a hole in its airwaves crucial for a full- | reason=Low Confidence
    [REJECTED] term=Spectrum | $SPCX is hunting urban radio spectrum to compete with $T, $VZ and $TMUS —via acquisitions or a 2027 auction. Carriers’ s | reason=Low Confidence
    [REJECTED] term=Spectrum | Happy to see my paper with @t8el.bsky.social on the Combinatorial Multi-Round Ascending Auction out in print at AEJ: Mic | reason=Low Confidence
    [REJECTED] term=Satellite | Amazon Leo Wants to Start Their Own Satellite Phone Company | reason=Low Confidence
    [REJECTED] term=ABC | ABC and Disney Face FCC License Battle as Defenders Struggle With Legal Rebutt | reason=Low Confidence
    [REJECTED] term=Spectrum | Launch Manifests Are Becoming Spectrum Policy – SatNews | reason=Low Confidence
    [REJECTED] term=Space | Space Exponential Tech Moment And The Need To Secure It | reason=Low Confidence
    [REJECTED] term=ABC | “FCC Slammed by Former Agency Officials Over Review of ABC’s Licenses: ‘An Assault on Free Speech Disguised as Regulator | reason=Low Confidence
    [REJECTED] term=ABC | Trump ally, Brendan Carr wants to control the media to satisfy Trump. It is a 'chiling message' with the ABC license rev | reason=Low Confidence
    [REJECTED] term=Satellite | Satellite companies could get an extra $6.3 billion for clearing the band quickly | reason=Low Confidence
    [REJECTED] term=Artificial Intelligence | Dakota Intelligence brings artificial intelligence solutions to businesses | reason=Low Confidence
    [REJECTED] term=Robocall | Iowa AG Bird joins bipartisan push for tougher Know Your Customer robocall rules | reason=Low Confidence
    [REJECTED] term=Spectrum | Upper C-band auction offers another lift for GEO industry

TAMPA, Fla. — Satellite operators have welcomed the prospect | reason=Low Confidence
    [REJECTED] term=Spectrum | Spectrum Business Named Radware U . S . Managed Security Services Partner of the Year for Expanding Managed DDoS Protection Services | reason=Low Confidence
    [REJECTED] term=Satellite | Via Satellite Rising Stars of 2026 | reason=Low Confidence
    [REJECTED] term=AT&T | [CSPAN2] Book TV: not allowed to own stocks that are regulated by the federal communications commi... | reason=Low Confidence
    [REJECTED] term=AT&T | [CSPAN2] Author Discussion on Journalism: not allowed to own stocks that are regulated by the federal communications commi... | reason=Low Confidence
    [REJECTED] term=AT&T | [CSPAN2] Author Discussion on Journalism: that. and the idea was my my dad worked for the federal communications commissio... | reason=Low Confidence
    [REJECTED] term=Foreign Ownership | [CSPAN2] U.S. Senate U.S. Senate: -- an act to direct the federal communications commission to publish a list of e... | reason=Low Confidence
    [REJECTED] term=Satellite | [FOX Business] Cavuto Coast to Coast: people couldn't make cell phone calls to say nothing of electricity but looks li... | reason=Low Confidence

SECTION 4 — COVERAGE GAP
  Coverage gaps flagged: 150
    - Qualcomm Still Pushing for Sidelink Rulemaking | provider=RSS | why=Surfaced by a single provider (would be missed without it)
    - Pay-TV Operators Accuse FCC of Flip-Flopping on Ways to Resolve Retransmission Consent Policy Disputes | provider=RSS | why=Surfaced by a single provider (would be missed without it)
    - NAB Meets With FCC’s Anna Gomez to Discuss Broadcast Ownership Rules | provider=RSS | why=Surfaced by a single provider (would be missed without it)
    - Starlink Routers Receive Conditional Exemption From FCC’s Covered List | provider=RSS | why=Surfaced by a single provider (would be missed without it)
    - FCC Bans Foreign-Made Humanoid Robots, Targeting China Over National Security | provider=RSS | why=Surfaced by a single provider (would be missed without it)
    - Amazon Leo Seeks FCC OK to Launch 5K+ Satellites for D2D Service | provider=RSS | why=Surfaced by a single provider (would be missed without it)
    - Space Experts Call for Government Action as Space Data Centers Emerge | provider=RSS | why=Surfaced by a single provider (would be missed without it)
    - Democrat's TV Ad Targets Data Centers in Drive to Oust Republican From Swing Pennsylvania House Seat | provider=RSS | why=Surfaced by a single provider (would be missed without it)
    - Top House Democrat Attacks Musk over Gas-Powered Data Centers in Tennessee, Mississippi | provider=RSS | why=Surfaced by a single provider (would be missed without it)
    - AT&T closes acquisition of Echostar spectrum | provider=RSS | why=Surfaced by a single provider (would be missed without it)
    - AT&T’s EchoStar Spectrum Purchase Carries Significant Implications | provider=RSS | why=Surfaced by a single provider (would be missed without it)
    - AT&T: More Than Half of Residential Fixed Wireless Subs Take a Mobile Line | provider=RSS | why=Surfaced by a single provider (would be missed without it)
    - Verizon Fiber Expanding as Bain, Tillman Invest $1.5 Billion in Eaton | provider=RSS | why=Surfaced by a single provider (would be missed without it)
    - NTIA Extends Tribal Broadband Grant Deadlines Following Chickasaw Nation Visit | provider=RSS | why=Surfaced by a single provider (would be missed without it)
    - How to Fight Back Against Fraudulent Robocalls | provider=RSS | why=Surfaced by a single provider (would be missed without it)
    - Shentel Adds Record 6,200 Fiber Subs | provider=RSS | why=Surfaced by a single provider (would be missed without it)
    - ALLO Fiber to offer AI agents to business customers | provider=RSS | why=Surfaced by a single provider (would be missed without it)
    - The 6G AI uplink panic (Analyst Angle) | provider=RSS | why=Surfaced by a single provider (would be missed without it)
    - NTIA Launches Global 6G Leadership Initiative | provider=RSS | why=Surfaced by a single provider (would be missed without it)
    - Tuesday (telco diary) | D2D in 3D – Amazon appeals to telcos | provider=RSS | why=Surfaced by a single provider (would be missed without it)
    - Mason's Observations on "Wonderwall", "Dai Dai" & New Throwbacks | provider=RSS | why=Surfaced by a single provider (would be missed without it)
    - Japan’s private 5G market is finally moving beyond demo experiments (Analyst Angle) | provider=RSS | why=Surfaced by a single provider (would be missed without it)
    - Wednesday (telco diary) | Orange leads Euro telco revival | provider=RSS | why=Surfaced by a single provider (would be missed without it)
    - An ‘E’ Ticket To Arkansas Radio Growth For La Raza | provider=RSS | why=Surfaced by a single provider (would be missed without it)
    - ‘Nine PBS’ Sues To Get Its History Restored | provider=RSS | why=Surfaced by a single provider (would be missed without it)
    - A WTOP Signal Is Being Leased To K-LOVE | provider=RSS | why=Surfaced by a single provider (would be missed without it)
    - Delta, United ban humanoid and animal robots from flights | provider=RSS | why=Surfaced by a single provider (would be missed without it)
    - Generation Z wants significant change in government | provider=RSS | why=Surfaced by a single provider (would be missed without it)
    - WWIZ To Inherit WLLF's Sports Programming | provider=RSS | why=Surfaced by a single provider (would be missed without it)
    - KKBQ-HD2 Partners To Become Pasadena Rodeo Radio | provider=RSS | why=Surfaced by a single provider (would be missed without it)
    - Radio One Sets New Dallas Market Leadership | provider=RSS | why=Surfaced by a single provider (would be missed without it)
    - Power Plays: Telco Vendors Eye Data Center Power Market | provider=RSS | why=Surfaced by a single provider (would be missed without it)
    - An Ally for the New Digital Infrastructure Transformation | provider=RSS | why=Surfaced by a single provider (would be missed without it)
    - NHL’s Blue Jackets Dumps Radio Host For TV Audio | provider=RSS | why=Surfaced by a single provider (would be missed without it)
    - Digital Ad-Driven Entravision Preps For Q2 Earnings Reveal | provider=RSS | why=Surfaced by a single provider (would be missed without it)
    - Zip-Up: Mid-West ‘Merger’ To Yield A Nine-Station Zimmer Group | provider=RSS | why=Surfaced by a single provider (would be missed without it)
    - A Post-Bankruptcy Cumulus Will See Print Slasher’s Interest | provider=RSS | why=Surfaced by a single provider (would be missed without it)
    - Spot-Level TV Ad Analysis: Now From MediaRadar | provider=RSS | why=Surfaced by a single provider (would be missed without it)
    - Binder Exits Gray For A TitanTV Sales Role | provider=RSS | why=Surfaced by a single provider (would be missed without it)
    - SiriusXM To Debut A Sports-Focused Subscription Tier | provider=RSS | why=Surfaced by a single provider (would be missed without it)
    - Rapid Transit Sees Riverfront Departure For Virginia Role | provider=RSS | why=Surfaced by a single provider (would be missed without it)
    - XR and AdImpact Pact As Political Ad Spending Ramps Up | provider=RSS | why=Surfaced by a single provider (would be missed without it)
    - SiriusXM to Debut All-Sports Subscriber Plan | provider=RSS | why=Surfaced by a single provider (would be missed without it)
    - A Visit to Nashville’s WSM(AM) | provider=RSS | why=Surfaced by a single provider (would be missed without it)
    - KOPN(FM) Now Serves Mid-Missouri With a New BE Transmitter | provider=RSS | why=Surfaced by a single provider (would be missed without it)
    - DHD Releases Version 10.4 Firmware and Options | provider=RSS | why=Surfaced by a single provider (would be missed without it)
    - More now say AI does more harm than good: Survey | provider=RSS | why=Surfaced by a single provider (would be missed without it)
    - DoorDash expands beyond drivers with new drone delivery program | provider=RSS | why=Surfaced by a single provider (would be missed without it)
    - Senate Democrats press tech giants on AI safeguards for 'at-risk users' | provider=RSS | why=Surfaced by a single provider (would be missed without it)
    - Zuckerberg knocks AI development centralization, control | provider=RSS | why=Surfaced by a single provider (would be missed without it)
    - Rogue OpenAI agent compromised second tech firm's customer | provider=RSS | why=Surfaced by a single provider (would be missed without it)
    - Trump administration bans foreign-made humanoid robots in move targeting China | provider=RSS | why=Surfaced by a single provider (would be missed without it)
    - Beyond the Hype: Ilissa Miller on Responsible Growth, Data Centers and AI | provider=RSS | why=Surfaced by a single provider (would be missed without it)
    - The rise of agentic infra – why NetOps must outpace AI ambitions (Reader Forum) | provider=RSS | why=Surfaced by a single provider (would be missed without it)
    - Hubbard To Lease WTLP To K-Love | provider=RSS | why=Surfaced by a single provider (would be missed without it)
    - What Is KZPS' Blockbuster Move? | provider=RSS | why=Surfaced by a single provider (would be missed without it)
    - Nielsen Spring & June 2026 Ratings Releases 7/29 | provider=RSS | why=Surfaced by a single provider (would be missed without it)
    - Zimmer & Mid-West Family Broadcasting To Merge Springfield MO Operations | provider=RSS | why=Surfaced by a single provider (would be missed without it)
    - AT&T and Wave expand their quantum partnership | provider=RSS | why=Surfaced by a single provider (would be missed without it)
    - North Carolina Radio Station Gets Community Lift After Tower Collapse | provider=RSS | why=Surfaced by a single provider (would be missed without it)
    - AI giants back employee-led push asking US government to 'deliberately pace' development | provider=RSS | why=Surfaced by a single provider (would be missed without it)
    - Russia accuses Telegram CEO Pavel Durov of aiding terrorism in its latest digital crackdown | provider=RSS | why=Surfaced by a single provider (would be missed without it)
    - SiriusXM Launches Sports Only Subscription; Adds KSPN To Lineup | provider=RSS | why=Surfaced by a single provider (would be missed without it)
    - TM Studios & Capital Of Media Launch TRIL Imaging Library | provider=RSS | why=Surfaced by a single provider (would be missed without it)
    - American Tower Keeps on Rockin’ | provider=RSS | why=Surfaced by a single provider (would be missed without it)
    - Hawaiian Telcom, Utility Reach Pole Removal Deal | provider=RSS | why=Surfaced by a single provider (would be missed without it)
    - Verizon Signs $1 Billion Google Fiber Deal to Support AI Growth | provider=RSS | why=Surfaced by a single provider (would be missed without it)
    - Park Cell Tower in Saint Paul Faces State Natural Resources Hurdles | provider=RSS | why=Surfaced by a single provider (would be missed without it)
    - [Federal Register] Information Collection Being Reviewed by the Federal Communications Commission | provider=Federal Register | why=Surfaced by a single provider (would be missed without it)
    - Telesat eyes US$189 million payout in FCC spectrum reallocation - SpaceQ | provider=RSS | why=Surfaced by a single provider (would be missed without it)
    - Trump's Threats to Yank Broadcast Licenses Are Part of a Speech-Chilling Intimidation Campaign: FCC Chairman Brendan Carr Seems to Think TV Stations Are Legally | provider=RSS | why=Surfaced by a single provider (would be missed without it)
    - FCC chair defends new U.S. ban on foreign-made humanoid robots, a market China dominates - NBC News | provider=RSS | why=Surfaced by a single provider (would be missed without it)
    - FCC chair Carr defends new ban on foreign-made humanoid robots - Modern Ghana | provider=RSS | why=Surfaced by a single provider (would be missed without it)
    - FCC Makes Broadband Label Requirements More Consumer-Friendly - In Compliance Magazine | provider=RSS | why=Surfaced by a single provider (would be missed without it)
    - US FCC approves giant space mirror to deliver 'sunlight on demand' | provider=RSS | why=Surfaced by a single provider (would be missed without it)
    - Amazon Seeks FCC Approval for 5,000-Satellite Direct-to-Device Network - TechRepublic | provider=RSS | why=Surfaced by a single provider (would be missed without it)
    - SES backs FCC Upper C-band plan for next-gen wireless services - SatellitePro ME | provider=RSS | why=Surfaced by a single provider (would be missed without it)
    - U.S. FCC approves giant space mirror to deliver 'sunlight on demand,' but what are the legal implications? - CBC | provider=RSS | why=Surfaced by a single provider (would be missed without it)
    - FCC OKs $6.3B in upper C-band incentive payments, but cable ops still concerned | provider=RSS | why=Surfaced by a single provider (would be missed without it)
    - FCC Approves Massive Modernization of Satellite Licensing Regime - Global Policy Watch | provider=RSS | why=Surfaced by a single provider (would be missed without it)
    - Amazon Seeks FCC Approval to Launch Over 5,000 Starlink Rival Satellites for Direct-to-Device Service - Yahoo Finance | provider=RSS | why=Surfaced by a single provider (would be missed without it)
    - SpaceX Pushes FCC to Target Eutelsat OneWeb in Satellite Dispute With Europe - PCMag | provider=RSS | why=Surfaced by a single provider (would be missed without it)
    - FCC exempts new Starlink routers from Covered List | provider=RSS | why=Surfaced by a single provider (would be missed without it)
    - Comments On FCC License Renewals For ABC Stations Top 150,000 | provider=RSS | why=Surfaced by a single provider (would be missed without it)
    - Democrats Challenge FCC’s Expanded Lowest Unit Rate Policy. - insideradio.com | provider=RSS | why=Surfaced by a single provider (would be missed without it)
    - The FCC bans all robot vacuums made outside the U.S. - Mashable | provider=RSS | why=Surfaced by a single provider (would be missed without it)
    - Power Shift: FCC Blocks New Foreign-Made Inverters in Major “Covered List” Update (via Passle) - ourtake.bakerbotts.com | provider=RSS | why=Surfaced by a single provider (would be missed without it)
    - US FCC Bans Sales of Foreign-Made Power Inverters and Robots - BankInfoSecurity | provider=RSS | why=Surfaced by a single provider (would be missed without it)
    - Public Interest and Labor Challenge FCC’s Unprecedented Effort to Target ABC Stations Over Broadcast Cont - Benzinga | provider=RSS | why=Surfaced by a single provider (would be missed without it)
    - FCC bans new Chinese robots and power inverters to protect US AI buildout from foreign threats - the-decoder.com | provider=RSS | why=Surfaced by a single provider (would be missed without it)
    - Beat the incoming FCC ban: Save $400 on Roborock’s Qrevo S5V robot vacuum at Amazon | provider=RSS | why=Surfaced by a single provider (would be missed without it)
    - FCC Blocks New Foreign-Produced Robots and Power Inverters Over Cyber Risks - The Hacker News | provider=RSS | why=Surfaced by a single provider (would be missed without it)
    - Faraday Future Believes That the FCC’s New Policy on Robotics Strengthens the Company’s Position to Accelerate Robotics Ecosystem Deployment; Launches Global Va | provider=RSS | why=Surfaced by a single provider (would be missed without it)
    - FCC Hails Accomplishments Under Its “Build America Agenda” - In Compliance Magazine | provider=RSS | why=Surfaced by a single provider (would be missed without it)
    - Telesat prepared to execute FCC Upper C-band transition plan - Cyprus Shipping News | provider=RSS | why=Surfaced by a single provider (would be missed without it)
    - FCC: Ban on Foreign-Made Robots Includes Robot Vacuums | provider=RSS | why=Surfaced by a single provider (would be missed without it)
    - FCC ban humanoid robots from China | provider=RSS | why=Surfaced by a single provider (would be missed without it)
    - Reporters Committee urges FCC to reject petitions to deny ABC license renewals - Reporters Committee for Freedom of the Press | provider=RSS | why=Surfaced by a single provider (would be missed without it)
    - Free speech groups back Disney in ongoing fight with FCC - TheDesk.net | provider=RSS | why=Surfaced by a single provider (would be missed without it)
    - 22 Advocacy Groups Back Disney in FCC Fight: 'The Government Is Violating the First Amendment' - TheWrap | provider=RSS | why=Surfaced by a single provider (would be missed without it)
    - FCC Expands Covered List Prohibitions to Devices with Certain Logic-Bearing Hardware Components, Imposes Compliance Obligations on Online Marketplaces - Wiley R | provider=RSS | why=Surfaced by a single provider (would be missed without it)
    - FCC bans new foreign inverter imports - Solar Power World | provider=RSS | why=Surfaced by a single provider (would be missed without it)
    - Experts react to FCC limits on U.S. imports of new humanoid and mobile robots - The Robot Report | provider=RSS | why=Surfaced by a single provider (would be missed without it)
    - FCC Confronts Chinese-Produced Power Inverters and Robots - Foundation for Defense of Democracies | provider=RSS | why=Surfaced by a single provider (would be missed without it)
    - AG coalition urges FCC to strengthen scam robocall protections - Sun Community News | provider=RSS | why=Surfaced by a single provider (would be missed without it)
    - FCC exempts new Starlink routers from Covered List - Mobile World Live | provider=RSS | why=Surfaced by a single provider (would be missed without it)
    - Attorney General Brown urges FCC to strengthen 'Know Your Customer' rules to combat robocalls - nottinghammd.com | provider=RSS | why=Surfaced by a single provider (would be missed without it)
    - FCC Blocks Chinese Humanoid Robot Imports, Citing Security Risks - AI Business | provider=RSS | why=Surfaced by a single provider (would be missed without it)
    - US FCC Blacklists Foreign Robots on Huawei List as Surveillance Fears Grow – Striking NVIDIA Partner Unitree As Well - Wccftech | provider=RSS | why=Surfaced by a single provider (would be missed without it)
    - FCC bans foreign-made advanced robotic devices and power inverters, under national security move | provider=RSS | why=Surfaced by a single provider (would be missed without it)
    - Court Grants Cumulus Bankruptcy Extension | provider=RSS | why=Surfaced by a single provider (would be missed without it)
    - EchoStar closes AT&amp;T spectrum deal, but wrinkles remain | provider=RSS | why=Surfaced by a single provider (would be missed without it)
    - China threatens retaliation against U.S. humanoid robot ban, says it 'severely damages' relations | provider=RSS | why=Surfaced by a single provider (would be missed without it)
    - Zimmer and Mid-West to Merge in Springfield, Missouri | provider=RSS | why=Surfaced by a single provider (would be missed without it)
    - Can the new hires for ‘60 Minutes’ meet the challenge? | provider=RSS | why=Surfaced by a single provider (would be missed without it)
    - The US government's robot ban also includes vacuums | provider=RSS | why=Surfaced by a single provider (would be missed without it)
    - Trump’s Robot Vacuum Ban Sucks for Everyone | provider=RSS | why=Surfaced by a single provider (would be missed without it)
    - The FCC and its current chairman, Brendan Carr, were blasted by former heads of the agency and other officials as pursui | provider=BlueSky | why=Surfaced by a single provider (would be missed without it)
    - "A group of former FCC chairs and top agency officials of both parties are calling on current chairman Brendan Carr to e | provider=BlueSky | why=Surfaced by a single provider (would be missed without it)
    - Variety

A group of former FCC officials are accusing Chairman Brendan Carr of trying to “censor Disney and ABC’s speech | provider=BlueSky | why=Surfaced by a single provider (would be missed without it)
    - 𝗙𝗖𝗖 𝘃𝗼𝘁𝗲𝘀 𝗼𝗻 𝟭𝟲𝟬𝗠𝗛𝘇 𝗨𝗽𝗽𝗲𝗿 𝗖-𝗕𝗮𝗻𝗱 𝗮𝘂𝗰𝘁𝗶𝗼𝗻 𝗳𝗼𝗿 𝟱𝗚 𝗮𝗻𝗱 𝟲𝗚
The FCC will vote Wednesday to auction 160 megahertz of Upper C-B | provider=BlueSky | why=Surfaced by a single provider (would be missed without it)
    - #FCC "“[a]chieving American space superiority is critical to our nation’s future,” the Order streamlines FCC’s satellite | provider=BlueSky | why=Surfaced by a single provider (would be missed without it)
    - Now out for @washingtonian.com: I profile FCC Chairman Brendan Carr. washingtonian.com/2026/07/30/h... | provider=BlueSky | why=Surfaced by a single provider (would be missed without it)
    - FCC Commissioner @agomezfcc.bsky.social has said she strongly opposes lifting ownership caps when it comes to TV.

Knowi | provider=BlueSky | why=Surfaced by a single provider (would be missed without it)
    - Brendan Carr, FCC chair, climbs communications towers and uses that experience to frame his regulatory work, including i | provider=BlueSky | why=Surfaced by a single provider (would be missed without it)
    - Bush 41.  Don’t know if you realize it, but yesterday both of Reagan’s two FCC chairman and Bush 41’s chairman filed a p | provider=BlueSky | why=Surfaced by a single provider (would be missed without it)
    - FCC censorship czar Brendan Carr is threatening the broadcast licenses of eight local ABC stations because Trump doesn’t | provider=BlueSky | why=Surfaced by a single provider (would be missed without it)
    - FCC Slammed by Former Agency Officials Over Review of ABC’s Licenses: ‘An Assault on Free Speech Disguised as Regulatory | provider=BlueSky | why=Surfaced by a single provider (would be missed without it)
    - Several former top officials at the Federal Communications Commission called on FCC Chair Brendan Carr on Tuesday to aba | provider=BlueSky | why=Surfaced by a single provider (would be missed without it)
    - And trump calls people who value checks and balances communist!  Give me a break!  Brendan Carr (FCC) is puttingABC new  | provider=BlueSky | why=Surfaced by a single provider (would be missed without it)
    - Former FCC Chairs Urge Brendan Carr to End ABC Broadcast License Review: ‘An Assault on Free Speech Disguised as Regulat | provider=BlueSky | why=Surfaced by a single provider (would be missed without it)
    - China's Robot Maker Unitree: Our current G1, H2, R1, GO2, B2 and A2 robot models already have FCC certification and can  | provider=BlueSky | why=Surfaced by a single provider (would be missed without it)
    - China's Robot Maker UniTree: New FCC curbs could block US sales of future foreign-made robot models unless they win exem | provider=BlueSky | why=Surfaced by a single provider (would be missed without it)
    - www.cbc.ca/news/science... U.S. FCC approves giant space mirror to deliver 'sunlight on demand,' but what are the legal  | provider=BlueSky | why=Surfaced by a single provider (would be missed without it)
    - U.S. FCC approves giant space ...
www.cbc.ca/news/science... what gives the US the right to pollute the night sky? To mo | provider=BlueSky | why=Surfaced by a single provider (would be missed without it)
    - Each space mirror would shine a beam of light five kilometres wide on its target on Earth. The U.S. FCC has given approv | provider=BlueSky | why=Surfaced by a single provider (would be missed without it)
    - Shades of the FCC ban of DJI drones?
ICYMI, US manufacturer Skytel filed a complaint that DJI, with its 80% market share | provider=BlueSky | why=Surfaced by a single provider (would be missed without it)
    - Case-Mate, Inc. submitted a new device:

Magnetic Wireless Power Bank
FCC ID: 2AAC4-KS056996 | provider=BlueSky | why=Surfaced by a single provider (would be missed without it)
    - La FCC a approuvé le Steam Frame.
Jusque maintenant, tout ceux qui nous sortaient des dates éclatées se mettaient le doi | provider=BlueSky | why=Surfaced by a single provider (would be missed without it)
    - The new #FCC #inverterban appears to be an incredible over-reach/power grab by the FCC to regulate goods (inverters) tha | provider=BlueSky | why=Surfaced by a single provider (would be missed without it)
    - I'm also happy to build on my research about Rod Serling's battles with the FCC in support of "mature television" that u | provider=BlueSky | why=Surfaced by a single provider (would be missed without it)
    - Režim letadlo nikdy nebyl jen o letadlech: spojuje pravidlo FCC z roku 1991 s pravidlem FAA o rušení signálu, které poch | provider=BlueSky | why=Surfaced by a single provider (would be missed without it)
    - SHENZHEN HAISAITE TECHNOLOGY CO LTD submitted a new device:

Bluetooth Speaker
FCC ID: 2A9F6-S18 | provider=BlueSky | why=Surfaced by a single provider (would be missed without it)
    - My FCC expert buddy thinks it’s a T Mobile merger. | provider=BlueSky | why=Surfaced by a single provider (would be missed without it)
    - 1/3 ... the FCC is banning future robot lawnmowers, sidewalk delivery robots, and the robots that crate around packages  | provider=BlueSky | why=Surfaced by a single provider (would be missed without it)
    - FCC bans imported Roombas, robot mowers, and delivery bots
https://boingboing.net/2026/07/30/fcc-bans-imported-roombas-r | provider=BlueSky | why=Surfaced by a single provider (would be missed without it)
    - China: perluasan daftar terlarang FCC AS diskriminasi produk China - https://www.antaranews.com/berita/5673068/china-per | provider=BlueSky | why=Surfaced by a single provider (would be missed without it)
    - The Federal Communications Commission banned imports of new foreign-made humanoid/quadruped robots and connected power i | provider=BlueSky | why=Surfaced by a single provider (would be missed without it)
    - No Internet, No Screen Time? FCC Weighs Cutting Subsidy That Lowers School Internet Bills | provider=BlueSky | why=Surfaced by a single provider (would be missed without it)
    - I really didn't see this coming. But, it's all about precedent. If the FCC can do it to ABC now, a Democratic administra | provider=BlueSky | why=Surfaced by a single provider (would be missed without it)

SECTION 5 — EDITORIAL QUEUE (requires human review)
  Items requiring review: 150
    - Qualcomm Still Pushing for Sidelink Rulemaking | Surfaced by a single provider (would be missed without it)
    - Pay-TV Operators Accuse FCC of Flip-Flopping on Ways to Resolve Retransmission Consent Policy Disputes | Surfaced by a single provider (would be missed without it)
    - NAB Meets With FCC’s Anna Gomez to Discuss Broadcast Ownership Rules | Surfaced by a single provider (would be missed without it)
    - Starlink Routers Receive Conditional Exemption From FCC’s Covered List | Surfaced by a single provider (would be missed without it)
    - FCC Bans Foreign-Made Humanoid Robots, Targeting China Over National Security | Surfaced by a single provider (would be missed without it)
    - Amazon Leo Seeks FCC OK to Launch 5K+ Satellites for D2D Service | Surfaced by a single provider (would be missed without it)
    - Space Experts Call for Government Action as Space Data Centers Emerge | Surfaced by a single provider (would be missed without it)
    - Democrat's TV Ad Targets Data Centers in Drive to Oust Republican From Swing Pennsylvania House Seat | Surfaced by a single provider (would be missed without it)
    - Top House Democrat Attacks Musk over Gas-Powered Data Centers in Tennessee, Mississippi | Surfaced by a single provider (would be missed without it)
    - AT&T closes acquisition of Echostar spectrum | Surfaced by a single provider (would be missed without it)
    - AT&T’s EchoStar Spectrum Purchase Carries Significant Implications | Surfaced by a single provider (would be missed without it)
    - AT&T: More Than Half of Residential Fixed Wireless Subs Take a Mobile Line | Surfaced by a single provider (would be missed without it)
    - Verizon Fiber Expanding as Bain, Tillman Invest $1.5 Billion in Eaton | Surfaced by a single provider (would be missed without it)
    - NTIA Extends Tribal Broadband Grant Deadlines Following Chickasaw Nation Visit | Surfaced by a single provider (would be missed without it)
    - How to Fight Back Against Fraudulent Robocalls | Surfaced by a single provider (would be missed without it)
    - Shentel Adds Record 6,200 Fiber Subs | Surfaced by a single provider (would be missed without it)
    - ALLO Fiber to offer AI agents to business customers | Surfaced by a single provider (would be missed without it)
    - The 6G AI uplink panic (Analyst Angle) | Surfaced by a single provider (would be missed without it)
    - NTIA Launches Global 6G Leadership Initiative | Surfaced by a single provider (would be missed without it)
    - Tuesday (telco diary) | D2D in 3D – Amazon appeals to telcos | Surfaced by a single provider (would be missed without it)
    - Mason's Observations on "Wonderwall", "Dai Dai" & New Throwbacks | Surfaced by a single provider (would be missed without it)
    - Japan’s private 5G market is finally moving beyond demo experiments (Analyst Angle) | Surfaced by a single provider (would be missed without it)
    - Wednesday (telco diary) | Orange leads Euro telco revival | Surfaced by a single provider (would be missed without it)
    - An ‘E’ Ticket To Arkansas Radio Growth For La Raza | Surfaced by a single provider (would be missed without it)
    - ‘Nine PBS’ Sues To Get Its History Restored | Surfaced by a single provider (would be missed without it)
    - A WTOP Signal Is Being Leased To K-LOVE | Surfaced by a single provider (would be missed without it)
    - Delta, United ban humanoid and animal robots from flights | Surfaced by a single provider (would be missed without it)
    - Generation Z wants significant change in government | Surfaced by a single provider (would be missed without it)
    - WWIZ To Inherit WLLF's Sports Programming | Surfaced by a single provider (would be missed without it)
    - KKBQ-HD2 Partners To Become Pasadena Rodeo Radio | Surfaced by a single provider (would be missed without it)
    - Radio One Sets New Dallas Market Leadership | Surfaced by a single provider (would be missed without it)
    - Power Plays: Telco Vendors Eye Data Center Power Market | Surfaced by a single provider (would be missed without it)
    - An Ally for the New Digital Infrastructure Transformation | Surfaced by a single provider (would be missed without it)
    - NHL’s Blue Jackets Dumps Radio Host For TV Audio | Surfaced by a single provider (would be missed without it)
    - Digital Ad-Driven Entravision Preps For Q2 Earnings Reveal | Surfaced by a single provider (would be missed without it)
    - Zip-Up: Mid-West ‘Merger’ To Yield A Nine-Station Zimmer Group | Surfaced by a single provider (would be missed without it)
    - A Post-Bankruptcy Cumulus Will See Print Slasher’s Interest | Surfaced by a single provider (would be missed without it)
    - Spot-Level TV Ad Analysis: Now From MediaRadar | Surfaced by a single provider (would be missed without it)
    - Binder Exits Gray For A TitanTV Sales Role | Surfaced by a single provider (would be missed without it)
    - SiriusXM To Debut A Sports-Focused Subscription Tier | Surfaced by a single provider (would be missed without it)
    - Rapid Transit Sees Riverfront Departure For Virginia Role | Surfaced by a single provider (would be missed without it)
    - XR and AdImpact Pact As Political Ad Spending Ramps Up | Surfaced by a single provider (would be missed without it)
    - SiriusXM to Debut All-Sports Subscriber Plan | Surfaced by a single provider (would be missed without it)
    - A Visit to Nashville’s WSM(AM) | Surfaced by a single provider (would be missed without it)
    - KOPN(FM) Now Serves Mid-Missouri With a New BE Transmitter | Surfaced by a single provider (would be missed without it)
    - DHD Releases Version 10.4 Firmware and Options | Surfaced by a single provider (would be missed without it)
    - More now say AI does more harm than good: Survey | Surfaced by a single provider (would be missed without it)
    - DoorDash expands beyond drivers with new drone delivery program | Surfaced by a single provider (would be missed without it)
    - Senate Democrats press tech giants on AI safeguards for 'at-risk users' | Surfaced by a single provider (would be missed without it)
    - Zuckerberg knocks AI development centralization, control | Surfaced by a single provider (would be missed without it)
    - Rogue OpenAI agent compromised second tech firm's customer | Surfaced by a single provider (would be missed without it)
    - Trump administration bans foreign-made humanoid robots in move targeting China | Surfaced by a single provider (would be missed without it)
    - Beyond the Hype: Ilissa Miller on Responsible Growth, Data Centers and AI | Surfaced by a single provider (would be missed without it)
    - The rise of agentic infra – why NetOps must outpace AI ambitions (Reader Forum) | Surfaced by a single provider (would be missed without it)
    - Hubbard To Lease WTLP To K-Love | Surfaced by a single provider (would be missed without it)
    - What Is KZPS' Blockbuster Move? | Surfaced by a single provider (would be missed without it)
    - Nielsen Spring & June 2026 Ratings Releases 7/29 | Surfaced by a single provider (would be missed without it)
    - Zimmer & Mid-West Family Broadcasting To Merge Springfield MO Operations | Surfaced by a single provider (would be missed without it)
    - AT&T and Wave expand their quantum partnership | Surfaced by a single provider (would be missed without it)
    - North Carolina Radio Station Gets Community Lift After Tower Collapse | Surfaced by a single provider (would be missed without it)
    - AI giants back employee-led push asking US government to 'deliberately pace' development | Surfaced by a single provider (would be missed without it)
    - Russia accuses Telegram CEO Pavel Durov of aiding terrorism in its latest digital crackdown | Surfaced by a single provider (would be missed without it)
    - SiriusXM Launches Sports Only Subscription; Adds KSPN To Lineup | Surfaced by a single provider (would be missed without it)
    - TM Studios & Capital Of Media Launch TRIL Imaging Library | Surfaced by a single provider (would be missed without it)
    - American Tower Keeps on Rockin’ | Surfaced by a single provider (would be missed without it)
    - Hawaiian Telcom, Utility Reach Pole Removal Deal | Surfaced by a single provider (would be missed without it)
    - Verizon Signs $1 Billion Google Fiber Deal to Support AI Growth | Surfaced by a single provider (would be missed without it)
    - Park Cell Tower in Saint Paul Faces State Natural Resources Hurdles | Surfaced by a single provider (would be missed without it)
    - [Federal Register] Information Collection Being Reviewed by the Federal Communications Commission | Surfaced by a single provider (would be missed without it)
    - Telesat eyes US$189 million payout in FCC spectrum reallocation - SpaceQ | Surfaced by a single provider (would be missed without it)
    - Trump's Threats to Yank Broadcast Licenses Are Part of a Speech-Chilling Intimidation Campaign: FCC Chairman Brendan Carr Seems to Think TV Stations Are Legally | Surfaced by a single provider (would be missed without it)
    - FCC chair defends new U.S. ban on foreign-made humanoid robots, a market China dominates - NBC News | Surfaced by a single provider (would be missed without it)
    - FCC chair Carr defends new ban on foreign-made humanoid robots - Modern Ghana | Surfaced by a single provider (would be missed without it)
    - FCC Makes Broadband Label Requirements More Consumer-Friendly - In Compliance Magazine | Surfaced by a single provider (would be missed without it)
    - US FCC approves giant space mirror to deliver 'sunlight on demand' | Surfaced by a single provider (would be missed without it)
    - Amazon Seeks FCC Approval for 5,000-Satellite Direct-to-Device Network - TechRepublic | Surfaced by a single provider (would be missed without it)
    - SES backs FCC Upper C-band plan for next-gen wireless services - SatellitePro ME | Surfaced by a single provider (would be missed without it)
    - U.S. FCC approves giant space mirror to deliver 'sunlight on demand,' but what are the legal implications? - CBC | Surfaced by a single provider (would be missed without it)
    - FCC OKs $6.3B in upper C-band incentive payments, but cable ops still concerned | Surfaced by a single provider (would be missed without it)
    - FCC Approves Massive Modernization of Satellite Licensing Regime - Global Policy Watch | Surfaced by a single provider (would be missed without it)
    - Amazon Seeks FCC Approval to Launch Over 5,000 Starlink Rival Satellites for Direct-to-Device Service - Yahoo Finance | Surfaced by a single provider (would be missed without it)
    - SpaceX Pushes FCC to Target Eutelsat OneWeb in Satellite Dispute With Europe - PCMag | Surfaced by a single provider (would be missed without it)
    - FCC exempts new Starlink routers from Covered List | Surfaced by a single provider (would be missed without it)
    - Comments On FCC License Renewals For ABC Stations Top 150,000 | Surfaced by a single provider (would be missed without it)
    - Democrats Challenge FCC’s Expanded Lowest Unit Rate Policy. - insideradio.com | Surfaced by a single provider (would be missed without it)
    - The FCC bans all robot vacuums made outside the U.S. - Mashable | Surfaced by a single provider (would be missed without it)
    - Power Shift: FCC Blocks New Foreign-Made Inverters in Major “Covered List” Update (via Passle) - ourtake.bakerbotts.com | Surfaced by a single provider (would be missed without it)
    - US FCC Bans Sales of Foreign-Made Power Inverters and Robots - BankInfoSecurity | Surfaced by a single provider (would be missed without it)
    - Public Interest and Labor Challenge FCC’s Unprecedented Effort to Target ABC Stations Over Broadcast Cont - Benzinga | Surfaced by a single provider (would be missed without it)
    - FCC bans new Chinese robots and power inverters to protect US AI buildout from foreign threats - the-decoder.com | Surfaced by a single provider (would be missed without it)
    - Beat the incoming FCC ban: Save $400 on Roborock’s Qrevo S5V robot vacuum at Amazon | Surfaced by a single provider (would be missed without it)
    - FCC Blocks New Foreign-Produced Robots and Power Inverters Over Cyber Risks - The Hacker News | Surfaced by a single provider (would be missed without it)
    - Faraday Future Believes That the FCC’s New Policy on Robotics Strengthens the Company’s Position to Accelerate Robotics Ecosystem Deployment; Launches Global Va | Surfaced by a single provider (would be missed without it)
    - FCC Hails Accomplishments Under Its “Build America Agenda” - In Compliance Magazine | Surfaced by a single provider (would be missed without it)
    - Telesat prepared to execute FCC Upper C-band transition plan - Cyprus Shipping News | Surfaced by a single provider (would be missed without it)
    - FCC: Ban on Foreign-Made Robots Includes Robot Vacuums | Surfaced by a single provider (would be missed without it)
    - FCC ban humanoid robots from China | Surfaced by a single provider (would be missed without it)
    - Reporters Committee urges FCC to reject petitions to deny ABC license renewals - Reporters Committee for Freedom of the Press | Surfaced by a single provider (would be missed without it)
    - Free speech groups back Disney in ongoing fight with FCC - TheDesk.net | Surfaced by a single provider (would be missed without it)
    - 22 Advocacy Groups Back Disney in FCC Fight: 'The Government Is Violating the First Amendment' - TheWrap | Surfaced by a single provider (would be missed without it)
    - FCC Expands Covered List Prohibitions to Devices with Certain Logic-Bearing Hardware Components, Imposes Compliance Obligations on Online Marketplaces - Wiley R | Surfaced by a single provider (would be missed without it)
    - FCC bans new foreign inverter imports - Solar Power World | Surfaced by a single provider (would be missed without it)
    - Experts react to FCC limits on U.S. imports of new humanoid and mobile robots - The Robot Report | Surfaced by a single provider (would be missed without it)
    - FCC Confronts Chinese-Produced Power Inverters and Robots - Foundation for Defense of Democracies | Surfaced by a single provider (would be missed without it)
    - AG coalition urges FCC to strengthen scam robocall protections - Sun Community News | Surfaced by a single provider (would be missed without it)
    - FCC exempts new Starlink routers from Covered List - Mobile World Live | Surfaced by a single provider (would be missed without it)
    - Attorney General Brown urges FCC to strengthen 'Know Your Customer' rules to combat robocalls - nottinghammd.com | Surfaced by a single provider (would be missed without it)
    - FCC Blocks Chinese Humanoid Robot Imports, Citing Security Risks - AI Business | Surfaced by a single provider (would be missed without it)
    - US FCC Blacklists Foreign Robots on Huawei List as Surveillance Fears Grow – Striking NVIDIA Partner Unitree As Well - Wccftech | Surfaced by a single provider (would be missed without it)
    - FCC bans foreign-made advanced robotic devices and power inverters, under national security move | Surfaced by a single provider (would be missed without it)
    - Court Grants Cumulus Bankruptcy Extension | Surfaced by a single provider (would be missed without it)
    - EchoStar closes AT&amp;T spectrum deal, but wrinkles remain | Surfaced by a single provider (would be missed without it)
    - China threatens retaliation against U.S. humanoid robot ban, says it 'severely damages' relations | Surfaced by a single provider (would be missed without it)
    - Zimmer and Mid-West to Merge in Springfield, Missouri | Surfaced by a single provider (would be missed without it)
    - Can the new hires for ‘60 Minutes’ meet the challenge? | Surfaced by a single provider (would be missed without it)
    - The US government's robot ban also includes vacuums | Surfaced by a single provider (would be missed without it)
    - Trump’s Robot Vacuum Ban Sucks for Everyone | Surfaced by a single provider (would be missed without it)
    - The FCC and its current chairman, Brendan Carr, were blasted by former heads of the agency and other officials as pursui | Surfaced by a single provider (would be missed without it)
    - "A group of former FCC chairs and top agency officials of both parties are calling on current chairman Brendan Carr to e | Surfaced by a single provider (would be missed without it)
    - Variety

A group of former FCC officials are accusing Chairman Brendan Carr of trying to “censor Disney and ABC’s speech | Surfaced by a single provider (would be missed without it)
    - 𝗙𝗖𝗖 𝘃𝗼𝘁𝗲𝘀 𝗼𝗻 𝟭𝟲𝟬𝗠𝗛𝘇 𝗨𝗽𝗽𝗲𝗿 𝗖-𝗕𝗮𝗻𝗱 𝗮𝘂𝗰𝘁𝗶𝗼𝗻 𝗳𝗼𝗿 𝟱𝗚 𝗮𝗻𝗱 𝟲𝗚
The FCC will vote Wednesday to auction 160 megahertz of Upper C-B | Surfaced by a single provider (would be missed without it)
    - #FCC "“[a]chieving American space superiority is critical to our nation’s future,” the Order streamlines FCC’s satellite | Surfaced by a single provider (would be missed without it)
    - Now out for @washingtonian.com: I profile FCC Chairman Brendan Carr. washingtonian.com/2026/07/30/h... | Surfaced by a single provider (would be missed without it)
    - FCC Commissioner @agomezfcc.bsky.social has said she strongly opposes lifting ownership caps when it comes to TV.

Knowi | Surfaced by a single provider (would be missed without it)
    - Brendan Carr, FCC chair, climbs communications towers and uses that experience to frame his regulatory work, including i | Surfaced by a single provider (would be missed without it)
    - Bush 41.  Don’t know if you realize it, but yesterday both of Reagan’s two FCC chairman and Bush 41’s chairman filed a p | Surfaced by a single provider (would be missed without it)
    - FCC censorship czar Brendan Carr is threatening the broadcast licenses of eight local ABC stations because Trump doesn’t | Surfaced by a single provider (would be missed without it)
    - FCC Slammed by Former Agency Officials Over Review of ABC’s Licenses: ‘An Assault on Free Speech Disguised as Regulatory | Surfaced by a single provider (would be missed without it)
    - Several former top officials at the Federal Communications Commission called on FCC Chair Brendan Carr on Tuesday to aba | Surfaced by a single provider (would be missed without it)
    - And trump calls people who value checks and balances communist!  Give me a break!  Brendan Carr (FCC) is puttingABC new  | Surfaced by a single provider (would be missed without it)
    - Former FCC Chairs Urge Brendan Carr to End ABC Broadcast License Review: ‘An Assault on Free Speech Disguised as Regulat | Surfaced by a single provider (would be missed without it)
    - China's Robot Maker Unitree: Our current G1, H2, R1, GO2, B2 and A2 robot models already have FCC certification and can  | Surfaced by a single provider (would be missed without it)
    - China's Robot Maker UniTree: New FCC curbs could block US sales of future foreign-made robot models unless they win exem | Surfaced by a single provider (would be missed without it)
    - www.cbc.ca/news/science... U.S. FCC approves giant space mirror to deliver 'sunlight on demand,' but what are the legal  | Surfaced by a single provider (would be missed without it)
    - U.S. FCC approves giant space ...
www.cbc.ca/news/science... what gives the US the right to pollute the night sky? To mo | Surfaced by a single provider (would be missed without it)
    - Each space mirror would shine a beam of light five kilometres wide on its target on Earth. The U.S. FCC has given approv | Surfaced by a single provider (would be missed without it)
    - Shades of the FCC ban of DJI drones?
ICYMI, US manufacturer Skytel filed a complaint that DJI, with its 80% market share | Surfaced by a single provider (would be missed without it)
    - Case-Mate, Inc. submitted a new device:

Magnetic Wireless Power Bank
FCC ID: 2AAC4-KS056996 | Surfaced by a single provider (would be missed without it)
    - La FCC a approuvé le Steam Frame.
Jusque maintenant, tout ceux qui nous sortaient des dates éclatées se mettaient le doi | Surfaced by a single provider (would be missed without it)
    - The new #FCC #inverterban appears to be an incredible over-reach/power grab by the FCC to regulate goods (inverters) tha | Surfaced by a single provider (would be missed without it)
    - I'm also happy to build on my research about Rod Serling's battles with the FCC in support of "mature television" that u | Surfaced by a single provider (would be missed without it)
    - Režim letadlo nikdy nebyl jen o letadlech: spojuje pravidlo FCC z roku 1991 s pravidlem FAA o rušení signálu, které poch | Surfaced by a single provider (would be missed without it)
    - SHENZHEN HAISAITE TECHNOLOGY CO LTD submitted a new device:

Bluetooth Speaker
FCC ID: 2A9F6-S18 | Surfaced by a single provider (would be missed without it)
    - My FCC expert buddy thinks it’s a T Mobile merger. | Surfaced by a single provider (would be missed without it)
    - 1/3 ... the FCC is banning future robot lawnmowers, sidewalk delivery robots, and the robots that crate around packages  | Surfaced by a single provider (would be missed without it)
    - FCC bans imported Roombas, robot mowers, and delivery bots
https://boingboing.net/2026/07/30/fcc-bans-imported-roombas-r | Surfaced by a single provider (would be missed without it)
    - China: perluasan daftar terlarang FCC AS diskriminasi produk China - https://www.antaranews.com/berita/5673068/china-per | Surfaced by a single provider (would be missed without it)
    - The Federal Communications Commission banned imports of new foreign-made humanoid/quadruped robots and connected power i | Surfaced by a single provider (would be missed without it)
    - No Internet, No Screen Time? FCC Weighs Cutting Subsidy That Lowers School Internet Bills | Surfaced by a single provider (would be missed without it)
    - I really didn't see this coming. But, it's all about precedent. If the FCC can do it to ABC now, a Democratic administra | Surfaced by a single provider (would be missed without it)

========================================================================
========================================================================
FCC BULLETIN — EDITOR AUDIT   agency=fcc   2026-07-30T10:29:25
========================================================================

SECTION 1 — ARTICLES COLLECTED
  Total collected (post domain-exclusion): 262
  Unique after dedup: 235   Classified: 226   In briefing: 150
  Provider breakdown:
    Talkwalker       0
    NewsAPI.ai       0
    Event Registry   0
    RSS              136
    Government       0
    GDELT            0
    Other            126

SECTION 2 — ARTICLES REMOVED
  Total removed: 113
  [Duplicate] — 27
    - FCC OKs $6.3B in upper C-band incentive payments, but cable ops still concerned - Light Reading  | provider=RSS | reason=Duplicate
    - Starlink Routers Receive Conditional Exemption From FCC’s Covered List - Broadband Breakfast  | provider=RSS | reason=Duplicate
    - FCC Bans Foreign-Made Humanoid Robots, Targeting China Over National Security - Broadband Breakfast  | provider=RSS | reason=Duplicate
    - NAB Meets With FCC’s Anna Gomez to Discuss Broadcast Ownership Rules - radioworld.com  | provider=RSS | reason=Duplicate
    - Comments on FCC license renewals for ABC stations top 150,000 - Editor and Publisher  | provider=RSS | reason=Duplicate
    - Faraday Future Believes That the FCC’s New Policy on Robotics Strengthens the Company’s Position to Accelerate Robotics Ecosystem Deployment; Launches Global Va  | provider=RSS | reason=Duplicate
    - Faraday Future Believes That the FCC’s New Policy on Robotics Strengthens the Company’s Position to Accelerate Robotics Ecosystem Deployment; Launches Global Va  | provider=RSS | reason=Duplicate
    - Comments on FCC License Renewals for ABC Stations Top 150,000 - tvtechnology.com  | provider=RSS | reason=Duplicate
    - FCC chair defends new U.S. ban on foreign-made humanoid robots, a market China dominates  | provider=RSS | reason=Duplicate
    - Amazon Seeks FCC Approval for 5,000-Satellite Direct-to-Device Network  | provider=RSS | reason=Duplicate
    - [CSPAN] Federalist Society Previews Supreme Court Term Part 1: delegation something we should consider. the inspector general's office has aske...  | provider=Cspan | reason=Duplicate
    - [CSPAN] Federalist Society Previews Supreme Court Term Part 1: has asked for a search warrant in that case. there are a bunch of cases involvin...  | provider=Cspan | reason=Duplicate
    - [CSPAN] Federalist Society Previews Supreme Court Term: delegation something we should consider. the inspector general's office has aske...  | provider=Cspan | reason=Duplicate
    - [CSPAN2] FCC Commissioner  Others Testify on Biden Administration Policies: okay. today were joined by excellent witnesses and the honorable senior republic...  | provider=Cspan2 | reason=Duplicate
    - [CSPAN3] Discussion on Emerging AI Technologies: media attack new media and try to use regulation to deal with that. it is really...  | provider=Cspan3 | reason=Duplicate
    - [CSPAN3] Discussion on Emerging AI Technologies: to use regulation to deal with that. it is really because of newspapers lobbying...  | provider=Cspan3 | reason=Duplicate
    - [CSPAN] U.S. House of Representatives U.S. House of Representatives: sector. the fact act will require the federal communications commission to publi...  | provider=Cspan | reason=Duplicate
    - [CSPAN] U.S. House of Representatives U.S. House of Representatives: magnifies this target. this helps address these concerns. this would require the...  | provider=Cspan | reason=Duplicate
    - [CSPAN] U.S. House of Representatives U.S. House of Representatives: h.r. 820. a bill to direct the federal communications commission to publish a li...  | provider=Cspan | reason=Duplicate
    - [CSPAN] U.S. House of Representatives U.S. House of Representatives: recognized as the equipment and services used in their drones to the federal com...  | provider=Cspan | reason=Duplicate
    - [CSPAN3] Nixon Administration 1970s Womens Initiatives: summary was urging the appointment of a woman to the federal communications comm...  | provider=Cspan3 | reason=Duplicate
    - [CSPAN3] Nixon Administration 1970s Womens Initiatives: nixon. this is an item in his news summary was urging the appointment of a woman...  | provider=Cspan3 | reason=Duplicate
    - [CSPAN] NTSB Chair and Others Discuss New Vehicle Technology and Safety Standards: yet, there is more work to be done. the federal communications commission wil  | provider=Cspan | reason=Duplicate
    - Amazon Seeks FCC Approval for 5,000-Satellite Direct-to-Device Network. 
www.techrepublic.com/article/news... 
Telecommu  | provider=BlueSky | reason=Duplicate
    - U.S. FCC approves giant space mirror to deliver 'sunlight on demand,' but what are the legal implications? | CBC News

w  | provider=BlueSky | reason=Duplicate
    - www.cbc.ca/news/science...  | provider=BlueSky | reason=Duplicate
    - FCC censorship czar Brendan Carr is threatening the broadcast licenses of eight local ABC stations because Trump doesn’t  | provider=BlueSky | reason=Duplicate
  [Corporate Noise] — 9
    - Maurice Potts To Lead ‘Revitalized’ Urban One DFW Operation  | provider=RSS | reason=Corporate Noise
    - SiriusXM Reports Q2 Income & Subscriber Growth  | provider=RSS | reason=Corporate Noise
    - PMI Names Jeannie Ericson Inaugural CEO  | provider=RSS | reason=Corporate Noise
    - NAFB Names Rita Frazer and Tom Cassidy as 2026 Hall of Fame Inductees  | provider=RSS | reason=Corporate Noise
    - Ericson Appointed Inaugural PMI CEO  | provider=RSS | reason=Corporate Noise
    - Beadnell Promoted To Top Role Of Heritage TV Operation  | provider=RSS | reason=Corporate Noise
    - Allison Demers Joins WIHS As News Director & Afternoon Host  | provider=RSS | reason=Corporate Noise
    - Spotwise Unveils System to Automate Media Tasks  | provider=RSS | reason=Corporate Noise
    - Colorado Unveils Roadmap for Statewide $31.5M Middle-Mile Broadband Network  | provider=RSS | reason=Corporate Noise
  [Low Confidence] — 76
    - Agreed, but key/McCullum made him vice, so it’s still a bit of an insult. 

Is there anyone in county cricket that could  | provider=BlueSky | reason=Low Confidence
    - the US has now banned the import and sale of all advanced robotics and power inverters

no new robot vacuum or lawn mowe  | provider=BlueSky | reason=Low Confidence
    - Maybe we could win a war against, or not even start a war with Iran if our dick-tater could focus on one thing for 5 min  | provider=BlueSky | reason=Low Confidence
    - Fox News parrots Trump's lies every day, on every show, and that's where simple-minded MAGA gets ALL their information.  | provider=BlueSky | reason=Low Confidence
    - steamdeckhq.com/news/steam-f...

The big takeaway from that article is this:

"For other hardware from Valve, like the S  | provider=BlueSky | reason=Low Confidence
    - If I'm one of the big legacy carriers, I'm probably betting heavily on the dud scenario you outline above. That acquisit  | provider=BlueSky | reason=Low Confidence
    - 🧵 OK, I am a disabled senior citizen.

I can no longer do my yard work.

So I ordered a robotic lawnmower from a Kicksta  | provider=BlueSky | reason=Low Confidence
    - Source: Mashable
 share.google/9XttUTdFSP6c...  | provider=BlueSky | reason=Low Confidence
    - I could not be happier with my “dumb" robot vacuum. It doesn’t connect to the internet, map my home, or have an app. It  | provider=BlueSky | reason=Low Confidence
    - "Astronomers and other groups are sounding the alarm about the project, citing numerous reasons, including the threat to  | provider=BlueSky | reason=Low Confidence
    - 🇨🇦 Terminator?…

…oh, we’ll get there 

www.cbc.ca/news/world/u...  | provider=BlueSky | reason=Low Confidence
    - China threatens retaliation over the robot ban, warning it could restrict rare earth exports or curb market access for T  | provider=BlueSky | reason=Low Confidence
    - www.cbc.ca/news/world/u...  | provider=BlueSky | reason=Low Confidence
    - www.cbc.ca/news/science...  | provider=BlueSky | reason=Low Confidence
    - Yeah, this seems like an epically bad idea.
Just because you can do it, doesn't mean you should.  | provider=BlueSky | reason=Low Confidence
    - This is horrific! The damage that this will do to the night time environment is unimaginable, carelessly disrupting the  | provider=BlueSky | reason=Low Confidence
    - In the RoboCop universe this ends up accidentally killing the president 

www.cbc.ca/news/science...  | provider=BlueSky | reason=Low Confidence
    - I need someone to shed more light on this one. I thought it was a joke, but they are talking about having 50,000 mirrors  | provider=BlueSky | reason=Low Confidence
    - Outrageous. Reflect Orbital’s plan to sell “sunlight on demand” through orbital mirrors is inherently incompatible with  | provider=BlueSky | reason=Low Confidence
    - Dept. of Destroying America, Office of Energy Primitivism:

pv-magazine-usa.com/2026/07/28/f...  | provider=BlueSky | reason=Low Confidence
    - All is not lost. The struggle continues. mediaanddemocracyproject.substack.com/p/mad-joins-...  | provider=BlueSky | reason=Low Confidence
    - China dreigt met vergelding na Amerikaans importverbod op geavanceerde robots #China #Robotics #Cyberveiligheid #Handels  | provider=BlueSky | reason=Low Confidence
    - it's not quite the Torment Nexus, but it definitely falls into the category "nothing good ever comes of this in SF."

ww  | provider=BlueSky | reason=Low Confidence
    - 📡 Mobile Spectrum: AGCOM eyes 2037.

The Italian regulator is proposing a free renewal of licenses expiring in 2029, pro  | provider=BlueSky | reason=Low Confidence
    - I really didn't see this coming. But, it's all about precedent. If the FCC can do it to ABC now, a Democratic administra  | provider=BlueSky | reason=Low Confidence
    - www.foxnews.com/media/conser...  | provider=BlueSky | reason=Low Confidence
    - 🟡 SCOOP: SpaceX is coming for AT&T, Verizon, and T-Mobile as it tries to fill a hole in its airwaves crucial for a full-  | provider=BlueSky | reason=Low Confidence
    - $SPCX is hunting urban radio spectrum to compete with $T, $VZ and $TMUS —via acquisitions or a 2027 auction. Carriers’ s  | provider=BlueSky | reason=Low Confidence
    - Happy to see my paper with @t8el.bsky.social on the Combinatorial Multi-Round Ascending Auction out in print at AEJ: Mic  | provider=BlueSky | reason=Low Confidence
    - Trying to keep up with the situational nanny-statism of this administration makes me feel like I’m taking crazy pills.  | provider=BlueSky | reason=Low Confidence
    - Targeted News Service  | provider=Targetednews.Com | reason=Low Confidence
    - FCC Cracks Down on Provider Accused of Fraud in  Obama Phone  Program – PJ Media  | provider=Pjmedia.Com | reason=Low Confidence
    - FCC carves out Starlink from foreign-made router ban as national security policy meets supply chain reality

Repost if y  | provider=BlueSky | reason=Low Confidence
    - “FCC Slammed by Former Agency Officials Over Review of ABC’s Licenses: ‘An Assault on Free Speech Disguised as Regulator  | provider=BlueSky | reason=Low Confidence
    - Trump Administration Bans New Chinese Humanoid Robots
https://hardware.slashdot.org/story/26/07/29/0441240/trump-adminis  | provider=BlueSky | reason=Low Confidence
    - Trump Administration Bans New Chinese Humanoid Robots

https://hardware.slashdot.org/story/26/07/29/0441240/trump-admini  | provider=BlueSky | reason=Low Confidence
    - Trump ally, Brendan Carr wants to control the media to satisfy Trump. It is a 'chiling message' with the ABC license rev  | provider=BlueSky | reason=Low Confidence
    - More bangers  | provider=BlueSky | reason=Low Confidence
    - Satellite companies could get an extra $6.3 billion for clearing the band quickly  | provider=BlueSky | reason=Low Confidence
    - Upper C-band auction offers another lift for GEO industry

TAMPA, Fla. — Satellite operators have welcomed the prospect  | provider=BlueSky | reason=Low Confidence
    - [FOX Business] Kudlow: well know. i mean, do you know this story, perhaps, but the federal communicatio...  | provider=Fox Business | reason=Low Confidence
    - [CSPAN3] Nixon Administration 1970s Womens Initiatives: nixon. this is an item in his news summary was urging the appointment of a woman...  | provider=Cspan3 | reason=Low Confidence
    - [CSPAN3] Stacy Schiff The Revolutionary - Samuel Adams: summary, a group called american in television and radio urged nixon. this is an...  | provider=Cspan3 | reason=Low Confidence
    - [CSPAN3] Nixon Administration 1970s Womens Initiatives: summary was urging the appointment of a woman to the federal communications comm...  | provider=Cspan3 | reason=Low Confidence
    - [CSPAN3] Nixon Administration 1970s Womens Initiatives: is just a summary -- was urging the appointment of a woman to the federal commun...  | provider=Cspan3 | reason=Low Confidence
    - [FOX Business] Mornings With Maria Bartiromo: less lag, better gaming! i'm gonna need to charge you for three people. . maria:...  | provider=Fox Business | reason=Low Confidence
    - [CSPAN] Federalist Society Previews Supreme Court Term Part 1: has asked for a search warrant in that case. there are a bunch of cases involvin...  | provider=Cspan | reason=Low Confidence
    - [CSPAN2] Book TV: not allowed to own stocks that are regulated by the federal communications commi...  | provider=Cspan2 | reason=Low Confidence
    - [CSPAN2] Author Discussion on Journalism: not allowed to own stocks that are regulated by the federal communications commi...  | provider=Cspan2 | reason=Low Confidence
    - [CSPAN2] Book TV: stacks, trading forms. and we thought, you know how the heck we're going to go t...  | provider=Cspan2 | reason=Low Confidence
    - [CSPAN2] Author Discussion on Journalism: stacks, trading forms. and we thought, you know how the heck we're going to go t...  | provider=Cspan2 | reason=Low Confidence
    - [CSPAN2] Author Discussion on Journalism: that. and the idea was my my dad worked for the federal communications commissio...  | provider=Cspan2 | reason=Low Confidence
    - [MSNBC] Velshi: distort of tony him from a nuclear reactor? you know, you want a scientist doing...  | provider=Msnbc | reason=Low Confidence
    - [CSPAN] Federalist Society Previews Supreme Court Term: delegation something we should consider. the inspector general's office has aske...  | provider=Cspan | reason=Low Confidence
    - [FOX News] Special Report With Bret Baier: services. the debt exchange deal includes payment of $1 and the assumption of ar...  | provider=Fox News | reason=Low Confidence
    - [MSNBC] Katy Tur Reports: recover. in addition to fema, that includes the federal communications commissio...  | provider=Msnbc | reason=Low Confidence
    - [CNN] Inside Politics With Dana Bash: available resources fast as possible. well to your communities. the rescue, reco...  | provider=Cnn | reason=Low Confidence
    - [MSNBC] Jose Diaz-Balart Reports: he said that fema administrator is still on the ground there. he also talked abo...  | provider=Msnbc | reason=Low Confidence
    - [FOX News] The Faulkner Focus: rebuilding. in addition to fema including the federal communications commission ...  | provider=Fox News | reason=Low Confidence
    - [CNN] CNN Newsroom With Pamela Brown: every every available resources fast as possible to your communities. the rescue...  | provider=Cnn | reason=Low Confidence
    - [MSNBC] Jose Diaz-Balart Reports: every available resource as fast as possible to your communities, to rescue, rec...  | provider=Msnbc | reason=Low Confidence
    - [CSPAN2] Hearing on Oversight of FBIs Security Clearances for Whistleblowers: s. 275, a bill to require the federal communications commission to establish a v..  | provider=Cspan2 | reason=Low Confidence
    - [CSPAN2] U.S. Senate U.S. Senate: it's been more than 1500 days since the last federal communications commission h...  | provider=Cspan2 | reason=Low Confidence
    - [CSPAN2] FCC Commissioner  Others Testify on Biden Administration Policies: senior republican commissioner on the federal communications commission he's bee...  | provider=Cspan2 | reason=Low Confidence
    - [CSPAN3] FCC Commissioner  Others Testify on Biden Administration Policies: excellent witnesses, brandon carr is a commissioner on the federal communication...  | provider=Cspan3 | reason=Low Confidence
    - [CSPAN] U.S. House of Representatives U.S. House of Representatives: federal communications commission to establish a task force to be known as a 6-g...  | provider=Cspan | reason=Low Confidence
    - [CSPAN3] Discussion on Emerging AI Technologies: media attack new media and try to use regulation to deal with that. it is really...  | provider=Cspan3 | reason=Low Confidence
    - [CSPAN3] Discussion on Emerging AI Technologies: to use regulation to deal with that. it is really because of newspapers lobbying...  | provider=Cspan3 | reason=Low Confidence
    - [CSPAN2] U.S. Senate U.S. Senate: the presiding officer: the clerk will read the title of the bill for the second ...  | provider=Cspan2 | reason=Low Confidence
    - [CSPAN2] U.S. Senate U.S. Senate: -- an act to direct the federal communications commission to publish a list of e...  | provider=Cspan2 | reason=Low Confidence
    - [CSPAN2] The Civil War Tom Wheeler Mr. Lincolns T-Mails: read out the list of his accomplishments. a few highlights include his service a...  | provider=Cspan2 | reason=Low Confidence
    - [CSPAN2] The Civil War Tom Wheeler Mr. Lincolns T-Mails: businessman, an author and a public figure. i'm not even going to try and read o...  | provider=Cspan2 | reason=Low Confidence
    - [CSPAN2] Nixon Administration 1970s Womens Initiatives: federal communications commission. nixon, scrawled in the margin, why not? so, y...  | provider=Cspan2 | reason=Low Confidence
    - [CSPAN2] American History TV: nixon. this is an item in his news summary was urging the appointment of a woman...  | provider=Cspan2 | reason=Low Confidence
    - [CSPAN] NTSB Chair and Others Discuss New Vehicle Technology and Safety Standards: technology, in vehicles on roadways. i will say, as i mentioned in my remarks  | provider=Cspan | reason=Low Confidence
    - [CSPAN3] Public Affairs Events: conversation on the senate spectrum auction. that would help support the removal...  | provider=Cspan3 | reason=Low Confidence
  [Non-FCC (blocked domain)] — 1
    - Trump Republicans Are Destroying Decades Of Policy Progress On Affordable Broadband  | provider=Techdirt.Com | reason=Non-FCC (blocked domain)

SECTION 3 — HIGH PRIORITY ARTICLES
    [INCLUDED] term=Spectrum | Qualcomm Still Pushing for Sidelink Rulemaking | reason=kept in briefing (priority-protected)
    [INCLUDED] term=Space | Space Experts Call for Government Action as Space Data Centers Emerge | reason=kept in briefing (priority-protected)
    [INCLUDED] term=AT&T | AT&T closes acquisition of Echostar spectrum | reason=kept in briefing (priority-protected)
    [INCLUDED] term=AT&T | AT&T’s EchoStar Spectrum Purchase Carries Significant Implications | reason=kept in briefing (priority-protected)
    [INCLUDED] term=AT&T | AT&T: More Than Half of Residential Fixed Wireless Subs Take a Mobile Line | reason=kept in briefing (priority-protected)
    [INCLUDED] term=Spectrum | The 6G AI uplink panic (Analyst Angle) | reason=kept in briefing (priority-protected)
    [INCLUDED] term=Satellite | Tuesday (telco diary) | D2D in 3D – Amazon appeals to telcos | reason=kept in briefing (priority-protected)
    [INCLUDED] term=Space | Mason's Observations on "Wonderwall", "Dai Dai" & New Throwbacks | reason=kept in briefing (priority-protected)
    [INCLUDED] term=Wireless | An Ally for the New Digital Infrastructure Transformation | reason=kept in briefing (priority-protected)
    [INCLUDED] term=iHeart | What Is KZPS' Blockbuster Move? | reason=kept in briefing (priority-protected)
    [INCLUDED] term=AT&T | AT&T and Wave expand their quantum partnership | reason=kept in briefing (priority-protected)
    [INCLUDED] term=Spectrum | Telesat eyes US$189 million payout in FCC spectrum reallocation - SpaceQ | reason=kept in briefing (priority-protected)
    [INCLUDED] term=Space | US FCC approves giant space mirror to deliver 'sunlight on demand' | reason=kept in briefing (priority-protected)
    [INCLUDED] term=Satellite | Amazon Seeks FCC Approval for 5,000-Satellite Direct-to-Device Network - TechRepublic | reason=kept in briefing (priority-protected)
    [INCLUDED] term=Space | U.S. FCC approves giant space mirror to deliver 'sunlight on demand,' but what are the legal implications? - CBC | reason=kept in briefing (priority-protected)
    [INCLUDED] term=Wireless | SES backs FCC Upper C-band plan for next-gen wireless services - SatellitePro ME | reason=kept in briefing (priority-protected)
    [INCLUDED] term=Satellite | FCC OKs $6.3B in upper C-band incentive payments, but cable ops still concerned | reason=kept in briefing (priority-protected)
    [INCLUDED] term=Satellite | FCC Approves Massive Modernization of Satellite Licensing Regime - Global Policy Watch | reason=kept in briefing (priority-protected)
    [INCLUDED] term=Satellite | SpaceX Pushes FCC to Target Eutelsat OneWeb in Satellite Dispute With Europe - PCMag | reason=kept in briefing (priority-protected)
    [INCLUDED] term=ABC | Comments On FCC License Renewals For ABC Stations Top 150,000 | reason=kept in briefing (priority-protected)
    [INCLUDED] term=ABC | Public Interest and Labor Challenge FCC’s Unprecedented Effort to Target ABC Stations Over Broadcast Cont - Benzinga | reason=kept in briefing (priority-protected)
    [INCLUDED] term=ABC | Reporters Committee urges FCC to reject petitions to deny ABC license renewals - Reporters Committee for Freedom of the Press | reason=kept in briefing (priority-protected)
    [INCLUDED] term=Robocall | AG coalition urges FCC to strengthen scam robocall protections - Sun Community News | reason=kept in briefing (priority-protected)
    [INCLUDED] term=Spectrum | EchoStar closes AT&amp;T spectrum deal, but wrinkles remain | reason=kept in briefing (priority-protected)
    [INCLUDED] term=Spectrum | The FCC and its current chairman, Brendan Carr, were blasted by former heads of the agency and other officials as pursui | reason=kept in briefing (priority-protected)
    [INCLUDED] term=ABC | Variety

A group of former FCC officials are accusing Chairman Brendan Carr of trying to “censor Disney and ABC’s speech | reason=kept in briefing (priority-protected)
    [INCLUDED] term=Spectrum | 𝗙𝗖𝗖 𝘃𝗼𝘁𝗲𝘀 𝗼𝗻 𝟭𝟲𝟬𝗠𝗛𝘇 𝗨𝗽𝗽𝗲𝗿 𝗖-𝗕𝗮𝗻𝗱 𝗮𝘂𝗰𝘁𝗶𝗼𝗻 𝗳𝗼𝗿 𝟱𝗚 𝗮𝗻𝗱 𝟲𝗚
The FCC will vote Wednesday to auction 160 megahertz of Upper C-B | reason=kept in briefing (priority-protected)
    [INCLUDED] term=Satellite | #FCC "“[a]chieving American space superiority is critical to our nation’s future,” the Order streamlines FCC’s satellite | reason=kept in briefing (priority-protected)
    [INCLUDED] term=ABC | FCC censorship czar Brendan Carr is threatening the broadcast licenses of eight local ABC stations because Trump doesn’t | reason=kept in briefing (priority-protected)
    [INCLUDED] term=ABC | FCC Slammed by Former Agency Officials Over Review of ABC’s Licenses: ‘An Assault on Free Speech Disguised as Regulatory | reason=kept in briefing (priority-protected)
    [INCLUDED] term=ABC | Several former top officials at the Federal Communications Commission called on FCC Chair Brendan Carr on Tuesday to aba | reason=kept in briefing (priority-protected)
    [INCLUDED] term=ABC | Former FCC Chairs Urge Brendan Carr to End ABC Broadcast License Review: ‘An Assault on Free Speech Disguised as Regulat | reason=kept in briefing (priority-protected)
    [INCLUDED] term=Space | www.cbc.ca/news/science... U.S. FCC approves giant space mirror to deliver 'sunlight on demand,' but what are the legal | reason=kept in briefing (priority-protected)
    [INCLUDED] term=Space | U.S. FCC approves giant space ...
www.cbc.ca/news/science... what gives the US the right to pollute the night sky? To mo | reason=kept in briefing (priority-protected)
    [INCLUDED] term=Space | Each space mirror would shine a beam of light five kilometres wide on its target on Earth. The U.S. FCC has given approv | reason=kept in briefing (priority-protected)
    [INCLUDED] term=Spectrum | [CSPAN3] FCC Chair Testifies on 2025 Budget Request: statutory obligation? i'm glad you asked. i do know at present there is conversa... | reason=kept in briefing (priority-protected)
    [INCLUDED] term=Wireless | Case-Mate, Inc. submitted a new device:

Magnetic Wireless Power Bank
FCC ID: 2AAC4-KS056996 | reason=kept in briefing (priority-protected)
    [INCLUDED] term=Roku | Režim letadlo nikdy nebyl jen o letadlech: spojuje pravidlo FCC z roku 1991 s pravidlem FAA o rušení signálu, které poch | reason=kept in briefing (priority-protected)
    [REJECTED] term=ABC | Comments on FCC license renewals for ABC stations top 150,000 - Editor and Publisher | reason=Duplicate
    [REJECTED] term=ABC | Comments on FCC License Renewals for ABC Stations Top 150,000 - tvtechnology.com | reason=Duplicate
    [REJECTED] term=Satellite | Amazon Seeks FCC Approval for 5,000-Satellite Direct-to-Device Network | reason=Duplicate
    [REJECTED] term=Wireless | [CSPAN] U.S. House of Representatives U.S. House of Representatives: magnifies this target. this helps address these concerns. this would require the... | reason=Duplicate
    [REJECTED] term=Foreign Ownership | [CSPAN] U.S. House of Representatives U.S. House of Representatives: h.r. 820. a bill to direct the federal communications commission to publish a li... | reason=Duplicate
    [REJECTED] term=Wireless | Amazon Seeks FCC Approval for 5,000-Satellite Direct-to-Device Network. 
www.techrepublic.com/article/news... 
Telecommu | reason=Duplicate
    [REJECTED] term=Space | U.S. FCC approves giant space mirror to deliver 'sunlight on demand,' but what are the legal implications? | CBC News

w | reason=Duplicate
    [REJECTED] term=ABC | FCC censorship czar Brendan Carr is threatening the broadcast licenses of eight local ABC stations because Trump doesn’t | reason=Duplicate
    [REJECTED] term=Space | This is horrific! The damage that this will do to the night time environment is unimaginable, carelessly disrupting the | reason=Low Confidence
    [REJECTED] term=Space | I need someone to shed more light on this one. I thought it was a joke, but they are talking about having 50,000 mirrors | reason=Low Confidence
    [REJECTED] term=Space | Outrageous. Reflect Orbital’s plan to sell “sunlight on demand” through orbital mirrors is inherently incompatible with | reason=Low Confidence
    [REJECTED] term=Spectrum | 📡 Mobile Spectrum: AGCOM eyes 2037.

The Italian regulator is proposing a free renewal of licenses expiring in 2029, pro | reason=Low Confidence
    [REJECTED] term=ABC | I really didn't see this coming. But, it's all about precedent. If the FCC can do it to ABC now, a Democratic administra | reason=Low Confidence
    [REJECTED] term=AT&T | 🟡 SCOOP: SpaceX is coming for AT&T, Verizon, and T-Mobile as it tries to fill a hole in its airwaves crucial for a full- | reason=Low Confidence
    [REJECTED] term=Spectrum | $SPCX is hunting urban radio spectrum to compete with $T, $VZ and $TMUS —via acquisitions or a 2027 auction. Carriers’ s | reason=Low Confidence
    [REJECTED] term=Spectrum | Happy to see my paper with @t8el.bsky.social on the Combinatorial Multi-Round Ascending Auction out in print at AEJ: Mic | reason=Low Confidence
    [REJECTED] term=ABC | “FCC Slammed by Former Agency Officials Over Review of ABC’s Licenses: ‘An Assault on Free Speech Disguised as Regulator | reason=Low Confidence
    [REJECTED] term=ABC | Trump ally, Brendan Carr wants to control the media to satisfy Trump. It is a 'chiling message' with the ABC license rev | reason=Low Confidence
    [REJECTED] term=Satellite | Satellite companies could get an extra $6.3 billion for clearing the band quickly | reason=Low Confidence
    [REJECTED] term=Spectrum | Upper C-band auction offers another lift for GEO industry

TAMPA, Fla. — Satellite operators have welcomed the prospect | reason=Low Confidence
    [REJECTED] term=AT&T | [CSPAN2] Book TV: not allowed to own stocks that are regulated by the federal communications commi... | reason=Low Confidence
    [REJECTED] term=AT&T | [CSPAN2] Author Discussion on Journalism: not allowed to own stocks that are regulated by the federal communications commi... | reason=Low Confidence
    [REJECTED] term=AT&T | [CSPAN2] Author Discussion on Journalism: that. and the idea was my my dad worked for the federal communications commissio... | reason=Low Confidence
    [REJECTED] term=Foreign Ownership | [CSPAN2] U.S. Senate U.S. Senate: -- an act to direct the federal communications commission to publish a list of e... | reason=Low Confidence
    [REJECTED] term=Spectrum | [CSPAN3] Public Affairs Events: conversation on the senate spectrum auction. that would help support the removal... | reason=Low Confidence

SECTION 4 — COVERAGE GAP
  Coverage gaps flagged: 150
    - Qualcomm Still Pushing for Sidelink Rulemaking | provider=RSS | why=Surfaced by a single provider (would be missed without it)
    - Pay-TV Operators Accuse FCC of Flip-Flopping on Ways to Resolve Retransmission Consent Policy Disputes | provider=RSS | why=Surfaced by a single provider (would be missed without it)
    - NAB Meets With FCC’s Anna Gomez to Discuss Broadcast Ownership Rules | provider=RSS | why=Surfaced by a single provider (would be missed without it)
    - Starlink Routers Receive Conditional Exemption From FCC’s Covered List | provider=RSS | why=Surfaced by a single provider (would be missed without it)
    - FCC Bans Foreign-Made Humanoid Robots, Targeting China Over National Security | provider=RSS | why=Surfaced by a single provider (would be missed without it)
    - Amazon Leo Seeks FCC OK to Launch 5K+ Satellites for D2D Service | provider=RSS | why=Surfaced by a single provider (would be missed without it)
    - Space Experts Call for Government Action as Space Data Centers Emerge | provider=RSS | why=Surfaced by a single provider (would be missed without it)
    - Democrat's TV Ad Targets Data Centers in Drive to Oust Republican From Swing Pennsylvania House Seat | provider=RSS | why=Surfaced by a single provider (would be missed without it)
    - Top House Democrat Attacks Musk over Gas-Powered Data Centers in Tennessee, Mississippi | provider=RSS | why=Surfaced by a single provider (would be missed without it)
    - AT&T closes acquisition of Echostar spectrum | provider=RSS | why=Surfaced by a single provider (would be missed without it)
    - AT&T’s EchoStar Spectrum Purchase Carries Significant Implications | provider=RSS | why=Surfaced by a single provider (would be missed without it)
    - AT&T: More Than Half of Residential Fixed Wireless Subs Take a Mobile Line | provider=RSS | why=Surfaced by a single provider (would be missed without it)
    - Verizon Fiber Expanding as Bain, Tillman Invest $1.5 Billion in Eaton | provider=RSS | why=Surfaced by a single provider (would be missed without it)
    - NTIA Extends Tribal Broadband Grant Deadlines Following Chickasaw Nation Visit | provider=RSS | why=Surfaced by a single provider (would be missed without it)
    - How to Fight Back Against Fraudulent Robocalls | provider=RSS | why=Surfaced by a single provider (would be missed without it)
    - Shentel Adds Record 6,200 Fiber Subs | provider=RSS | why=Surfaced by a single provider (would be missed without it)
    - ALLO Fiber to offer AI agents to business customers | provider=RSS | why=Surfaced by a single provider (would be missed without it)
    - The 6G AI uplink panic (Analyst Angle) | provider=RSS | why=Surfaced by a single provider (would be missed without it)
    - NTIA Launches Global 6G Leadership Initiative | provider=RSS | why=Surfaced by a single provider (would be missed without it)
    - Tuesday (telco diary) | D2D in 3D – Amazon appeals to telcos | provider=RSS | why=Surfaced by a single provider (would be missed without it)
    - Mason's Observations on "Wonderwall", "Dai Dai" & New Throwbacks | provider=RSS | why=Surfaced by a single provider (would be missed without it)
    - Japan’s private 5G market is finally moving beyond demo experiments (Analyst Angle) | provider=RSS | why=Surfaced by a single provider (would be missed without it)
    - Wednesday (telco diary) | Orange leads Euro telco revival | provider=RSS | why=Surfaced by a single provider (would be missed without it)
    - Delta, United ban humanoid and animal robots from flights | provider=RSS | why=Surfaced by a single provider (would be missed without it)
    - Generation Z wants significant change in government | provider=RSS | why=Surfaced by a single provider (would be missed without it)
    - An ‘E’ Ticket To Arkansas Radio Growth For La Raza | provider=RSS | why=Surfaced by a single provider (would be missed without it)
    - ‘Nine PBS’ Sues To Get Its History Restored | provider=RSS | why=Surfaced by a single provider (would be missed without it)
    - A WTOP Signal Is Being Leased To K-LOVE | provider=RSS | why=Surfaced by a single provider (would be missed without it)
    - WWIZ To Inherit WLLF's Sports Programming | provider=RSS | why=Surfaced by a single provider (would be missed without it)
    - KKBQ-HD2 Partners To Become Pasadena Rodeo Radio | provider=RSS | why=Surfaced by a single provider (would be missed without it)
    - Radio One Sets New Dallas Market Leadership | provider=RSS | why=Surfaced by a single provider (would be missed without it)
    - Power Plays: Telco Vendors Eye Data Center Power Market | provider=RSS | why=Surfaced by a single provider (would be missed without it)
    - An Ally for the New Digital Infrastructure Transformation | provider=RSS | why=Surfaced by a single provider (would be missed without it)
    - SiriusXM to Debut All-Sports Subscriber Plan | provider=RSS | why=Surfaced by a single provider (would be missed without it)
    - A Visit to Nashville’s WSM(AM) | provider=RSS | why=Surfaced by a single provider (would be missed without it)
    - KOPN(FM) Now Serves Mid-Missouri With a New BE Transmitter | provider=RSS | why=Surfaced by a single provider (would be missed without it)
    - DHD Releases Version 10.4 Firmware and Options | provider=RSS | why=Surfaced by a single provider (would be missed without it)
    - More now say AI does more harm than good: Survey | provider=RSS | why=Surfaced by a single provider (would be missed without it)
    - DoorDash expands beyond drivers with new drone delivery program | provider=RSS | why=Surfaced by a single provider (would be missed without it)
    - Senate Democrats press tech giants on AI safeguards for 'at-risk users' | provider=RSS | why=Surfaced by a single provider (would be missed without it)
    - Zuckerberg knocks AI development centralization, control | provider=RSS | why=Surfaced by a single provider (would be missed without it)
    - Rogue OpenAI agent compromised second tech firm's customer | provider=RSS | why=Surfaced by a single provider (would be missed without it)
    - NHL’s Blue Jackets Dumps Radio Host For TV Audio | provider=RSS | why=Surfaced by a single provider (would be missed without it)
    - Digital Ad-Driven Entravision Preps For Q2 Earnings Reveal | provider=RSS | why=Surfaced by a single provider (would be missed without it)
    - Zip-Up: Mid-West ‘Merger’ To Yield A Nine-Station Zimmer Group | provider=RSS | why=Surfaced by a single provider (would be missed without it)
    - A Post-Bankruptcy Cumulus Will See Print Slasher’s Interest | provider=RSS | why=Surfaced by a single provider (would be missed without it)
    - Spot-Level TV Ad Analysis: Now From MediaRadar | provider=RSS | why=Surfaced by a single provider (would be missed without it)
    - Binder Exits Gray For A TitanTV Sales Role | provider=RSS | why=Surfaced by a single provider (would be missed without it)
    - SiriusXM To Debut A Sports-Focused Subscription Tier | provider=RSS | why=Surfaced by a single provider (would be missed without it)
    - Rapid Transit Sees Riverfront Departure For Virginia Role | provider=RSS | why=Surfaced by a single provider (would be missed without it)
    - XR and AdImpact Pact As Political Ad Spending Ramps Up | provider=RSS | why=Surfaced by a single provider (would be missed without it)
    - Beyond the Hype: Ilissa Miller on Responsible Growth, Data Centers and AI | provider=RSS | why=Surfaced by a single provider (would be missed without it)
    - The rise of agentic infra – why NetOps must outpace AI ambitions (Reader Forum) | provider=RSS | why=Surfaced by a single provider (would be missed without it)
    - Hubbard To Lease WTLP To K-Love | provider=RSS | why=Surfaced by a single provider (would be missed without it)
    - What Is KZPS' Blockbuster Move? | provider=RSS | why=Surfaced by a single provider (would be missed without it)
    - Nielsen Spring & June 2026 Ratings Releases 7/29 | provider=RSS | why=Surfaced by a single provider (would be missed without it)
    - Zimmer & Mid-West Family Broadcasting To Merge Springfield MO Operations | provider=RSS | why=Surfaced by a single provider (would be missed without it)
    - AT&T and Wave expand their quantum partnership | provider=RSS | why=Surfaced by a single provider (would be missed without it)
    - North Carolina Radio Station Gets Community Lift After Tower Collapse | provider=RSS | why=Surfaced by a single provider (would be missed without it)
    - Trump administration bans foreign-made humanoid robots in move targeting China | provider=RSS | why=Surfaced by a single provider (would be missed without it)
    - AI giants back employee-led push asking US government to 'deliberately pace' development | provider=RSS | why=Surfaced by a single provider (would be missed without it)
    - Russia accuses Telegram CEO Pavel Durov of aiding terrorism in its latest digital crackdown | provider=RSS | why=Surfaced by a single provider (would be missed without it)
    - SiriusXM Launches Sports Only Subscription; Adds KSPN To Lineup | provider=RSS | why=Surfaced by a single provider (would be missed without it)
    - TM Studios & Capital Of Media Launch TRIL Imaging Library | provider=RSS | why=Surfaced by a single provider (would be missed without it)
    - American Tower Keeps on Rockin’ | provider=RSS | why=Surfaced by a single provider (would be missed without it)
    - Hawaiian Telcom, Utility Reach Pole Removal Deal | provider=RSS | why=Surfaced by a single provider (would be missed without it)
    - Verizon Signs $1 Billion Google Fiber Deal to Support AI Growth | provider=RSS | why=Surfaced by a single provider (would be missed without it)
    - Park Cell Tower in Saint Paul Faces State Natural Resources Hurdles | provider=RSS | why=Surfaced by a single provider (would be missed without it)
    - [Federal Register] Information Collection Being Reviewed by the Federal Communications Commission | provider=Federal Register | why=Surfaced by a single provider (would be missed without it)
    - Telesat eyes US$189 million payout in FCC spectrum reallocation - SpaceQ | provider=RSS | why=Surfaced by a single provider (would be missed without it)
    - Trump's Threats to Yank Broadcast Licenses Are Part of a Speech-Chilling Intimidation Campaign: FCC Chairman Brendan Carr Seems to Think TV Stations Are Legally | provider=RSS | why=Surfaced by a single provider (would be missed without it)
    - FCC chair defends new U.S. ban on foreign-made humanoid robots, a market China dominates - NBC News | provider=RSS | why=Surfaced by a single provider (would be missed without it)
    - FCC chair Carr defends new ban on foreign-made humanoid robots - Modern Ghana | provider=RSS | why=Surfaced by a single provider (would be missed without it)
    - FCC Makes Broadband Label Requirements More Consumer-Friendly - In Compliance Magazine | provider=RSS | why=Surfaced by a single provider (would be missed without it)
    - US FCC approves giant space mirror to deliver 'sunlight on demand' | provider=RSS | why=Surfaced by a single provider (would be missed without it)
    - Amazon Seeks FCC Approval for 5,000-Satellite Direct-to-Device Network - TechRepublic | provider=RSS | why=Surfaced by a single provider (would be missed without it)
    - U.S. FCC approves giant space mirror to deliver 'sunlight on demand,' but what are the legal implications? - CBC | provider=RSS | why=Surfaced by a single provider (would be missed without it)
    - SES backs FCC Upper C-band plan for next-gen wireless services - SatellitePro ME | provider=RSS | why=Surfaced by a single provider (would be missed without it)
    - FCC OKs $6.3B in upper C-band incentive payments, but cable ops still concerned | provider=RSS | why=Surfaced by a single provider (would be missed without it)
    - FCC Approves Massive Modernization of Satellite Licensing Regime - Global Policy Watch | provider=RSS | why=Surfaced by a single provider (would be missed without it)
    - Amazon Seeks FCC Approval to Launch Over 5,000 Starlink Rival Satellites for Direct-to-Device Service - Yahoo Finance | provider=RSS | why=Surfaced by a single provider (would be missed without it)
    - SpaceX Pushes FCC to Target Eutelsat OneWeb in Satellite Dispute With Europe - PCMag | provider=RSS | why=Surfaced by a single provider (would be missed without it)
    - FCC exempts new Starlink routers from Covered List | provider=RSS | why=Surfaced by a single provider (would be missed without it)
    - Comments On FCC License Renewals For ABC Stations Top 150,000 | provider=RSS | why=Surfaced by a single provider (would be missed without it)
    - Democrats Challenge FCC’s Expanded Lowest Unit Rate Policy. - insideradio.com | provider=RSS | why=Surfaced by a single provider (would be missed without it)
    - The FCC bans all robot vacuums made outside the U.S. - Mashable | provider=RSS | why=Surfaced by a single provider (would be missed without it)
    - US FCC Bans Sales of Foreign-Made Power Inverters and Robots - BankInfoSecurity | provider=RSS | why=Surfaced by a single provider (would be missed without it)
    - Power Shift: FCC Blocks New Foreign-Made Inverters in Major “Covered List” Update (via Passle) - ourtake.bakerbotts.com | provider=RSS | why=Surfaced by a single provider (would be missed without it)
    - Public Interest and Labor Challenge FCC’s Unprecedented Effort to Target ABC Stations Over Broadcast Cont - Benzinga | provider=RSS | why=Surfaced by a single provider (would be missed without it)
    - FCC bans new Chinese robots and power inverters to protect US AI buildout from foreign threats - the-decoder.com | provider=RSS | why=Surfaced by a single provider (would be missed without it)
    - Beat the incoming FCC ban: Save $400 on Roborock’s Qrevo S5V robot vacuum at Amazon | provider=RSS | why=Surfaced by a single provider (would be missed without it)
    - Foreign-made robot vacuums caught up in FCC robot ban — covers any ground robot over 4.4 pounds with a 200 kbps connection | provider=RSS | why=Surfaced by a single provider (would be missed without it)
    - FCC Blocks New Foreign-Produced Robots and Power Inverters Over Cyber Risks - The Hacker News | provider=RSS | why=Surfaced by a single provider (would be missed without it)
    - Faraday Future Believes That the FCC’s New Policy on Robotics Strengthens the Company’s Position to Accelerate Robotics Ecosystem Deployment; Launches Global Va | provider=RSS | why=Surfaced by a single provider (would be missed without it)
    - FCC Hails Accomplishments Under Its “Build America Agenda” - In Compliance Magazine | provider=RSS | why=Surfaced by a single provider (would be missed without it)
    - FCC: Ban on Foreign-Made Robots Includes Robot Vacuums | provider=RSS | why=Surfaced by a single provider (would be missed without it)
    - FCC ban humanoid robots from China | provider=RSS | why=Surfaced by a single provider (would be missed without it)
    - Reporters Committee urges FCC to reject petitions to deny ABC license renewals - Reporters Committee for Freedom of the Press | provider=RSS | why=Surfaced by a single provider (would be missed without it)
    - Free speech groups back Disney in ongoing fight with FCC - TheDesk.net | provider=RSS | why=Surfaced by a single provider (would be missed without it)
    - 22 Advocacy Groups Back Disney in FCC Fight: 'The Government Is Violating the First Amendment' - thewrap.com | provider=RSS | why=Surfaced by a single provider (would be missed without it)
    - FCC Expands Covered List Prohibitions to Devices with Certain Logic-Bearing Hardware Components, Imposes Compliance Obligations on Online Marketplaces - Wiley R | provider=RSS | why=Surfaced by a single provider (would be missed without it)
    - FCC bans new foreign inverter imports - Solar Power World | provider=RSS | why=Surfaced by a single provider (would be missed without it)
    - FCC Confronts Chinese-Produced Power Inverters and Robots - Foundation for Defense of Democracies | provider=RSS | why=Surfaced by a single provider (would be missed without it)
    - Telesat prepared to execute FCC Upper C-band transition plan - Cyprus Shipping News | provider=RSS | why=Surfaced by a single provider (would be missed without it)
    - AG coalition urges FCC to strengthen scam robocall protections - Sun Community News | provider=RSS | why=Surfaced by a single provider (would be missed without it)
    - Energous’ PowerBridge Pro+ Receives FCC Certification, - globenewswire.com | provider=RSS | why=Surfaced by a single provider (would be missed without it)
    - FCC exempts new Starlink routers from Covered List - Mobile World Live | provider=RSS | why=Surfaced by a single provider (would be missed without it)
    - Attorney General Brown urges FCC to strengthen 'Know Your Customer' rules to combat robocalls - nottinghammd.com | provider=RSS | why=Surfaced by a single provider (would be missed without it)
    - FCC Blocks Chinese Humanoid Robot Imports, Citing Security Risks - AI Business | provider=RSS | why=Surfaced by a single provider (would be missed without it)
    - US FCC Blacklists Foreign Robots on Huawei List as Surveillance Fears Grow – Striking NVIDIA Partner Unitree As Well - Wccftech | provider=RSS | why=Surfaced by a single provider (would be missed without it)
    - FCC bans foreign-made advanced robotic devices and power inverters, under national security move | provider=RSS | why=Surfaced by a single provider (would be missed without it)
    - Court Grants Cumulus Bankruptcy Extension | provider=RSS | why=Surfaced by a single provider (would be missed without it)
    - EchoStar closes AT&amp;T spectrum deal, but wrinkles remain | provider=RSS | why=Surfaced by a single provider (would be missed without it)
    - China threatens retaliation against U.S. humanoid robot ban, says it 'severely damages' relations | provider=RSS | why=Surfaced by a single provider (would be missed without it)
    - Zimmer and Mid-West to Merge in Springfield, Missouri | provider=RSS | why=Surfaced by a single provider (would be missed without it)
    - Can the new hires for ‘60 Minutes’ meet the challenge? | provider=RSS | why=Surfaced by a single provider (would be missed without it)
    - The US government's robot ban also includes vacuums | provider=RSS | why=Surfaced by a single provider (would be missed without it)
    - Trump’s Robot Vacuum Ban Sucks for Everyone | provider=RSS | why=Surfaced by a single provider (would be missed without it)
    - The FCC and its current chairman, Brendan Carr, were blasted by former heads of the agency and other officials as pursui | provider=BlueSky | why=Surfaced by a single provider (would be missed without it)
    - Variety

A group of former FCC officials are accusing Chairman Brendan Carr of trying to “censor Disney and ABC’s speech | provider=BlueSky | why=Surfaced by a single provider (would be missed without it)
    - 𝗙𝗖𝗖 𝘃𝗼𝘁𝗲𝘀 𝗼𝗻 𝟭𝟲𝟬𝗠𝗛𝘇 𝗨𝗽𝗽𝗲𝗿 𝗖-𝗕𝗮𝗻𝗱 𝗮𝘂𝗰𝘁𝗶𝗼𝗻 𝗳𝗼𝗿 𝟱𝗚 𝗮𝗻𝗱 𝟲𝗚
The FCC will vote Wednesday to auction 160 megahertz of Upper C-B | provider=BlueSky | why=Surfaced by a single provider (would be missed without it)
    - #FCC "“[a]chieving American space superiority is critical to our nation’s future,” the Order streamlines FCC’s satellite | provider=BlueSky | why=Surfaced by a single provider (would be missed without it)
    - As FCC chair, Brendan Carr has used his power to pursue President Trump’s priorities—and target his foes. Is he a threat | provider=BlueSky | why=Surfaced by a single provider (would be missed without it)
    - Now out for @washingtonian.com: I profile FCC Chairman Brendan Carr. washingtonian.com/2026/07/30/h... | provider=BlueSky | why=Surfaced by a single provider (would be missed without it)
    - FCC Commissioner @agomezfcc.bsky.social has said she strongly opposes lifting ownership caps when it comes to TV.

Knowi | provider=BlueSky | why=Surfaced by a single provider (would be missed without it)
    - Brendan Carr, FCC chair, climbs communications towers and uses that experience to frame his regulatory work, including i | provider=BlueSky | why=Surfaced by a single provider (would be missed without it)
    - Bush 41.  Don’t know if you realize it, but yesterday both of Reagan’s two FCC chairman and Bush 41’s chairman filed a p | provider=BlueSky | why=Surfaced by a single provider (would be missed without it)
    - FCC censorship czar Brendan Carr is threatening the broadcast licenses of eight local ABC stations because Trump doesn’t | provider=BlueSky | why=Surfaced by a single provider (would be missed without it)
    - FCC Slammed by Former Agency Officials Over Review of ABC’s Licenses: ‘An Assault on Free Speech Disguised as Regulatory | provider=BlueSky | why=Surfaced by a single provider (would be missed without it)
    - Several former top officials at the Federal Communications Commission called on FCC Chair Brendan Carr on Tuesday to aba | provider=BlueSky | why=Surfaced by a single provider (would be missed without it)
    - And trump calls people who value checks and balances communist!  Give me a break!  Brendan Carr (FCC) is puttingABC new  | provider=BlueSky | why=Surfaced by a single provider (would be missed without it)
    - Former FCC Chairs Urge Brendan Carr to End ABC Broadcast License Review: ‘An Assault on Free Speech Disguised as Regulat | provider=BlueSky | why=Surfaced by a single provider (would be missed without it)
    - China's Robot Maker Unitree: Our current G1, H2, R1, GO2, B2 and A2 robot models already have FCC certification and can  | provider=BlueSky | why=Surfaced by a single provider (would be missed without it)
    - China's Robot Maker UniTree: New FCC curbs could block US sales of future foreign-made robot models unless they win exem | provider=BlueSky | why=Surfaced by a single provider (would be missed without it)
    - www.cbc.ca/news/science... U.S. FCC approves giant space mirror to deliver 'sunlight on demand,' but what are the legal  | provider=BlueSky | why=Surfaced by a single provider (would be missed without it)
    - U.S. FCC approves giant space ...
www.cbc.ca/news/science... what gives the US the right to pollute the night sky? To mo | provider=BlueSky | why=Surfaced by a single provider (would be missed without it)
    - Each space mirror would shine a beam of light five kilometres wide on its target on Earth. The U.S. FCC has given approv | provider=BlueSky | why=Surfaced by a single provider (would be missed without it)
    - [CSPAN3] FCC Chair Testifies on 2025 Budget Request: statutory obligation? i'm glad you asked. i do know at present there is conversa... | provider=Cspan3 | why=Surfaced by a single provider (would be missed without it)
    - Shades of the FCC ban of DJI drones?
ICYMI, US manufacturer Skytel filed a complaint that DJI, with its 80% market share | provider=BlueSky | why=Surfaced by a single provider (would be missed without it)
    - Case-Mate, Inc. submitted a new device:

Magnetic Wireless Power Bank
FCC ID: 2AAC4-KS056996 | provider=BlueSky | why=Surfaced by a single provider (would be missed without it)
    - La FCC a approuvé le Steam Frame.
Jusque maintenant, tout ceux qui nous sortaient des dates éclatées se mettaient le doi | provider=BlueSky | why=Surfaced by a single provider (would be missed without it)
    - The new #FCC #inverterban appears to be an incredible over-reach/power grab by the FCC to regulate goods (inverters) tha | provider=BlueSky | why=Surfaced by a single provider (would be missed without it)
    - I'm also happy to build on my research about Rod Serling's battles with the FCC in support of "mature television" that u | provider=BlueSky | why=Surfaced by a single provider (would be missed without it)
    - Režim letadlo nikdy nebyl jen o letadlech: spojuje pravidlo FCC z roku 1991 s pravidlem FAA o rušení signálu, které poch | provider=BlueSky | why=Surfaced by a single provider (would be missed without it)
    - SHENZHEN HAISAITE TECHNOLOGY CO LTD submitted a new device:

Bluetooth Speaker
FCC ID: 2A9F6-S18 | provider=BlueSky | why=Surfaced by a single provider (would be missed without it)
    - My FCC expert buddy thinks it’s a T Mobile merger. | provider=BlueSky | why=Surfaced by a single provider (would be missed without it)
    - 1/3 ... the FCC is banning future robot lawnmowers, sidewalk delivery robots, and the robots that crate around packages  | provider=BlueSky | why=Surfaced by a single provider (would be missed without it)
    - China: perluasan daftar terlarang FCC AS diskriminasi produk China - https://www.antaranews.com/berita/5673068/china-per | provider=BlueSky | why=Surfaced by a single provider (would be missed without it)
    - The Federal Communications Commission banned imports of new foreign-made humanoid/quadruped robots and connected power i | provider=BlueSky | why=Surfaced by a single provider (would be missed without it)
    - No Internet, No Screen Time? FCC Weighs Cutting Subsidy That Lowers School Internet Bills | provider=BlueSky | why=Surfaced by a single provider (would be missed without it)

SECTION 5 — EDITORIAL QUEUE (requires human review)
  Items requiring review: 150
    - Qualcomm Still Pushing for Sidelink Rulemaking | Surfaced by a single provider (would be missed without it)
    - Pay-TV Operators Accuse FCC of Flip-Flopping on Ways to Resolve Retransmission Consent Policy Disputes | Surfaced by a single provider (would be missed without it)
    - NAB Meets With FCC’s Anna Gomez to Discuss Broadcast Ownership Rules | Surfaced by a single provider (would be missed without it)
    - Starlink Routers Receive Conditional Exemption From FCC’s Covered List | Surfaced by a single provider (would be missed without it)
    - FCC Bans Foreign-Made Humanoid Robots, Targeting China Over National Security | Surfaced by a single provider (would be missed without it)
    - Amazon Leo Seeks FCC OK to Launch 5K+ Satellites for D2D Service | Surfaced by a single provider (would be missed without it)
    - Space Experts Call for Government Action as Space Data Centers Emerge | Surfaced by a single provider (would be missed without it)
    - Democrat's TV Ad Targets Data Centers in Drive to Oust Republican From Swing Pennsylvania House Seat | Surfaced by a single provider (would be missed without it)
    - Top House Democrat Attacks Musk over Gas-Powered Data Centers in Tennessee, Mississippi | Surfaced by a single provider (would be missed without it)
    - AT&T closes acquisition of Echostar spectrum | Surfaced by a single provider (would be missed without it)
    - AT&T’s EchoStar Spectrum Purchase Carries Significant Implications | Surfaced by a single provider (would be missed without it)
    - AT&T: More Than Half of Residential Fixed Wireless Subs Take a Mobile Line | Surfaced by a single provider (would be missed without it)
    - Verizon Fiber Expanding as Bain, Tillman Invest $1.5 Billion in Eaton | Surfaced by a single provider (would be missed without it)
    - NTIA Extends Tribal Broadband Grant Deadlines Following Chickasaw Nation Visit | Surfaced by a single provider (would be missed without it)
    - How to Fight Back Against Fraudulent Robocalls | Surfaced by a single provider (would be missed without it)
    - Shentel Adds Record 6,200 Fiber Subs | Surfaced by a single provider (would be missed without it)
    - ALLO Fiber to offer AI agents to business customers | Surfaced by a single provider (would be missed without it)
    - The 6G AI uplink panic (Analyst Angle) | Surfaced by a single provider (would be missed without it)
    - NTIA Launches Global 6G Leadership Initiative | Surfaced by a single provider (would be missed without it)
    - Tuesday (telco diary) | D2D in 3D – Amazon appeals to telcos | Surfaced by a single provider (would be missed without it)
    - Mason's Observations on "Wonderwall", "Dai Dai" & New Throwbacks | Surfaced by a single provider (would be missed without it)
    - Japan’s private 5G market is finally moving beyond demo experiments (Analyst Angle) | Surfaced by a single provider (would be missed without it)
    - Wednesday (telco diary) | Orange leads Euro telco revival | Surfaced by a single provider (would be missed without it)
    - Delta, United ban humanoid and animal robots from flights | Surfaced by a single provider (would be missed without it)
    - Generation Z wants significant change in government | Surfaced by a single provider (would be missed without it)
    - An ‘E’ Ticket To Arkansas Radio Growth For La Raza | Surfaced by a single provider (would be missed without it)
    - ‘Nine PBS’ Sues To Get Its History Restored | Surfaced by a single provider (would be missed without it)
    - A WTOP Signal Is Being Leased To K-LOVE | Surfaced by a single provider (would be missed without it)
    - WWIZ To Inherit WLLF's Sports Programming | Surfaced by a single provider (would be missed without it)
    - KKBQ-HD2 Partners To Become Pasadena Rodeo Radio | Surfaced by a single provider (would be missed without it)
    - Radio One Sets New Dallas Market Leadership | Surfaced by a single provider (would be missed without it)
    - Power Plays: Telco Vendors Eye Data Center Power Market | Surfaced by a single provider (would be missed without it)
    - An Ally for the New Digital Infrastructure Transformation | Surfaced by a single provider (would be missed without it)
    - SiriusXM to Debut All-Sports Subscriber Plan | Surfaced by a single provider (would be missed without it)
    - A Visit to Nashville’s WSM(AM) | Surfaced by a single provider (would be missed without it)
    - KOPN(FM) Now Serves Mid-Missouri With a New BE Transmitter | Surfaced by a single provider (would be missed without it)
    - DHD Releases Version 10.4 Firmware and Options | Surfaced by a single provider (would be missed without it)
    - More now say AI does more harm than good: Survey | Surfaced by a single provider (would be missed without it)
    - DoorDash expands beyond drivers with new drone delivery program | Surfaced by a single provider (would be missed without it)
    - Senate Democrats press tech giants on AI safeguards for 'at-risk users' | Surfaced by a single provider (would be missed without it)
    - Zuckerberg knocks AI development centralization, control | Surfaced by a single provider (would be missed without it)
    - Rogue OpenAI agent compromised second tech firm's customer | Surfaced by a single provider (would be missed without it)
    - NHL’s Blue Jackets Dumps Radio Host For TV Audio | Surfaced by a single provider (would be missed without it)
    - Digital Ad-Driven Entravision Preps For Q2 Earnings Reveal | Surfaced by a single provider (would be missed without it)
    - Zip-Up: Mid-West ‘Merger’ To Yield A Nine-Station Zimmer Group | Surfaced by a single provider (would be missed without it)
    - A Post-Bankruptcy Cumulus Will See Print Slasher’s Interest | Surfaced by a single provider (would be missed without it)
    - Spot-Level TV Ad Analysis: Now From MediaRadar | Surfaced by a single provider (would be missed without it)
    - Binder Exits Gray For A TitanTV Sales Role | Surfaced by a single provider (would be missed without it)
    - SiriusXM To Debut A Sports-Focused Subscription Tier | Surfaced by a single provider (would be missed without it)
    - Rapid Transit Sees Riverfront Departure For Virginia Role | Surfaced by a single provider (would be missed without it)
    - XR and AdImpact Pact As Political Ad Spending Ramps Up | Surfaced by a single provider (would be missed without it)
    - Beyond the Hype: Ilissa Miller on Responsible Growth, Data Centers and AI | Surfaced by a single provider (would be missed without it)
    - The rise of agentic infra – why NetOps must outpace AI ambitions (Reader Forum) | Surfaced by a single provider (would be missed without it)
    - Hubbard To Lease WTLP To K-Love | Surfaced by a single provider (would be missed without it)
    - What Is KZPS' Blockbuster Move? | Surfaced by a single provider (would be missed without it)
    - Nielsen Spring & June 2026 Ratings Releases 7/29 | Surfaced by a single provider (would be missed without it)
    - Zimmer & Mid-West Family Broadcasting To Merge Springfield MO Operations | Surfaced by a single provider (would be missed without it)
    - AT&T and Wave expand their quantum partnership | Surfaced by a single provider (would be missed without it)
    - North Carolina Radio Station Gets Community Lift After Tower Collapse | Surfaced by a single provider (would be missed without it)
    - Trump administration bans foreign-made humanoid robots in move targeting China | Surfaced by a single provider (would be missed without it)
    - AI giants back employee-led push asking US government to 'deliberately pace' development | Surfaced by a single provider (would be missed without it)
    - Russia accuses Telegram CEO Pavel Durov of aiding terrorism in its latest digital crackdown | Surfaced by a single provider (would be missed without it)
    - SiriusXM Launches Sports Only Subscription; Adds KSPN To Lineup | Surfaced by a single provider (would be missed without it)
    - TM Studios & Capital Of Media Launch TRIL Imaging Library | Surfaced by a single provider (would be missed without it)
    - American Tower Keeps on Rockin’ | Surfaced by a single provider (would be missed without it)
    - Hawaiian Telcom, Utility Reach Pole Removal Deal | Surfaced by a single provider (would be missed without it)
    - Verizon Signs $1 Billion Google Fiber Deal to Support AI Growth | Surfaced by a single provider (would be missed without it)
    - Park Cell Tower in Saint Paul Faces State Natural Resources Hurdles | Surfaced by a single provider (would be missed without it)
    - [Federal Register] Information Collection Being Reviewed by the Federal Communications Commission | Surfaced by a single provider (would be missed without it)
    - Telesat eyes US$189 million payout in FCC spectrum reallocation - SpaceQ | Surfaced by a single provider (would be missed without it)
    - Trump's Threats to Yank Broadcast Licenses Are Part of a Speech-Chilling Intimidation Campaign: FCC Chairman Brendan Carr Seems to Think TV Stations Are Legally | Surfaced by a single provider (would be missed without it)
    - FCC chair defends new U.S. ban on foreign-made humanoid robots, a market China dominates - NBC News | Surfaced by a single provider (would be missed without it)
    - FCC chair Carr defends new ban on foreign-made humanoid robots - Modern Ghana | Surfaced by a single provider (would be missed without it)
    - FCC Makes Broadband Label Requirements More Consumer-Friendly - In Compliance Magazine | Surfaced by a single provider (would be missed without it)
    - US FCC approves giant space mirror to deliver 'sunlight on demand' | Surfaced by a single provider (would be missed without it)
    - Amazon Seeks FCC Approval for 5,000-Satellite Direct-to-Device Network - TechRepublic | Surfaced by a single provider (would be missed without it)
    - U.S. FCC approves giant space mirror to deliver 'sunlight on demand,' but what are the legal implications? - CBC | Surfaced by a single provider (would be missed without it)
    - SES backs FCC Upper C-band plan for next-gen wireless services - SatellitePro ME | Surfaced by a single provider (would be missed without it)
    - FCC OKs $6.3B in upper C-band incentive payments, but cable ops still concerned | Surfaced by a single provider (would be missed without it)
    - FCC Approves Massive Modernization of Satellite Licensing Regime - Global Policy Watch | Surfaced by a single provider (would be missed without it)
    - Amazon Seeks FCC Approval to Launch Over 5,000 Starlink Rival Satellites for Direct-to-Device Service - Yahoo Finance | Surfaced by a single provider (would be missed without it)
    - SpaceX Pushes FCC to Target Eutelsat OneWeb in Satellite Dispute With Europe - PCMag | Surfaced by a single provider (would be missed without it)
    - FCC exempts new Starlink routers from Covered List | Surfaced by a single provider (would be missed without it)
    - Comments On FCC License Renewals For ABC Stations Top 150,000 | Surfaced by a single provider (would be missed without it)
    - Democrats Challenge FCC’s Expanded Lowest Unit Rate Policy. - insideradio.com | Surfaced by a single provider (would be missed without it)
    - The FCC bans all robot vacuums made outside the U.S. - Mashable | Surfaced by a single provider (would be missed without it)
    - US FCC Bans Sales of Foreign-Made Power Inverters and Robots - BankInfoSecurity | Surfaced by a single provider (would be missed without it)
    - Power Shift: FCC Blocks New Foreign-Made Inverters in Major “Covered List” Update (via Passle) - ourtake.bakerbotts.com | Surfaced by a single provider (would be missed without it)
    - Public Interest and Labor Challenge FCC’s Unprecedented Effort to Target ABC Stations Over Broadcast Cont - Benzinga | Surfaced by a single provider (would be missed without it)
    - FCC bans new Chinese robots and power inverters to protect US AI buildout from foreign threats - the-decoder.com | Surfaced by a single provider (would be missed without it)
    - Beat the incoming FCC ban: Save $400 on Roborock’s Qrevo S5V robot vacuum at Amazon | Surfaced by a single provider (would be missed without it)
    - Foreign-made robot vacuums caught up in FCC robot ban — covers any ground robot over 4.4 pounds with a 200 kbps connection | Surfaced by a single provider (would be missed without it)
    - FCC Blocks New Foreign-Produced Robots and Power Inverters Over Cyber Risks - The Hacker News | Surfaced by a single provider (would be missed without it)
    - Faraday Future Believes That the FCC’s New Policy on Robotics Strengthens the Company’s Position to Accelerate Robotics Ecosystem Deployment; Launches Global Va | Surfaced by a single provider (would be missed without it)
    - FCC Hails Accomplishments Under Its “Build America Agenda” - In Compliance Magazine | Surfaced by a single provider (would be missed without it)
    - FCC: Ban on Foreign-Made Robots Includes Robot Vacuums | Surfaced by a single provider (would be missed without it)
    - FCC ban humanoid robots from China | Surfaced by a single provider (would be missed without it)
    - Reporters Committee urges FCC to reject petitions to deny ABC license renewals - Reporters Committee for Freedom of the Press | Surfaced by a single provider (would be missed without it)
    - Free speech groups back Disney in ongoing fight with FCC - TheDesk.net | Surfaced by a single provider (would be missed without it)
    - 22 Advocacy Groups Back Disney in FCC Fight: 'The Government Is Violating the First Amendment' - thewrap.com | Surfaced by a single provider (would be missed without it)
    - FCC Expands Covered List Prohibitions to Devices with Certain Logic-Bearing Hardware Components, Imposes Compliance Obligations on Online Marketplaces - Wiley R | Surfaced by a single provider (would be missed without it)
    - FCC bans new foreign inverter imports - Solar Power World | Surfaced by a single provider (would be missed without it)
    - FCC Confronts Chinese-Produced Power Inverters and Robots - Foundation for Defense of Democracies | Surfaced by a single provider (would be missed without it)
    - Telesat prepared to execute FCC Upper C-band transition plan - Cyprus Shipping News | Surfaced by a single provider (would be missed without it)
    - AG coalition urges FCC to strengthen scam robocall protections - Sun Community News | Surfaced by a single provider (would be missed without it)
    - Energous’ PowerBridge Pro+ Receives FCC Certification, - globenewswire.com | Surfaced by a single provider (would be missed without it)
    - FCC exempts new Starlink routers from Covered List - Mobile World Live | Surfaced by a single provider (would be missed without it)
    - Attorney General Brown urges FCC to strengthen 'Know Your Customer' rules to combat robocalls - nottinghammd.com | Surfaced by a single provider (would be missed without it)
    - FCC Blocks Chinese Humanoid Robot Imports, Citing Security Risks - AI Business | Surfaced by a single provider (would be missed without it)
    - US FCC Blacklists Foreign Robots on Huawei List as Surveillance Fears Grow – Striking NVIDIA Partner Unitree As Well - Wccftech | Surfaced by a single provider (would be missed without it)
    - FCC bans foreign-made advanced robotic devices and power inverters, under national security move | Surfaced by a single provider (would be missed without it)
    - Court Grants Cumulus Bankruptcy Extension | Surfaced by a single provider (would be missed without it)
    - EchoStar closes AT&amp;T spectrum deal, but wrinkles remain | Surfaced by a single provider (would be missed without it)
    - China threatens retaliation against U.S. humanoid robot ban, says it 'severely damages' relations | Surfaced by a single provider (would be missed without it)
    - Zimmer and Mid-West to Merge in Springfield, Missouri | Surfaced by a single provider (would be missed without it)
    - Can the new hires for ‘60 Minutes’ meet the challenge? | Surfaced by a single provider (would be missed without it)
    - The US government's robot ban also includes vacuums | Surfaced by a single provider (would be missed without it)
    - Trump’s Robot Vacuum Ban Sucks for Everyone | Surfaced by a single provider (would be missed without it)
    - The FCC and its current chairman, Brendan Carr, were blasted by former heads of the agency and other officials as pursui | Surfaced by a single provider (would be missed without it)
    - Variety

A group of former FCC officials are accusing Chairman Brendan Carr of trying to “censor Disney and ABC’s speech | Surfaced by a single provider (would be missed without it)
    - 𝗙𝗖𝗖 𝘃𝗼𝘁𝗲𝘀 𝗼𝗻 𝟭𝟲𝟬𝗠𝗛𝘇 𝗨𝗽𝗽𝗲𝗿 𝗖-𝗕𝗮𝗻𝗱 𝗮𝘂𝗰𝘁𝗶𝗼𝗻 𝗳𝗼𝗿 𝟱𝗚 𝗮𝗻𝗱 𝟲𝗚
The FCC will vote Wednesday to auction 160 megahertz of Upper C-B | Surfaced by a single provider (would be missed without it)
    - #FCC "“[a]chieving American space superiority is critical to our nation’s future,” the Order streamlines FCC’s satellite | Surfaced by a single provider (would be missed without it)
    - As FCC chair, Brendan Carr has used his power to pursue President Trump’s priorities—and target his foes. Is he a threat | Surfaced by a single provider (would be missed without it)
    - Now out for @washingtonian.com: I profile FCC Chairman Brendan Carr. washingtonian.com/2026/07/30/h... | Surfaced by a single provider (would be missed without it)
    - FCC Commissioner @agomezfcc.bsky.social has said she strongly opposes lifting ownership caps when it comes to TV.

Knowi | Surfaced by a single provider (would be missed without it)
    - Brendan Carr, FCC chair, climbs communications towers and uses that experience to frame his regulatory work, including i | Surfaced by a single provider (would be missed without it)
    - Bush 41.  Don’t know if you realize it, but yesterday both of Reagan’s two FCC chairman and Bush 41’s chairman filed a p | Surfaced by a single provider (would be missed without it)
    - FCC censorship czar Brendan Carr is threatening the broadcast licenses of eight local ABC stations because Trump doesn’t | Surfaced by a single provider (would be missed without it)
    - FCC Slammed by Former Agency Officials Over Review of ABC’s Licenses: ‘An Assault on Free Speech Disguised as Regulatory | Surfaced by a single provider (would be missed without it)
    - Several former top officials at the Federal Communications Commission called on FCC Chair Brendan Carr on Tuesday to aba | Surfaced by a single provider (would be missed without it)
    - And trump calls people who value checks and balances communist!  Give me a break!  Brendan Carr (FCC) is puttingABC new  | Surfaced by a single provider (would be missed without it)
    - Former FCC Chairs Urge Brendan Carr to End ABC Broadcast License Review: ‘An Assault on Free Speech Disguised as Regulat | Surfaced by a single provider (would be missed without it)
    - China's Robot Maker Unitree: Our current G1, H2, R1, GO2, B2 and A2 robot models already have FCC certification and can  | Surfaced by a single provider (would be missed without it)
    - China's Robot Maker UniTree: New FCC curbs could block US sales of future foreign-made robot models unless they win exem | Surfaced by a single provider (would be missed without it)
    - www.cbc.ca/news/science... U.S. FCC approves giant space mirror to deliver 'sunlight on demand,' but what are the legal  | Surfaced by a single provider (would be missed without it)
    - U.S. FCC approves giant space ...
www.cbc.ca/news/science... what gives the US the right to pollute the night sky? To mo | Surfaced by a single provider (would be missed without it)
    - Each space mirror would shine a beam of light five kilometres wide on its target on Earth. The U.S. FCC has given approv | Surfaced by a single provider (would be missed without it)
    - [CSPAN3] FCC Chair Testifies on 2025 Budget Request: statutory obligation? i'm glad you asked. i do know at present there is conversa... | Surfaced by a single provider (would be missed without it)
    - Shades of the FCC ban of DJI drones?
ICYMI, US manufacturer Skytel filed a complaint that DJI, with its 80% market share | Surfaced by a single provider (would be missed without it)
    - Case-Mate, Inc. submitted a new device:

Magnetic Wireless Power Bank
FCC ID: 2AAC4-KS056996 | Surfaced by a single provider (would be missed without it)
    - La FCC a approuvé le Steam Frame.
Jusque maintenant, tout ceux qui nous sortaient des dates éclatées se mettaient le doi | Surfaced by a single provider (would be missed without it)
    - The new #FCC #inverterban appears to be an incredible over-reach/power grab by the FCC to regulate goods (inverters) tha | Surfaced by a single provider (would be missed without it)
    - I'm also happy to build on my research about Rod Serling's battles with the FCC in support of "mature television" that u | Surfaced by a single provider (would be missed without it)
    - Režim letadlo nikdy nebyl jen o letadlech: spojuje pravidlo FCC z roku 1991 s pravidlem FAA o rušení signálu, které poch | Surfaced by a single provider (would be missed without it)
    - SHENZHEN HAISAITE TECHNOLOGY CO LTD submitted a new device:

Bluetooth Speaker
FCC ID: 2A9F6-S18 | Surfaced by a single provider (would be missed without it)
    - My FCC expert buddy thinks it’s a T Mobile merger. | Surfaced by a single provider (would be missed without it)
    - 1/3 ... the FCC is banning future robot lawnmowers, sidewalk delivery robots, and the robots that crate around packages  | Surfaced by a single provider (would be missed without it)
    - China: perluasan daftar terlarang FCC AS diskriminasi produk China - https://www.antaranews.com/berita/5673068/china-per | Surfaced by a single provider (would be missed without it)
    - The Federal Communications Commission banned imports of new foreign-made humanoid/quadruped robots and connected power i | Surfaced by a single provider (would be missed without it)
    - No Internet, No Screen Time? FCC Weighs Cutting Subsidy That Lowers School Internet Bills | Surfaced by a single provider (would be missed without it)

========================================================================
