========================================================================
FCC BULLETIN — EDITOR AUDIT   agency=fcc   2026-08-03T00:09:28
========================================================================

SECTION 1 — ARTICLES COLLECTED
  Total collected (post domain-exclusion): 331
  Unique after dedup: 281   Classified: 276   In briefing: 150
  Provider breakdown:
    Talkwalker       0
    NewsAPI.ai       0
    Event Registry   0
    RSS              113
    Government       0
    GDELT            0
    Other            218

SECTION 2 — ARTICLES REMOVED
  Total removed: 181
  [Duplicate] — 49
    - FCC Holds Lifeline Mobile and Broadband Standards Flat for Another Year - Broadband Breakfast  | provider=RSS | reason=Duplicate
    - FCC Probing Recent Flurry of Big Four Affiliation Swaps – ‘This is not the Wild West ... It's not Nam,’ Chairman Carr Says - Broadband Breakfast  | provider=RSS | reason=Duplicate
    - Carr Talk: FCC Taking ‘Investigatory Action’ Over TV Network Moves - Radio & Television Business Report  | provider=RSS | reason=Duplicate
    - FCC: Dish $2.4B trust fund only for outsiders that built its 5G network - Light Reading  | provider=RSS | reason=Duplicate
    - FCC reviewing recent affiliation swap announcement, Chairman Carr says  | provider=RSS | reason=Duplicate
    - Auction of Flexible-Use Licenses in the Upper C-Band for Next-Generation Wireless Services Scheduled for April 27, 2027; Comment Sought on Competitive Bidding P  | provider=RSS | reason=Duplicate
    - Information Collection Being Reviewed by the Federal Communications Commission  | provider=RSS | reason=Duplicate
    - Upper C-Band (3.98-4.2 GHz); Expanding Flexible Use of the 3.7 to 4.2 GHz Band  | provider=RSS | reason=Duplicate
    - Information Collection Being Submitted for Review and Approval to Office of Management and Budget  | provider=RSS | reason=Duplicate
    - FCC chairman defends actions against ABC, says broadcasters must operate ‘in the public interest’ - Orlando Sentinel  | provider=RSS | reason=Duplicate
    - FCC joins growing chorus of officials concerned about AI use in political ads - National News Desk  | provider=RSS | reason=Duplicate
    - FCC chairman defends actions against ABC, says broadcasters must operate ‘in the public interest’ - Washington Times  | provider=RSS | reason=Duplicate
    - The FCC spends hundreds of millions subsidizing internet for Alaska schools and libraries . Now it might cut the program .  | provider=Adn.Com | reason=Duplicate
    - FCC chairman defends actions against ABC , says broadcasters must operate  in the public interest  | provider=Wdio.Com | reason=Duplicate
    - FCC chairman defends actions against ABC , says broadcasters must operate  in the public interest  | provider=Isp.Netscape.Com | reason=Duplicate
    - FCC chairman Carr defends actions against ABC  | provider=Reporterherald.Com | reason=Duplicate
    - FCC chairman Carr defends actions against ABC  | provider=Baltimoresun.Com | reason=Duplicate
    - FCC chairman Carr defends actions against ABC  | provider=Dailycamera.Com | reason=Duplicate
    - FCC chairman defends actions against ABC , says broadcasters must operate  in the public interest  | provider=Yoursourceone.Com | reason=Duplicate
    - FCC chairman defends actions against ABC , says broadcasters must operate  in the public interest  | provider=Bozemandailychronicle.Com | reason=Duplicate
    - FCC chairman defends actions against ABC , says broadcasters must operate  in the public interest  | provider=Dailygazette.Com | reason=Duplicate
    - FCC chairman Carr defends actions against ABC  | provider=Eptrail.Com | reason=Duplicate
    - FCC chairman Carr defends actions against ABC  | provider=Mcall.Com | reason=Duplicate
    - FCC chairman Carr defends actions against ABC  | provider=Journal-Advocate.Com | reason=Duplicate
    - Watch : FCC Branden Carr Exposes Disney  The View  Repeatedly Urging Its Audience to  Vote Democrat in November  | provider=Breitbart.Com | reason=Duplicate
    - US targets Chinese robots with new national security ban  | provider=Floridastatesman.Com | reason=Duplicate
    - US targets Chinese robots with new national security ban  | provider=Neworleanssun.Com | reason=Duplicate
    - US targets Chinese robots with new national security ban  | provider=Saltlakecitysun.Com | reason=Duplicate
    - US targets Chinese robots with new national security ban  | provider=Hongkongherald.Com | reason=Duplicate
    - US targets Chinese robots with new national security ban  | provider=Theusnews.Com | reason=Duplicate
    - Robots automate behind - the - scenes pharmacy work , ease pharmacist burden  | provider=Shanghaisun.Com | reason=Duplicate
    - Un terremoto de magnitud 4 , 1 hace temblar Murcia  | provider=Levante-Emv.Com | reason=Duplicate
    - Un terremoto de magnitud 4 , 1 hace temblar Murcia  | provider=Laopinioncoruna.Es | reason=Duplicate
    - Un terremoto de magnitud 4 , 1 hace temblar Murcia  | provider=Elcorreogallego.Es | reason=Duplicate
    - [CSPAN] Federalist Society Previews Supreme Court Term Part 1: delegation something we should consider. the inspector general's office has aske...  | provider=Cspan | reason=Duplicate
    - [CSPAN] Federalist Society Previews Supreme Court Term Part 1: has asked for a search warrant in that case. there are a bunch of cases involvin...  | provider=Cspan | reason=Duplicate
    - [CSPAN] Federalist Society Previews Supreme Court Term: delegation something we should consider. the inspector general's office has aske...  | provider=Cspan | reason=Duplicate
    - [CSPAN2] FCC Commissioner  Others Testify on Biden Administration Policies: okay. today were joined by excellent witnesses and the honorable senior republic...  | provider=Cspan2 | reason=Duplicate
    - [CSPAN3] Discussion on Emerging AI Technologies: media attack new media and try to use regulation to deal with that. it is really...  | provider=Cspan3 | reason=Duplicate
    - [CSPAN3] Discussion on Emerging AI Technologies: to use regulation to deal with that. it is really because of newspapers lobbying...  | provider=Cspan3 | reason=Duplicate
    - [CSPAN] U.S. House of Representatives U.S. House of Representatives: sector. the fact act will require the federal communications commission to publi...  | provider=Cspan | reason=Duplicate
    - [CSPAN] U.S. House of Representatives U.S. House of Representatives: magnifies this target. this helps address these concerns. this would require the...  | provider=Cspan | reason=Duplicate
    - [CSPAN] U.S. House of Representatives U.S. House of Representatives: h.r. 820. a bill to direct the federal communications commission to publish a li...  | provider=Cspan | reason=Duplicate
    - [CSPAN] U.S. House of Representatives U.S. House of Representatives: recognized as the equipment and services used in their drones to the federal com...  | provider=Cspan | reason=Duplicate
    - [CSPAN3] Nixon Administration 1970s Womens Initiatives: summary was urging the appointment of a woman to the federal communications comm...  | provider=Cspan3 | reason=Duplicate
    - [CSPAN3] Nixon Administration 1970s Womens Initiatives: nixon. this is an item in his news summary was urging the appointment of a woman...  | provider=Cspan3 | reason=Duplicate
    - [CSPAN] NTSB Chair and Others Discuss New Vehicle Technology and Safety Standards: yet, there is more work to be done. the federal communications commission wil  | provider=Cspan | reason=Duplicate
    - apnews.com/article/fcc-... chairman defends actions against ABC, says broadcasters must operate 'in the public interest'  | provider=BlueSky | reason=Duplicate
    - apnews.com/article/fcc-...  | provider=BlueSky | reason=Duplicate
  [Corporate Noise] — 5
    - Aaron Carreno Exits Civic Media  | provider=RSS | reason=Corporate Noise
    - Beasley Augusta OM Tee Gentry Retires  | provider=RSS | reason=Corporate Noise
    - WorldCast Systems Introduces Ecreso SwitchOver  | provider=RSS | reason=Corporate Noise
    - Delta Media Promotes Two In Lafayette & Lake Charles  | provider=RSS | reason=Corporate Noise
    - WSEO Joins Southeast Ohio's Wolf  | provider=RSS | reason=Corporate Noise
  [Low Confidence] — 126
    - Ce se întâmplă cu facturile la energie din cauza secetei . Bușoi : „ Prețul este clar , dar cu toții le vom plăti  | provider=Capital.Ro | reason=Low Confidence
    - Biden v. Nebraska, Bost v. Illinois Board of Elections, Brown v. Department of Education, Calcutt v. FDIC, Corner Post v  | provider=BlueSky | reason=Low Confidence
    - The headline’s broad strokes are accurate, but it compresses two separate Kimmel incidents into one and presents ABC’s a  | provider=BlueSky | reason=Low Confidence
    - clicksp.doseofdemocracy.com/f/a/9PRfLinC...  | provider=BlueSky | reason=Low Confidence
    - Source: www.usatoday.com/story/tech/2...  | provider=BlueSky | reason=Low Confidence
    - www.propublica.org/article/para...  | provider=BlueSky | reason=Low Confidence
    - سندھ میں شدید بارش ، 8 افراد جاں بحق ، ریسکیو اداروں کو ہائی الرٹ کردیا ، وزیراعلیٰ  | provider=Jang.Com.Pk | reason=Low Confidence
    - Sistema frontal : suben a 1 . 142 los damnificados , 6 . 243 aislados y más de 4 . 700 viviendas con daños entre las regiones del Maule y Los Lagos  | provider=Latercera.Com | reason=Low Confidence
    - Northern Thailand On High Alert : Flash Floods Hit Chiang Rai , Chiang Mai , And Phayao  | provider=Chiangraitimes.Com | reason=Low Confidence
    - Chile enfrenta su segundo temporal en semanas con 2 fallecidos , 180 . 000 personas sin luz y alerta roja en varias regiones  | provider=Larepublica.Pe | reason=Low Confidence
    - AP News Summary at 8 : 42 p . m . EDT  | provider=Hngnews.Com | reason=Low Confidence
    - AP News in Brief at 9 : 04 p . m . EDT  | provider=Hngnews.Com | reason=Low Confidence
    - Alerta en Autopista Sur por incendio forestal cerca a peaje de Chusacá  | provider=Elnuevosiglo.Com.Co | reason=Low Confidence
    - Hawaii monthly test of its emergency warning system scheduled : Big Island Now  | provider=Bigislandnow.Com | reason=Low Confidence
    - CNE declara Alerta Amarilla en Caribe Norte y Turrialba por llegada de Onda Tropical  | provider=Teletica.Com | reason=Low Confidence
    - Corea del Sur registró la temperatura más alta de su historia en medio de una ola de calor  | provider=Ellitoral.Com | reason=Low Confidence
    - 别急着一棒子打死房主任｜斐要评  | provider=Baijiahao.Baidu.Com | reason=Low Confidence
    - U . S . drone scare exposes South Korea command gaps  | provider=Upi.Com | reason=Low Confidence
    - Colocan a nueve provincias de RD en alerta verde por lluvias  | provider=Elviajero.Com.Do | reason=Low Confidence
    - AP News in Brief at 6 : 04 p . m . EDT  | provider=Thegazette.Com | reason=Low Confidence
    - Josu Perón : ¿ Qué es una catástrofe ?  | provider=Elcorreo.Com | reason=Low Confidence
    - 23h . Cerca de 28 mil bombeiros combatem as chamas nos EUA – Observador  | provider=Observador.Pt | reason=Low Confidence
    - Línea 1 del Metro de Lima paraliza temporalmente el servicio en dos paraderos troncales tras registrarse una incursión en la zona de rieles -  | provider=Peruinforma.Com | reason=Low Confidence
    - Washington State Wildfires Trigger Mass Evacuations , Emergency Declaration  | provider=Theepochtimes.Com | reason=Low Confidence
    - Rescatan a pescadores de jaiba tras perderse en zona montañosa  | provider=Diariolibre.Com | reason=Low Confidence
    - Elly Schlein warns as Italy Extreme Heatwave Red Alert hits 23 cities  | provider=El-Balad.Com | reason=Low Confidence
    - Tornado Warning Stops Gen Con Mid - Session as Indianapolis Ceiling Floods  | provider=Techtimes.Com | reason=Low Confidence
    - 铜梁 ： 从严从实筑牢防汛安全防线  | provider=Cqnews.Net | reason=Low Confidence
    - Temporal en Chile : al menos dos muertos y más de 300 afectados por las fuertes lluvias  | provider=Elchubut.Com.Ar | reason=Low Confidence
    - Red Hat warns government on foreign tech dependence and risk | Bay Post - Moruya Examiner  | provider=Batemansbaypost.Com.Au | reason=Low Confidence
    - Explainer : The Auckland CRL will soon be open . How will it be kept safe ?  | provider=Rnz.Co.Nz | reason=Low Confidence
    - В Румунії вдруге за день оголосили повітряну тривогу через ціль на кордоні з Україною  | provider=Eurointegration.Com.Ua | reason=Low Confidence
    - Opinion | ABC is done playing defense against the FCC  | provider=Editorandpublisher.Com | reason=Low Confidence
    - AP News Summary at 4 : 20 p . m . EDT  | provider=Hngnews.Com | reason=Low Confidence
    - North and South Fremont Fire Departments helping at Big Rock Fire  | provider=Rexburgstandardjournal.Com | reason=Low Confidence
    - Desborde del río Rehue obliga a evacuar sectores de Angol : casas y vehículos quedaron bajo el agua  | provider=Adnradio.Cl | reason=Low Confidence
    - Ordenan evacuar sector Las Rocas 2 en Angol por desborde del Río Vergara  | provider=Vlnradio.Cl | reason=Low Confidence
    - Senapred solicita evacuar sectores de Concepción por desborde del Río Andalién  | provider=Vlnradio.Cl | reason=Low Confidence
    - Endangered species at risk as bird flu spreads  | provider=Perthnow.Com.Au | reason=Low Confidence
    - 4 Things To Know If You Want A Ford Mustang As A Family Car  | provider=Jalopnik.Com | reason=Low Confidence
    - 2026國際少年運動會花蓮登場 花蓮警局攜手中央五大專業單位 建構最高規格維安體系  | provider=N.Yam.Com | reason=Low Confidence
    - RedeTV ! Em rede com você  | provider=Redetv.Uol.Com.Br | reason=Low Confidence
    - У Румунії вдруге за день чути повітряну тривогу через ціль біля кордону з Україною  | provider=Bagnet.Org | reason=Low Confidence
    - August 2 , 2026 UPDATE - Radio Romania International  | provider=Rri.Ro | reason=Low Confidence
    - Balance de Senapred por sistema frontal : 2 fallecidos y desbordes de ríos  | provider=Biobiochile.Cl | reason=Low Confidence
    - Повітряна тривога була оголошена в Румунії через ціль з Одещини 2 серпня  | provider=Rbc.Ua | reason=Low Confidence
    - Agricultores del Huasco advierten pérdida de la producción de la temporada y solicitan apoyo urgente del Gobierno – Diario Chañarcillo  | provider=Chanarcillo.Cl | reason=Low Confidence
    - 親身經歷揭露PulseShift的實際情況 - 警示錄  | provider=Blog.Udn.Com | reason=Low Confidence
    - New York City prepares for heavy rain as flood threat looms Monday  | provider=Yahoo.Com | reason=Low Confidence
    - 特別提醒 我在HantecTrader遇到的情況 - 標本紀錄  | provider=Blog.Udn.Com | reason=Low Confidence
    - Feature : Robots automate behind - the - scenes pharmacy work , ease pharmacist burden  | provider=Laosnews.Net | reason=Low Confidence
    - Dronă în spațiul aerian al României . Resturi au căzut lângă Periprava  | provider=Cotidianul.Ro | reason=Low Confidence
    - Resturi de dronă au căzut în zona localității Periprava din județul Tulcea ! Oficial de la MApN  | provider=Ziuaconstanta.Ro | reason=Low Confidence
    - Sistema frontal deja dos fallecidos y más de 2 . 000 personas aisladas en distintas regiones del país  | provider=Eldinamo.Cl | reason=Low Confidence
    - A doua avertizare RO - Alert în judeţul Tulcea , în 24 de ore  | provider=Romania-Actualitati.Ro | reason=Low Confidence
    - #censorship #freespeech #freeexpression  | provider=BlueSky | reason=Low Confidence
    - share.google/JvINK4mwZANF...  | provider=BlueSky | reason=Low Confidence
    - www.usatoday.com/story/tech/2...  | provider=BlueSky | reason=Low Confidence
    - UPDATE TULCEA : Dronă intrată în spațiul aerian românesc la Sulina și doborâtă de forțele ucrainene pe teritoriul țării vecine  | provider=Radioconstanta.Ro | reason=Low Confidence
    - Robots automate behind - the - scenes pharmacy work , ease pharmacist burden  | provider=Chinanationalnews.Com | reason=Low Confidence
    - À ce rythme 3 000 ou 4 000 oiseaux vont trouver la mort , sur l  étang de Capestang , le botulisme provoque une hécatombe aviaire  | provider=Midilibre.Fr | reason=Low Confidence
    - Rumunski radarski sitem za nadzor detektovao  leteći objekat  u blizini granice sa Ukrajinom  | provider=Informer.Rs | reason=Low Confidence
    - O dronă a zburat 20 de minute deasupra României . MApN : A survolat brațul Sulina , apoi a părăsit țara . A fost doborâtă de ucraineni  | provider=Antena3.Ro | reason=Low Confidence
    - Un nou mesaj RO - Alert în județul Tulcea . MApN : Drona , doborâtă în Ucraina , după ce a survolat spațiul aerian al României . Resturi din dronă , căzute în P  | provider=Mediafax.Ro | reason=Low Confidence
    - У Румунії двічі оголошували повітряну тривогу через ціль з України  | provider=5.Ua | reason=Low Confidence
    - Un terremoto de magnitud 4 , 1 hace temblar Murcia  | provider=Elperiodicomediterraneo.Com | reason=Low Confidence
    - Un nou mesaj RO - Alert în Tulcea . Două F - 16 ridicate după detectarea unei ţinte aeriene  | provider=Zf.Ro | reason=Low Confidence
    - 서울 전역 폭염경보 … 열흘째 열대야에 취약계층 특별관리 [ 종합 ]  | provider=Etoday.Co.Kr | reason=Low Confidence
    - What insurance companies really look for in your building fire safety - London Business News  | provider=Londonlovesbusiness.Com | reason=Low Confidence
    - Alertas SAE por sistema frontal : revisa todas las evacuaciones y recomendaciones de Senapred de este domingo  | provider=Latercera.Com | reason=Low Confidence
    - Al doilea mesaj RO - Alert în aceeași zi , în Tulcea . Două aeronave F - 16 au fost ridicate de la sol  | provider=Ziare.Com | reason=Low Confidence
    - Sistema frontal en el Maule : declaran alerta roja regional por aumento de caudales y desborde de ríos en seis comunas  | provider=Latercera.Com | reason=Low Confidence
    - Information 生活資訊 - Technology 科技篇 - ChingTien 青田社區  | provider=City.Udn.Com | reason=Low Confidence
    - Locuitorii din județul Tulcea au primit al doilea mesaj RO - Alert într - o zi . Precizările Ministerului Apărării  | provider=Digi24.Ro | reason=Low Confidence
    - 强能力 、 严监管 、 筑底线 2026年全市非煤矿山安全监管业务培训班暨安全生产工作会圆满收官 - 九江新闻网  | provider=Jjxw.Cn | reason=Low Confidence
    - У повіті Тулча в Румунії оголосили тривогу через повітряну ціль новини LB . ua  | provider=Lb.Ua | reason=Low Confidence
    - MApN : Țintă aeriană detectată în proximitatea frontierei fluviale cu Ucraina  | provider=Agerpres.Ro | reason=Low Confidence
    - Воздушная тревога в Румынии : система RO - Ale сработала в уезде Тулча , что известно  | provider=Ura.News | reason=Low Confidence
    - Румыния в воскресенье обнаружила воздушную цель на границе с Украиной  | provider=Vesti.Ru | reason=Low Confidence
    - إرسال رسائل تحذيرية إلى هواتف المواطنين  | provider=Assabeel.Net | reason=Low Confidence
    - US targets Chinese robots with new national security ban  | provider=Hawaiitelegraph.Com | reason=Low Confidence
    - This is why our First Amendment Rights are worth fighting and if need be dying for ...
Source: AP News
 share.google/D6J  | provider=BlueSky | reason=Low Confidence
    - Our First Amendment Rights are worth fighting and dying for ... Source: AP News
 share.google/D6J7jfh9VYiR...  | provider=BlueSky | reason=Low Confidence
    - What does that look like ?? Lies ?? That’s why we are here on Bluesky 🦋 everyone. 
TV IS DEAD AND WAS BEFORE TRUMP. Amer  | provider=BlueSky | reason=Low Confidence
    - If they want broadcasters to act in the public interests why haven't they shut down Fox News?  Ah that's right because F  | provider=BlueSky | reason=Low Confidence
    - Trump Effect : FCC Targets China with Ban on Imports of Foreign - Made Humanoid Robots  | provider=Breitbart.Com | reason=Low Confidence
    - FCC Carr defends actions against ABC , citing  public interest  | provider=Wdbo.Com | reason=Low Confidence
    - Brendan Carr Drops Proof That The View Is Not a  Bona Fide News Program  | provider=Townhall.Com | reason=Low Confidence
    - China Humanoid Patents Surge Fivefold in Key AI Category as FCC Bans New Imports  | provider=Techtimes.Com | reason=Low Confidence
    - U . S . and world news for July 31  | provider=Westfaironline.Com | reason=Low Confidence
    - Transcript : Trump Blurted Out Vile Plot to Censor ABC and It Backfired  | provider=Newrepublic.Com | reason=Low Confidence
    - Overnight News Digest July 30th 2026  | provider=Dailykos.Com | reason=Low Confidence
    - [FOX Business] Kudlow: well know. i mean, do you know this story, perhaps, but the federal communicatio...  | provider=Fox Business | reason=Low Confidence
    - [CSPAN3] Nixon Administration 1970s Womens Initiatives: nixon. this is an item in his news summary was urging the appointment of a woman...  | provider=Cspan3 | reason=Low Confidence
    - [CSPAN3] Stacy Schiff The Revolutionary - Samuel Adams: summary, a group called american in television and radio urged nixon. this is an...  | provider=Cspan3 | reason=Low Confidence
    - [CSPAN3] Nixon Administration 1970s Womens Initiatives: summary was urging the appointment of a woman to the federal communications comm...  | provider=Cspan3 | reason=Low Confidence
    - [CSPAN3] Nixon Administration 1970s Womens Initiatives: is just a summary -- was urging the appointment of a woman to the federal commun...  | provider=Cspan3 | reason=Low Confidence
    - [FOX Business] Mornings With Maria Bartiromo: less lag, better gaming! i'm gonna need to charge you for three people. . maria:...  | provider=Fox Business | reason=Low Confidence
    - [CSPAN] Federalist Society Previews Supreme Court Term Part 1: has asked for a search warrant in that case. there are a bunch of cases involvin...  | provider=Cspan | reason=Low Confidence
    - [CSPAN2] Book TV: not allowed to own stocks that are regulated by the federal communications commi...  | provider=Cspan2 | reason=Low Confidence
    - [CSPAN2] Author Discussion on Journalism: not allowed to own stocks that are regulated by the federal communications commi...  | provider=Cspan2 | reason=Low Confidence
    - [CSPAN2] Book TV: stacks, trading forms. and we thought, you know how the heck we're going to go t...  | provider=Cspan2 | reason=Low Confidence
    - [CSPAN2] Author Discussion on Journalism: stacks, trading forms. and we thought, you know how the heck we're going to go t...  | provider=Cspan2 | reason=Low Confidence
    - [CSPAN2] Author Discussion on Journalism: that. and the idea was my my dad worked for the federal communications commissio...  | provider=Cspan2 | reason=Low Confidence
    - [MSNBC] Velshi: distort of tony him from a nuclear reactor? you know, you want a scientist doing...  | provider=Msnbc | reason=Low Confidence
    - [CSPAN] Federalist Society Previews Supreme Court Term: delegation something we should consider. the inspector general's office has aske...  | provider=Cspan | reason=Low Confidence
    - [FOX News] Special Report With Bret Baier: services. the debt exchange deal includes payment of $1 and the assumption of ar...  | provider=Fox News | reason=Low Confidence
    - [MSNBC] Katy Tur Reports: recover. in addition to fema, that includes the federal communications commissio...  | provider=Msnbc | reason=Low Confidence
    - [CNN] Inside Politics With Dana Bash: available resources fast as possible. well to your communities. the rescue, reco...  | provider=Cnn | reason=Low Confidence
    - [MSNBC] Jose Diaz-Balart Reports: he said that fema administrator is still on the ground there. he also talked abo...  | provider=Msnbc | reason=Low Confidence
    - [FOX News] The Faulkner Focus: rebuilding. in addition to fema including the federal communications commission ...  | provider=Fox News | reason=Low Confidence
    - [CNN] CNN Newsroom With Pamela Brown: every every available resources fast as possible to your communities. the rescue...  | provider=Cnn | reason=Low Confidence
    - [MSNBC] Jose Diaz-Balart Reports: every available resource as fast as possible to your communities, to rescue, rec...  | provider=Msnbc | reason=Low Confidence
    - [CSPAN2] Hearing on Oversight of FBIs Security Clearances for Whistleblowers: s. 275, a bill to require the federal communications commission to establish a v..  | provider=Cspan2 | reason=Low Confidence
    - [CSPAN2] U.S. Senate U.S. Senate: it's been more than 1500 days since the last federal communications commission h...  | provider=Cspan2 | reason=Low Confidence
    - [CSPAN] U.S. House of Representatives U.S. House of Representatives: federal communications commission to establish a task force to be known as a 6-g...  | provider=Cspan | reason=Low Confidence
    - [CSPAN3] Discussion on Emerging AI Technologies: media attack new media and try to use regulation to deal with that. it is really...  | provider=Cspan3 | reason=Low Confidence
    - [CSPAN3] Discussion on Emerging AI Technologies: to use regulation to deal with that. it is really because of newspapers lobbying...  | provider=Cspan3 | reason=Low Confidence
    - [CSPAN2] U.S. Senate U.S. Senate: the presiding officer: the clerk will read the title of the bill for the second ...  | provider=Cspan2 | reason=Low Confidence
    - [CSPAN2] U.S. Senate U.S. Senate: -- an act to direct the federal communications commission to publish a list of e...  | provider=Cspan2 | reason=Low Confidence
    - [CSPAN2] The Civil War Tom Wheeler Mr. Lincolns T-Mails: read out the list of his accomplishments. a few highlights include his service a...  | provider=Cspan2 | reason=Low Confidence
    - [CSPAN2] The Civil War Tom Wheeler Mr. Lincolns T-Mails: businessman, an author and a public figure. i'm not even going to try and read o...  | provider=Cspan2 | reason=Low Confidence
    - [CSPAN2] Nixon Administration 1970s Womens Initiatives: federal communications commission. nixon, scrawled in the margin, why not? so, y...  | provider=Cspan2 | reason=Low Confidence
    - [CSPAN2] American History TV: nixon. this is an item in his news summary was urging the appointment of a woman...  | provider=Cspan2 | reason=Low Confidence
    - [CSPAN] NTSB Chair and Others Discuss New Vehicle Technology and Safety Standards: technology, in vehicles on roadways. i will say, as i mentioned in my remarks  | provider=Cspan | reason=Low Confidence
    - [CSPAN3] Public Affairs Events: conversation on the senate spectrum auction. that would help support the removal...  | provider=Cspan3 | reason=Low Confidence
  [Non-FCC (blocked domain)] — 1
    - Made in the U . S . stories at Techdirt .  | provider=Techdirt.Com | reason=Non-FCC (blocked domain)

SECTION 3 — HIGH PRIORITY ARTICLES
    [INCLUDED] term=Satellite | PROMTEL, Viasat Partner to Expand Broadband Access Across Mexico | reason=kept in briefing (priority-protected)
    [INCLUDED] term=AT&T | Thursday (telco diary) | Vodafone resets, AT&T reloads | reason=kept in briefing (priority-protected)
    [INCLUDED] term=AT&T | California Asks Court to Toss AT&T’s Copper Retirement Suit | reason=kept in briefing (priority-protected)
    [INCLUDED] term=iHeart | Good Morning Orlando Comes To An End At 540 WFLF | reason=kept in briefing (priority-protected)
    [INCLUDED] term=Cybersecurity | Rogue AI hacking incidents amplify debate over open-source tech | reason=kept in briefing (priority-protected)
    [INCLUDED] term=Cybersecurity | Cybersecurity expert: 'Moderate confidence' Iran attacked Minnesota water facilities | reason=kept in briefing (priority-protected)
    [INCLUDED] term=Wireless | [Federal Register] Upper C-Band (3.98-4.2 GHz); Expanding Flexible Use of the 3.7 to 4.2 GHz Band | reason=kept in briefing (priority-protected)
    [INCLUDED] term=Wireless | [Federal Register] Auction of Flexible-Use Licenses in the Upper C-Band for Next-Generation Wireless Services Scheduled for April 27, 2027; Comment Sought on Co | reason=kept in briefing (priority-protected)
    [INCLUDED] term=Spectrum | FCC: Dish $2.4B trust fund only for outsiders that built its 5G network | reason=kept in briefing (priority-protected)
    [INCLUDED] term=Spectrum | ASTS Stock Slides After FCC Decision Signals Spectrum Turf War — Analyst Says SpaceX, Rivals Told To 'Stay In Their Lane' - Stocktwits | reason=kept in briefing (priority-protected)
    [INCLUDED] term=Space | U.S. FCC approves giant space mirror to deliver 'sunlight on demand' | reason=kept in briefing (priority-protected)
    [INCLUDED] term=ABC | FCC chairman defends actions against ABC, says broadcasters must operate 'in the public interest' - AP News | reason=kept in briefing (priority-protected)
    [INCLUDED] term=ABC | ‘A putz’: Michael Steele slams Trump FCC commissioner’s latest ABC attack - MS NOW | reason=kept in briefing (priority-protected)
    [INCLUDED] term=ABC | FCC Commissioner Anna M. Gomez On Public Response to FCC Campaign of Censorship and Control Against Local ABC Stations and Disney, Says, “The Public Refuses To  | reason=kept in briefing (priority-protected)
    [INCLUDED] term=ABC | FCC’s Gomez Comments on ABC-Disney Case After Public Comment Period Closes | reason=kept in briefing (priority-protected)
    [INCLUDED] term=ABC | ABC is done playing defense against the FCC | reason=kept in briefing (priority-protected)
    [INCLUDED] term=Wireless | Wireless Emergency Alerts; The Emergency Alert System; Modernization of the Nation's Alerting Systems | reason=kept in briefing (priority-protected)
    [INCLUDED] term=ABC | Opinion | ABC is done playing defense against the FCC - Editor and Publisher | reason=kept in briefing (priority-protected)
    [INCLUDED] term=AT&T | AT&T CEO Says He Can't Deploy Robocall Blockers Without FCC Approval. He's Wrong (2016) | reason=kept in briefing (priority-protected)
    [INCLUDED] term=ABC | ABC accuses FCC of trying to censor its stations - Washington Times | reason=kept in briefing (priority-protected)
    [INCLUDED] term=ABC | ABC argues that early license review by FCC is ‘retaliation’ for network’s coverage - The Guardian | reason=kept in briefing (priority-protected)
    [INCLUDED] term=ABC | Opinion | ABC is done playing defense against the FCC - Poynter | reason=kept in briefing (priority-protected)
    [INCLUDED] term=Robocall | TENNESSEE AG JOINS 50-STATE COALITION URGING FCC TO HARDEN ROBOCALL DEFENSES - 3B Media News | reason=kept in briefing (priority-protected)
    [INCLUDED] term=ABC | Media FCC ABC Licences - Washington Times | reason=kept in briefing (priority-protected)
    [INCLUDED] term=Robocall | CDT and Allies Urge FCC Not to Violate Privacy of Cell Phone Buyers | reason=kept in briefing (priority-protected)
    [INCLUDED] term=Cybersecurity | Modernization of the Nation's Alerting Systems; Protecting the Nation's Communications Systems From Cybersecurity Threats | reason=kept in briefing (priority-protected)
    [INCLUDED] term=Public Safety | Seeking Comment on Prohibiting the Importation and Marketing of Certain Foreign-Produced Military-Grade Uncrewed Aircraft Systems (UAS) and UAS Critical Compone | reason=kept in briefing (priority-protected)
    [INCLUDED] term=ABC | The USA today.

“ABC accused the FCC of retaliation and attempted censorship over a joke Jimmy Kimmel told. They said th | reason=kept in briefing (priority-protected)
    [INCLUDED] term=ABC | 🚨 FCC's Brendan Carr is calling 4 ABC's licenses 2 b revoked w/ concerns over media ownership.
He's pushing 4 more tran | reason=kept in briefing (priority-protected)
    [INCLUDED] term=ABC | FCC Confirms Free Speech Requires Government Approval

FCC Chairman Brendan Carr defended his pressure campaign against | reason=kept in briefing (priority-protected)
    [INCLUDED] term=The View | FCC Chair Brendan Carr Exposes ‘The View’ by Posting Video Montage of the Hosts Basically Campaigning for the Democrats | reason=kept in briefing (priority-protected)
    [INCLUDED] term=Spectrum | [CSPAN3] FCC Chair Testifies on 2025 Budget Request: statutory obligation? i'm glad you asked. i do know at present there is conversa... | reason=kept in briefing (priority-protected)
    [INCLUDED] term=The View | Busted: 'The View' Hosts (Slightly) Fewer Liberal Guests to Prove to FCC It's a News Show | reason=kept in briefing (priority-protected)
    [INCLUDED] term=ABC | 🔥🔥🔥 EXPLOSIVE

🎯 Trump
🌡️ 100°

📰 Disney and ABC Ask FCC to Reject Petitions to Deny TV License Renewals, Say Agency Is | reason=kept in briefing (priority-protected)
    [INCLUDED] term=ABC | Movie TV Tech Geeks #TVFeatures #JimmyKimmel #JimmyKimmelLive #ABC Jimmy Kimmel’s FCC Fight Could Officially Mark the En | reason=kept in briefing (priority-protected)
    [INCLUDED] term=ABC | Read "ABC is done playing defense against the FCC" on SmartNews: l.smartnews.com/p-8dbMrIdi/M...

It took you long enoug | reason=kept in briefing (priority-protected)
    [INCLUDED] term=ABC | apnews.com/article/fcc-... chairman defends actions against ABC, says broadcasters must operate 'in the public interest' | reason=kept in briefing (priority-protected)
    [INCLUDED] term=ABC | ABC local stations battle the FCC as regulators launch rare early license reviews for eight network channels. Citing pub | reason=kept in briefing (priority-protected)
    [INCLUDED] term=ABC | Bs, then why is Fox News still on the air. Carrs interests are partisan and an assault on the first amendment.

FCC's Ca | reason=kept in briefing (priority-protected)
    [INCLUDED] term=ABC | FCC's Carr defends actions against ABC, citing 'public interest' | AP News apnews.com/article/fcc-... | reason=kept in briefing (priority-protected)
    [INCLUDED] term=Spectrum | "Shares of phone and cable companies have been under pressure in recent months over fears that SpaceX will scoop up more | reason=kept in briefing (priority-protected)
    [INCLUDED] term=ABC | FCC chairman defends actions against ABC , says broadcasters must operate  in the public interest | reason=kept in briefing (priority-protected)
    [INCLUDED] term=ABC | FCC chairman Carr defends actions against ABC | reason=kept in briefing (priority-protected)
    [INCLUDED] term=ABC | FCC Chair Carr Defends License Review As ABC Cries Censorship | reason=kept in briefing (priority-protected)
    [INCLUDED] term=The View | Watch : FCC Branden Carr Exposes Disney  The View  Repeatedly Urging Its Audience to  Vote Democrat in November | reason=kept in briefing (priority-protected)
    [INCLUDED] term=Space | Despite hundreds of public comments opposing a giant space mirror that would shine a beam of light roughly five kilometr | reason=kept in briefing (priority-protected)
    [INCLUDED] term=Space | Despite hundreds of public comments (new window) opposing a giant space mirror that would shine a beam of light roughly | reason=kept in briefing (priority-protected)
    [REJECTED] term=Wireless | Auction of Flexible-Use Licenses in the Upper C-Band for Next-Generation Wireless Services Scheduled for April 27, 2027; Comment Sought on Competitive Bidding P | reason=Duplicate
    [REJECTED] term=Wireless | Upper C-Band (3.98-4.2 GHz); Expanding Flexible Use of the 3.7 to 4.2 GHz Band | reason=Duplicate
    [REJECTED] term=ABC | FCC chairman defends actions against ABC, says broadcasters must operate ‘in the public interest’ - Orlando Sentinel | reason=Duplicate
    [REJECTED] term=ABC | FCC chairman defends actions against ABC, says broadcasters must operate ‘in the public interest’ - Washington Times | reason=Duplicate
    [REJECTED] term=ABC | FCC chairman defends actions against ABC , says broadcasters must operate  in the public interest | reason=Duplicate
    [REJECTED] term=ABC | FCC chairman defends actions against ABC , says broadcasters must operate  in the public interest | reason=Duplicate
    [REJECTED] term=ABC | FCC chairman Carr defends actions against ABC | reason=Duplicate
    [REJECTED] term=ABC | FCC chairman Carr defends actions against ABC | reason=Duplicate
    [REJECTED] term=ABC | FCC chairman Carr defends actions against ABC | reason=Duplicate
    [REJECTED] term=ABC | FCC chairman defends actions against ABC , says broadcasters must operate  in the public interest | reason=Duplicate
    [REJECTED] term=ABC | FCC chairman defends actions against ABC , says broadcasters must operate  in the public interest | reason=Duplicate
    [REJECTED] term=ABC | FCC chairman defends actions against ABC , says broadcasters must operate  in the public interest | reason=Duplicate
    [REJECTED] term=ABC | FCC chairman Carr defends actions against ABC | reason=Duplicate
    [REJECTED] term=ABC | FCC chairman Carr defends actions against ABC | reason=Duplicate
    [REJECTED] term=ABC | FCC chairman Carr defends actions against ABC | reason=Duplicate
    [REJECTED] term=The View | Watch : FCC Branden Carr Exposes Disney  The View  Repeatedly Urging Its Audience to  Vote Democrat in November | reason=Duplicate
    [REJECTED] term=Wireless | [CSPAN] U.S. House of Representatives U.S. House of Representatives: magnifies this target. this helps address these concerns. this would require the... | reason=Duplicate
    [REJECTED] term=Foreign Ownership | [CSPAN] U.S. House of Representatives U.S. House of Representatives: h.r. 820. a bill to direct the federal communications commission to publish a li... | reason=Duplicate
    [REJECTED] term=ABC | apnews.com/article/fcc-... chairman defends actions against ABC, says broadcasters must operate 'in the public interest' | reason=Duplicate
    [REJECTED] term=ABC | The headline’s broad strokes are accurate, but it compresses two separate Kimmel incidents into one and presents ABC’s a | reason=Low Confidence
    [REJECTED] term=ABC | Opinion | ABC is done playing defense against the FCC | reason=Low Confidence
    [REJECTED] term=ABC | FCC Carr defends actions against ABC , citing  public interest | reason=Low Confidence
    [REJECTED] term=The View | Brendan Carr Drops Proof That The View Is Not a  Bona Fide News Program | reason=Low Confidence
    [REJECTED] term=ABC | Transcript : Trump Blurted Out Vile Plot to Censor ABC and It Backfired | reason=Low Confidence
    [REJECTED] term=AT&T | [CSPAN2] Book TV: not allowed to own stocks that are regulated by the federal communications commi... | reason=Low Confidence
    [REJECTED] term=AT&T | [CSPAN2] Author Discussion on Journalism: not allowed to own stocks that are regulated by the federal communications commi... | reason=Low Confidence
    [REJECTED] term=AT&T | [CSPAN2] Author Discussion on Journalism: that. and the idea was my my dad worked for the federal communications commissio... | reason=Low Confidence
    [REJECTED] term=Foreign Ownership | [CSPAN2] U.S. Senate U.S. Senate: -- an act to direct the federal communications commission to publish a list of e... | reason=Low Confidence
    [REJECTED] term=Spectrum | [CSPAN3] Public Affairs Events: conversation on the senate spectrum auction. that would help support the removal... | reason=Low Confidence

SECTION 4 — COVERAGE GAP
  Coverage gaps flagged: 150
    - Carr Talk: FCC Taking ‘Investigatory Action’ Over TV Network Moves | provider=RSS | why=Surfaced by a single provider (would be missed without it)
    - FCC Establishes Filing and Auction Dates to Bid on FM CPs | provider=RSS | why=Surfaced by a single provider (would be missed without it)
    - FCC Releases Details For Upcoming FM CP Auction | provider=RSS | why=Surfaced by a single provider (would be missed without it)
    - Sixth Circuit to Rehear Case on FCC Data Breach Rules Case | provider=RSS | why=Surfaced by a single provider (would be missed without it)
    - FCC Holds Lifeline Mobile and Broadband Standards Flat for Another Year | provider=RSS | why=Surfaced by a single provider (would be missed without it)
    - Lawmakers Want FCC, NTIA to Protect Wi-Fi at WRC | provider=RSS | why=Surfaced by a single provider (would be missed without it)
    - FCC Probing Recent Flurry of Big Four Affiliation Swaps – ‘This is not the Wild West ... It's not Nam,’ Chairman Carr Says | provider=RSS | why=Surfaced by a single provider (would be missed without it)
    - FCC Clarifies EchoStar/DISH Trust Fund is Only for 5G Network Buildout Suppliers | provider=RSS | why=Surfaced by a single provider (would be missed without it)
    - FCC Report 8/3: Date & Rules Set For FM Auction 114 | provider=RSS | why=Surfaced by a single provider (would be missed without it)
    - PROMTEL, Viasat Partner to Expand Broadband Access Across Mexico | provider=RSS | why=Surfaced by a single provider (would be missed without it)
    - Energy Department to Turn Kentucky Uranium Plant into Data Center and Gas Complex | provider=RSS | why=Surfaced by a single provider (would be missed without it)
    - Anthropic Says Its AI Modeals Hacked 3 Organizations During Testing | provider=RSS | why=Surfaced by a single provider (would be missed without it)
    - Thursday (telco diary) | Vodafone resets, AT&T reloads | provider=RSS | why=Surfaced by a single provider (would be missed without it)
    - California Asks Court to Toss AT&T’s Copper Retirement Suit | provider=RSS | why=Surfaced by a single provider (would be missed without it)
    - BEAD Participants Could Face Tough Finances: Moffett | provider=RSS | why=Surfaced by a single provider (would be missed without it)
    - EU to Crack Down on AI Deepfakes, Illicit Imagery and Hacking with New Team in Brussels | provider=RSS | why=Surfaced by a single provider (would be missed without it)
    - NTIA Clears Remaining 4.4 GigaHertz Study Plans | provider=RSS | why=Surfaced by a single provider (would be missed without it)
    - Jonathan Williams: Super-Sizing Benefits of the Big Beautiful Bill | provider=RSS | why=Surfaced by a single provider (would be missed without it)
    - Letters: Tower Light Logging, VOMs and Plain Talk | provider=RSS | why=Surfaced by a single provider (would be missed without it)
    - Good Morning Orlando Comes To An End At 540 WFLF | provider=RSS | why=Surfaced by a single provider (would be missed without it)
    - “Summer in the Heights”: Radio and TV for High School Kids | provider=RSS | why=Surfaced by a single provider (would be missed without it)
    - Customer service emerges as an early test of AI's impact on jobs | provider=RSS | why=Surfaced by a single provider (would be missed without it)
    - Building the AI backbone, waiting on the AI billions | provider=RSS | why=Surfaced by a single provider (would be missed without it)
    - Ensuring colocation success by eliminating network observability blind spots (Reader Forum) | provider=RSS | why=Surfaced by a single provider (would be missed without it)
    - Letter: Keeping the WBT Site as a Landmark Just Isn’t Logical | provider=RSS | why=Surfaced by a single provider (would be missed without it)
    - Draper Asks for Consolidation Waiver on Delmarva Peninsula | provider=RSS | why=Surfaced by a single provider (would be missed without it)
    - Broadcast Depot to Carry Wheatstone Products in U.S. | provider=RSS | why=Surfaced by a single provider (would be missed without it)
    - Audio Production (From Anywhere) | provider=RSS | why=Surfaced by a single provider (would be missed without it)
    - SBE Announces 2026 National Awards Winners | provider=RSS | why=Surfaced by a single provider (would be missed without it)
    - Savard To Serve As KSDK-5’s Main Anchor | provider=RSS | why=Surfaced by a single provider (would be missed without it)
    - California’s Streaming Loudness Law: One Month On | provider=RSS | why=Surfaced by a single provider (would be missed without it)
    - From the Studio to the C-Suite for Karen Feagins | provider=RSS | why=Surfaced by a single provider (would be missed without it)
    - An Up Quarter For TV At Graham Media | provider=RSS | why=Surfaced by a single provider (would be missed without it)
    - Syracuse Retrans Impasse Irks The ATVA | provider=RSS | why=Surfaced by a single provider (would be missed without it)
    - For This Transaction, Thy Word Is Done | provider=RSS | why=Surfaced by a single provider (would be missed without it)
    - A Power Outage Looms For A Mississippi R&B Outlet | provider=RSS | why=Surfaced by a single provider (would be missed without it)
    - Jayhawk Jilt: NE Kansas Deal Ends In Non-Consummation | provider=RSS | why=Surfaced by a single provider (would be missed without it)
    - Retail Relief: Everpass Makes NFL Sunday Ticket Available Via DirecTV | provider=RSS | why=Surfaced by a single provider (would be missed without it)
    - Rogue AI hacking incidents amplify debate over open-source tech | provider=RSS | why=Surfaced by a single provider (would be missed without it)
    - George Santos settles with CFTC over Kalshi bets | provider=RSS | why=Surfaced by a single provider (would be missed without it)
    - Cybersecurity expert: 'Moderate confidence' Iran attacked Minnesota water facilities | provider=RSS | why=Surfaced by a single provider (would be missed without it)
    - New York alleges Kalshi running illegal gambling operation | provider=RSS | why=Surfaced by a single provider (would be missed without it)
    - T-Mobile Outlook Lacks Transparency | provider=RSS | why=Surfaced by a single provider (would be missed without it)
    - Administration Reworks Federal Land for Data Centers | provider=RSS | why=Surfaced by a single provider (would be missed without it)
    - Eastlan June 2026 Ratings Releases | provider=RSS | why=Surfaced by a single provider (would be missed without it)
    - Nielsen Spring & June 2026 Ratings Releases 7/31 | provider=RSS | why=Surfaced by a single provider (would be missed without it)
    - 96.7 KCAL-FM To Flip To Classic Rock | provider=RSS | why=Surfaced by a single provider (would be missed without it)
    - Audacy To Consolidate Las Vegas Talkers; Shut Down 840 KXNT | provider=RSS | why=Surfaced by a single provider (would be missed without it)
    - MeTVFM Returns To Coachella Valley | provider=RSS | why=Surfaced by a single provider (would be missed without it)
    - Domain Insight 7/31: Will Los Angeles Remember Recuerdo? | provider=RSS | why=Surfaced by a single provider (would be missed without it)
    - [Federal Register] Upper C-Band (3.98-4.2 GHz); Expanding Flexible Use of the 3.7 to 4.2 GHz Band | provider=Federal Register | why=Surfaced by a single provider (would be missed without it)
    - [Federal Register] Requirements for Interference-Tolerant Radio Altimeter Systems | provider=Federal Register | why=Surfaced by a single provider (would be missed without it)
    - [Federal Register] Information Collection Being Reviewed by the Federal Communications Commission | provider=Federal Register | why=Surfaced by a single provider (would be missed without it)
    - [Federal Register] Auction of Flexible-Use Licenses in the Upper C-Band for Next-Generation Wireless Services Scheduled for April 27, 2027; Comment Sought on Co | provider=Federal Register | why=Surfaced by a single provider (would be missed without it)
    - FCC: Dish $2.4B trust fund only for outsiders that built its 5G network | provider=RSS | why=Surfaced by a single provider (would be missed without it)
    - ASTS Stock Slides After FCC Decision Signals Spectrum Turf War — Analyst Says SpaceX, Rivals Told To 'Stay In Their Lane' - Stocktwits | provider=RSS | why=Surfaced by a single provider (would be missed without it)
    - U.S. FCC approves giant space mirror to deliver 'sunlight on demand' | provider=RSS | why=Surfaced by a single provider (would be missed without it)
    - FCC chairman defends actions against ABC, says broadcasters must operate 'in the public interest' - AP News | provider=RSS | why=Surfaced by a single provider (would be missed without it)
    - Brendan Carr: ‘I don't view the FCC as the speech police’ - Politico | provider=RSS | why=Surfaced by a single provider (would be missed without it)
    - Brendan Carr | FCC Chair, Jimmy Kimmel, James Talarico, Charlie Kirk, Project 2025, & Biography - Encyclopedia Britannica | provider=RSS | why=Surfaced by a single provider (would be missed without it)
    - ‘A putz’: Michael Steele slams Trump FCC commissioner’s latest ABC attack - MS NOW | provider=RSS | why=Surfaced by a single provider (would be missed without it)
    - FCC Commissioner Anna M. Gomez On Public Response to FCC Campaign of Censorship and Control Against Local ABC Stations and Disney, Says, “The Public Refuses To  | provider=RSS | why=Surfaced by a single provider (would be missed without it)
    - FCC Chairman Brendan Carr Speaks Out on Jimmy Kimmel, the Media and President Trump (Politico) | provider=RSS | why=Surfaced by a single provider (would be missed without it)
    - FCC’s Gomez Comments on ABC-Disney Case After Public Comment Period Closes | provider=RSS | why=Surfaced by a single provider (would be missed without it)
    - ABC is done playing defense against the FCC | provider=RSS | why=Surfaced by a single provider (would be missed without it)
    - Sixth Circuit to Rehear Case on FCC Data Breach Rules Case - Broadband Breakfast | provider=RSS | why=Surfaced by a single provider (would be missed without it)
    - Lawmakers Want FCC, NTIA to Protect Wi-Fi at WRC - Broadband Breakfast | provider=RSS | why=Surfaced by a single provider (would be missed without it)
    - FCC Updates Broadband Label Requirements - JD Supra | provider=RSS | why=Surfaced by a single provider (would be missed without it)
    - FCC vote on ownership cap coincides with broadcast-related financial earnings releases | provider=RSS | why=Surfaced by a single provider (would be missed without it)
    - U.S. exempts SpaceX's Starlink from FCC ban on foreign-made routers | provider=RSS | why=Surfaced by a single provider (would be missed without it)
    - Wireless Emergency Alerts; The Emergency Alert System; Modernization of the Nation's Alerting Systems | provider=RSS | why=Surfaced by a single provider (would be missed without it)
    - Information Collection Being Reviewed by the Federal Communications Commission | provider=RSS | why=Surfaced by a single provider (would be missed without it)
    - ATTORNEY GENERAL TONG URGES FCC TO STRENGTHEN KNOW YOUR CUSTOMER RULES TO COMBAT ILLEGAL ROBOCALLS - DoingItLocal | provider=RSS | why=Surfaced by a single provider (would be missed without it)
    - Jimmy Kimmel’s FCC Fight Could Officially Mark the End of an Era for Late-Night TV - Collider | provider=RSS | why=Surfaced by a single provider (would be missed without it)
    - Opinion | ABC is done playing defense against the FCC - Editor and Publisher | provider=RSS | why=Surfaced by a single provider (would be missed without it)
    - AT&T CEO Says He Can't Deploy Robocall Blockers Without FCC Approval. He's Wrong (2016) | provider=RSS | why=Surfaced by a single provider (would be missed without it)
    - ABC accuses FCC of trying to censor its stations - Washington Times | provider=RSS | why=Surfaced by a single provider (would be missed without it)
    - Arkansas Joins Nationwide Push for Stronger FCC Rules to Combat Illegal Robocalls - KVOM 101.7 | provider=RSS | why=Surfaced by a single provider (would be missed without it)
    - The FCC spends hundreds of millions subsidizing internet for Alaska schools and libraries. Now it might cut the program. - Anchorage Daily News | provider=RSS | why=Surfaced by a single provider (would be missed without it)
    - FCC Restricts New Foreign-Produced Robotics and Power Inverter Devices Over National Security Concerns - Homeland Security Today | provider=RSS | why=Surfaced by a single provider (would be missed without it)
    - FCC joins growing chorus of officials concerned about AI use in political ads - National News Desk | provider=RSS | why=Surfaced by a single provider (would be missed without it)
    - Information Collections Being Reviewed by the Federal Communications Commission | provider=RSS | why=Surfaced by a single provider (would be missed without it)
    - FCC bans future Roombas from being sold in the US | provider=RSS | why=Surfaced by a single provider (would be missed without it)
    - ABC argues that early license review by FCC is ‘retaliation’ for network’s coverage - The Guardian | provider=RSS | why=Surfaced by a single provider (would be missed without it)
    - What the FCC Ban on Foreign-Made Robot Vacuums Means for U.S. Consumers - consumerreports.org | provider=RSS | why=Surfaced by a single provider (would be missed without it)
    - Opinion | ABC is done playing defense against the FCC - Poynter | provider=RSS | why=Surfaced by a single provider (would be missed without it)
    - FCC reviewing recent affiliation swap announcement, Chairman Carr says - TheDesk.net | provider=RSS | why=Surfaced by a single provider (would be missed without it)
    - Arkansas Attorney General Tim Griffin calls on FCC to crack down on robocalls - KNWA FOX24 | provider=RSS | why=Surfaced by a single provider (would be missed without it)
    - TENNESSEE AG JOINS 50-STATE COALITION URGING FCC TO HARDEN ROBOCALL DEFENSES - 3B Media News | provider=RSS | why=Surfaced by a single provider (would be missed without it)
    - The FCC Just Banned Most Robot Vacuums. Here’s What That Means - CNET | provider=RSS | why=Surfaced by a single provider (would be missed without it)
    - FCC ban on new robot imports hits Toborlife AI amid China debate - Fierce Sensors | provider=RSS | why=Surfaced by a single provider (would be missed without it)
    - Media FCC ABC Licences - Washington Times | provider=RSS | why=Surfaced by a single provider (would be missed without it)
    - CDT and EPIC File Comments Opposing FCC’s Proposed Identity Collection Requirements for Phone Service | provider=RSS | why=Surfaced by a single provider (would be missed without it)
    - CDT and Allies Urge FCC Not to Violate Privacy of Cell Phone Buyers | provider=RSS | why=Surfaced by a single provider (would be missed without it)
    - Modernization of the Nation's Alerting Systems; Protecting the Nation's Communications Systems From Cybersecurity Threats | provider=RSS | why=Surfaced by a single provider (would be missed without it)
    - Brendan Carr Speaks Out on Jimmy Kimmel, the Media and Trump - Politico | provider=RSS | why=Surfaced by a single provider (would be missed without it)
    - This Week in Regulation for Broadcasters: July 27, 2026 to July 31, 2026 | provider=RSS | why=Surfaced by a single provider (would be missed without it)
    - Seeking Comment on Prohibiting the Importation and Marketing of Certain Foreign-Produced Military-Grade Uncrewed Aircraft Systems (UAS) and UAS Critical Compone | provider=RSS | why=Surfaced by a single provider (would be missed without it)
    - Information Collection Being Submitted for Review and Approval to Office of Management and Budget | provider=RSS | why=Surfaced by a single provider (would be missed without it)
    - New Security Obligations for Broadcasters Required by September 29 – Strong Passwords, Updated Software and Hardware, and Firewalls to Protect All Parts of the  | provider=RSS | why=Surfaced by a single provider (would be missed without it)
    - FCC Defines Free Speech as Speech Approved by FCC

FCC Chairman Brendan Carr announced Friday that American broadcasters | provider=BlueSky | why=Surfaced by a single provider (would be missed without it)
    - VIDEO: FCC Chairman Brendan Carr defends regulatory warnings against legacy media during. Carr justifies potential licen | provider=BlueSky | why=Surfaced by a single provider (would be missed without it)
    - How did Brendan Carr become one of Trump's most powerful media allies? We took a closer look at the FCC chair reshaping  | provider=BlueSky | why=Surfaced by a single provider (would be missed without it)
    - Wish the current FCC chairman operated in the public interes!

apnews.com/article/fcc-... | provider=BlueSky | why=Surfaced by a single provider (would be missed without it)
    - The USA today.

“ABC accused the FCC of retaliation and attempted censorship over a joke Jimmy Kimmel told. They said th | provider=BlueSky | why=Surfaced by a single provider (would be missed without it)
    - 🚨 FCC's Brendan Carr is calling 4 ABC's licenses 2 b revoked w/ concerns over media ownership.
He's pushing 4 more tran | provider=BlueSky | why=Surfaced by a single provider (would be missed without it)
    - FCC Confirms Free Speech Requires Government Approval

FCC Chairman Brendan Carr defended his pressure campaign against  | provider=BlueSky | why=Surfaced by a single provider (would be missed without it)
    - FCC Chair Brendan Carr Exposes ‘The View’ by Posting Video Montage of the Hosts Basically Campaigning for the Democrats  | provider=BlueSky | why=Surfaced by a single provider (would be missed without it)
    - Politico: What would you say if a future Democratic FCC chair apply pressure on conservative talk show programs. 

Brend | provider=BlueSky | why=Surfaced by a single provider (would be missed without it)
    - [CSPAN3] FCC Chair Testifies on 2025 Budget Request: statutory obligation? i'm glad you asked. i do know at present there is conversa... | provider=Cspan3 | why=Surfaced by a single provider (would be missed without it)
    - An FCC representative confirmed to CNET that vacuum devices are covered in the latest updates. Pool-cleaning robots and  | provider=BlueSky | why=Surfaced by a single provider (would be missed without it)
    - Busted: 'The View' Hosts (Slightly) Fewer Liberal Guests to Prove to FCC It's a News Show | provider=BlueSky | why=Surfaced by a single provider (would be missed without it)
    - In case anyone was wondering why the FCC and DoE were among the first to be assimilated | provider=BlueSky | why=Surfaced by a single provider (would be missed without it)
    - Sorry I can’t, I have to work overtime to pay off my FCC fines. I plan on saying that again on air too so I’ll miss next | provider=BlueSky | why=Surfaced by a single provider (would be missed without it)
    - 🔥🔥🔥 EXPLOSIVE

🎯 Trump
🌡️ 100°

📰 Disney and ABC Ask FCC to Reject Petitions to Deny TV License Renewals, Say Agency Is  | provider=BlueSky | why=Surfaced by a single provider (would be missed without it)
    - Movie TV Tech Geeks #TVFeatures #JimmyKimmel #JimmyKimmelLive #ABC Jimmy Kimmel’s FCC Fight Could Officially Mark the En | provider=BlueSky | why=Surfaced by a single provider (would be missed without it)
    - So now the FCC is banning foreign-made robot vacuum cleaners? These people are idiots. | provider=BlueSky | why=Surfaced by a single provider (would be missed without it)
    - It means they didn’t pay whatever bribe the fcc was asking for | provider=BlueSky | why=Surfaced by a single provider (would be missed without it)
    - The FCC Just Banned Most Robot Vacuums. www.cnet.com/tech/computi... | provider=BlueSky | why=Surfaced by a single provider (would be missed without it)
    - Talk Around Town: The FCC Just Slammed the Gate on Foreign Robots—and One Shaky Company Claims It's Holding the Key | provider=BlueSky | why=Surfaced by a single provider (would be missed without it)
    - Reverend Donald Wildman

Drumpf might give the Rev a posthumous Peace Prize as this guy started the FCC Fuss during the  | provider=BlueSky | why=Surfaced by a single provider (would be missed without it)
    - FCC Bans Chinese Humanoid Robots Nationwide Citing National Security Risks

The Federal Communications Commission (FCC)  | provider=BlueSky | why=Surfaced by a single provider (would be missed without it)
    - Read "ABC is done playing defense against the FCC" on SmartNews: l.smartnews.com/p-8dbMrIdi/M...

It took you long enoug | provider=BlueSky | why=Surfaced by a single provider (would be missed without it)
    - apnews.com/article/fcc-... chairman defends actions against ABC, says broadcasters must operate 'in the public interest' | provider=BlueSky | why=Surfaced by a single provider (would be missed without it)
    - They want state run propaganda, not factual reporting.

apnews.com/article/fcc-... | provider=BlueSky | why=Surfaced by a single provider (would be missed without it)
    - ABC local stations battle the FCC as regulators launch rare early license reviews for eight network channels. Citing pub | provider=BlueSky | why=Surfaced by a single provider (would be missed without it)
    - The FCC's Robot Ban Has a Weight Limit, and Most Robot Vacuums Exceed It

Follow for more.

https://1ban.news/us-foreign | provider=BlueSky | why=Surfaced by a single provider (would be missed without it)
    - Bs, then why is Fox News still on the air. Carrs interests are partisan and an assault on the first amendment.

FCC's Ca | provider=BlueSky | why=Surfaced by a single provider (would be missed without it)
    - The FCC just banned imports of Chinese-made robots — including humanoid bots and robot vacuums — over #national security | provider=BlueSky | why=Surfaced by a single provider (would be missed without it)
    - Regulators Block EchoStar From Using $2.4 Billion 5G Fund for Internal Debts

https://wsnext.com/5ea2706-EchoStar-FCC-ru | provider=BlueSky | why=Surfaced by a single provider (would be missed without it)
    - FCC's Carr defends actions against ABC, citing 'public interest' | AP News apnews.com/article/fcc-... | provider=BlueSky | why=Surfaced by a single provider (would be missed without it)
    - apnews.com/article/fcc-... | provider=BlueSky | why=Surfaced by a single provider (would be missed without it)
    - "Shares of phone and cable companies have been under pressure in recent months over fears that SpaceX will scoop up more | provider=BlueSky | why=Surfaced by a single provider (would be missed without it)
    - Brendan Carr has direct ties to The Heritage Foundation, having authored the chapter on the Federal Communications Commi | provider=BlueSky | why=Surfaced by a single provider (would be missed without it)
    - FCC chairman defends actions against ABC , says broadcasters must operate  in the public interest | provider=Isp.Netscape.Com | why=Surfaced by a single provider (would be missed without it)
    - FCC chairman Carr defends actions against ABC | provider=Pilotonline.Com | why=Surfaced by a single provider (would be missed without it)
    - FCC Chair Carr Defends License Review As ABC Cries Censorship | provider=Zerohedge.Com | why=Surfaced by a single provider (would be missed without it)
    - [CSPAN2] FCC Commissioner  Others Testify on Biden Administration Policies: senior republican commissioner on the federal communications commission he's bee... | provider=Cspan2 | why=Surfaced by a single provider (would be missed without it)
    - [CSPAN3] FCC Commissioner  Others Testify on Biden Administration Policies: excellent witnesses, brandon carr is a commissioner on the federal communication... | provider=Cspan3 | why=Surfaced by a single provider (would be missed without it)
    - Watch : FCC Branden Carr Exposes Disney  The View  Repeatedly Urging Its Audience to  Vote Democrat in November | provider=Breitbart.Com | why=Surfaced by a single provider (would be missed without it)
    - [opens mouth and makes that data header noise that the emergency alert system makes, leading to my being fined by the fc | provider=BlueSky | why=Surfaced by a single provider (would be missed without it)
    - Despite hundreds of public comments opposing a giant space mirror that would shine a beam of light roughly five kilometr | provider=BlueSky | why=Surfaced by a single provider (would be missed without it)
    - Despite hundreds of public comments (new window) opposing a giant space mirror that would shine a beam of light roughly  | provider=BlueSky | why=Surfaced by a single provider (would be missed without it)
    - Thanks to the www.lightreading.com/5g/spacex-mi.... | provider=BlueSky | why=Surfaced by a single provider (would be missed without it)
    - @lasrina.bsky.social

 www.cnet.com/tech/computi... | provider=BlueSky | why=Surfaced by a single provider (would be missed without it)
    - How is this being covered on SportsCenter? If this is covered I demand that General Hospital also get covered.  This is  | provider=BlueSky | why=Surfaced by a single provider (would be missed without it)
    - Just likehis LORD AND MASTER, all he knows how to do is LIE...did anyone from CNN counter his statement, or are they run | provider=BlueSky | why=Surfaced by a single provider (would be missed without it)
    - ⚡ A successful prototype does not always mean certification success.

PCBA manufacturing quality can directly affect:

R | provider=BlueSky | why=Surfaced by a single provider (would be missed without it)
    - Trump bans robot vacuums, really. 

apple.news/Az-zPdjIgTwi... | provider=BlueSky | why=Surfaced by a single provider (would be missed without it)
    - youtube.com/shorts/252Se... | provider=BlueSky | why=Surfaced by a single provider (would be missed without it)

SECTION 5 — EDITORIAL QUEUE (requires human review)
  Items requiring review: 150
    - Carr Talk: FCC Taking ‘Investigatory Action’ Over TV Network Moves | Surfaced by a single provider (would be missed without it)
    - FCC Establishes Filing and Auction Dates to Bid on FM CPs | Surfaced by a single provider (would be missed without it)
    - FCC Releases Details For Upcoming FM CP Auction | Surfaced by a single provider (would be missed without it)
    - Sixth Circuit to Rehear Case on FCC Data Breach Rules Case | Surfaced by a single provider (would be missed without it)
    - FCC Holds Lifeline Mobile and Broadband Standards Flat for Another Year | Surfaced by a single provider (would be missed without it)
    - Lawmakers Want FCC, NTIA to Protect Wi-Fi at WRC | Surfaced by a single provider (would be missed without it)
    - FCC Probing Recent Flurry of Big Four Affiliation Swaps – ‘This is not the Wild West ... It's not Nam,’ Chairman Carr Says | Surfaced by a single provider (would be missed without it)
    - FCC Clarifies EchoStar/DISH Trust Fund is Only for 5G Network Buildout Suppliers | Surfaced by a single provider (would be missed without it)
    - FCC Report 8/3: Date & Rules Set For FM Auction 114 | Surfaced by a single provider (would be missed without it)
    - PROMTEL, Viasat Partner to Expand Broadband Access Across Mexico | Surfaced by a single provider (would be missed without it)
    - Energy Department to Turn Kentucky Uranium Plant into Data Center and Gas Complex | Surfaced by a single provider (would be missed without it)
    - Anthropic Says Its AI Modeals Hacked 3 Organizations During Testing | Surfaced by a single provider (would be missed without it)
    - Thursday (telco diary) | Vodafone resets, AT&T reloads | Surfaced by a single provider (would be missed without it)
    - California Asks Court to Toss AT&T’s Copper Retirement Suit | Surfaced by a single provider (would be missed without it)
    - BEAD Participants Could Face Tough Finances: Moffett | Surfaced by a single provider (would be missed without it)
    - EU to Crack Down on AI Deepfakes, Illicit Imagery and Hacking with New Team in Brussels | Surfaced by a single provider (would be missed without it)
    - NTIA Clears Remaining 4.4 GigaHertz Study Plans | Surfaced by a single provider (would be missed without it)
    - Jonathan Williams: Super-Sizing Benefits of the Big Beautiful Bill | Surfaced by a single provider (would be missed without it)
    - Letters: Tower Light Logging, VOMs and Plain Talk | Surfaced by a single provider (would be missed without it)
    - Good Morning Orlando Comes To An End At 540 WFLF | Surfaced by a single provider (would be missed without it)
    - “Summer in the Heights”: Radio and TV for High School Kids | Surfaced by a single provider (would be missed without it)
    - Customer service emerges as an early test of AI's impact on jobs | Surfaced by a single provider (would be missed without it)
    - Building the AI backbone, waiting on the AI billions | Surfaced by a single provider (would be missed without it)
    - Ensuring colocation success by eliminating network observability blind spots (Reader Forum) | Surfaced by a single provider (would be missed without it)
    - Letter: Keeping the WBT Site as a Landmark Just Isn’t Logical | Surfaced by a single provider (would be missed without it)
    - Draper Asks for Consolidation Waiver on Delmarva Peninsula | Surfaced by a single provider (would be missed without it)
    - Broadcast Depot to Carry Wheatstone Products in U.S. | Surfaced by a single provider (would be missed without it)
    - Audio Production (From Anywhere) | Surfaced by a single provider (would be missed without it)
    - SBE Announces 2026 National Awards Winners | Surfaced by a single provider (would be missed without it)
    - Savard To Serve As KSDK-5’s Main Anchor | Surfaced by a single provider (would be missed without it)
    - California’s Streaming Loudness Law: One Month On | Surfaced by a single provider (would be missed without it)
    - From the Studio to the C-Suite for Karen Feagins | Surfaced by a single provider (would be missed without it)
    - An Up Quarter For TV At Graham Media | Surfaced by a single provider (would be missed without it)
    - Syracuse Retrans Impasse Irks The ATVA | Surfaced by a single provider (would be missed without it)
    - For This Transaction, Thy Word Is Done | Surfaced by a single provider (would be missed without it)
    - A Power Outage Looms For A Mississippi R&B Outlet | Surfaced by a single provider (would be missed without it)
    - Jayhawk Jilt: NE Kansas Deal Ends In Non-Consummation | Surfaced by a single provider (would be missed without it)
    - Retail Relief: Everpass Makes NFL Sunday Ticket Available Via DirecTV | Surfaced by a single provider (would be missed without it)
    - Rogue AI hacking incidents amplify debate over open-source tech | Surfaced by a single provider (would be missed without it)
    - George Santos settles with CFTC over Kalshi bets | Surfaced by a single provider (would be missed without it)
    - Cybersecurity expert: 'Moderate confidence' Iran attacked Minnesota water facilities | Surfaced by a single provider (would be missed without it)
    - New York alleges Kalshi running illegal gambling operation | Surfaced by a single provider (would be missed without it)
    - T-Mobile Outlook Lacks Transparency | Surfaced by a single provider (would be missed without it)
    - Administration Reworks Federal Land for Data Centers | Surfaced by a single provider (would be missed without it)
    - Eastlan June 2026 Ratings Releases | Surfaced by a single provider (would be missed without it)
    - Nielsen Spring & June 2026 Ratings Releases 7/31 | Surfaced by a single provider (would be missed without it)
    - 96.7 KCAL-FM To Flip To Classic Rock | Surfaced by a single provider (would be missed without it)
    - Audacy To Consolidate Las Vegas Talkers; Shut Down 840 KXNT | Surfaced by a single provider (would be missed without it)
    - MeTVFM Returns To Coachella Valley | Surfaced by a single provider (would be missed without it)
    - Domain Insight 7/31: Will Los Angeles Remember Recuerdo? | Surfaced by a single provider (would be missed without it)
    - [Federal Register] Upper C-Band (3.98-4.2 GHz); Expanding Flexible Use of the 3.7 to 4.2 GHz Band | Surfaced by a single provider (would be missed without it)
    - [Federal Register] Requirements for Interference-Tolerant Radio Altimeter Systems | Surfaced by a single provider (would be missed without it)
    - [Federal Register] Information Collection Being Reviewed by the Federal Communications Commission | Surfaced by a single provider (would be missed without it)
    - [Federal Register] Auction of Flexible-Use Licenses in the Upper C-Band for Next-Generation Wireless Services Scheduled for April 27, 2027; Comment Sought on Co | Surfaced by a single provider (would be missed without it)
    - FCC: Dish $2.4B trust fund only for outsiders that built its 5G network | Surfaced by a single provider (would be missed without it)
    - ASTS Stock Slides After FCC Decision Signals Spectrum Turf War — Analyst Says SpaceX, Rivals Told To 'Stay In Their Lane' - Stocktwits | Surfaced by a single provider (would be missed without it)
    - U.S. FCC approves giant space mirror to deliver 'sunlight on demand' | Surfaced by a single provider (would be missed without it)
    - FCC chairman defends actions against ABC, says broadcasters must operate 'in the public interest' - AP News | Surfaced by a single provider (would be missed without it)
    - Brendan Carr: ‘I don't view the FCC as the speech police’ - Politico | Surfaced by a single provider (would be missed without it)
    - Brendan Carr | FCC Chair, Jimmy Kimmel, James Talarico, Charlie Kirk, Project 2025, & Biography - Encyclopedia Britannica | Surfaced by a single provider (would be missed without it)
    - ‘A putz’: Michael Steele slams Trump FCC commissioner’s latest ABC attack - MS NOW | Surfaced by a single provider (would be missed without it)
    - FCC Commissioner Anna M. Gomez On Public Response to FCC Campaign of Censorship and Control Against Local ABC Stations and Disney, Says, “The Public Refuses To  | Surfaced by a single provider (would be missed without it)
    - FCC Chairman Brendan Carr Speaks Out on Jimmy Kimmel, the Media and President Trump (Politico) | Surfaced by a single provider (would be missed without it)
    - FCC’s Gomez Comments on ABC-Disney Case After Public Comment Period Closes | Surfaced by a single provider (would be missed without it)
    - ABC is done playing defense against the FCC | Surfaced by a single provider (would be missed without it)
    - Sixth Circuit to Rehear Case on FCC Data Breach Rules Case - Broadband Breakfast | Surfaced by a single provider (would be missed without it)
    - Lawmakers Want FCC, NTIA to Protect Wi-Fi at WRC - Broadband Breakfast | Surfaced by a single provider (would be missed without it)
    - FCC Updates Broadband Label Requirements - JD Supra | Surfaced by a single provider (would be missed without it)
    - FCC vote on ownership cap coincides with broadcast-related financial earnings releases | Surfaced by a single provider (would be missed without it)
    - U.S. exempts SpaceX's Starlink from FCC ban on foreign-made routers | Surfaced by a single provider (would be missed without it)
    - Wireless Emergency Alerts; The Emergency Alert System; Modernization of the Nation's Alerting Systems | Surfaced by a single provider (would be missed without it)
    - Information Collection Being Reviewed by the Federal Communications Commission | Surfaced by a single provider (would be missed without it)
    - ATTORNEY GENERAL TONG URGES FCC TO STRENGTHEN KNOW YOUR CUSTOMER RULES TO COMBAT ILLEGAL ROBOCALLS - DoingItLocal | Surfaced by a single provider (would be missed without it)
    - Jimmy Kimmel’s FCC Fight Could Officially Mark the End of an Era for Late-Night TV - Collider | Surfaced by a single provider (would be missed without it)
    - Opinion | ABC is done playing defense against the FCC - Editor and Publisher | Surfaced by a single provider (would be missed without it)
    - AT&T CEO Says He Can't Deploy Robocall Blockers Without FCC Approval. He's Wrong (2016) | Surfaced by a single provider (would be missed without it)
    - ABC accuses FCC of trying to censor its stations - Washington Times | Surfaced by a single provider (would be missed without it)
    - Arkansas Joins Nationwide Push for Stronger FCC Rules to Combat Illegal Robocalls - KVOM 101.7 | Surfaced by a single provider (would be missed without it)
    - The FCC spends hundreds of millions subsidizing internet for Alaska schools and libraries. Now it might cut the program. - Anchorage Daily News | Surfaced by a single provider (would be missed without it)
    - FCC Restricts New Foreign-Produced Robotics and Power Inverter Devices Over National Security Concerns - Homeland Security Today | Surfaced by a single provider (would be missed without it)
    - FCC joins growing chorus of officials concerned about AI use in political ads - National News Desk | Surfaced by a single provider (would be missed without it)
    - Information Collections Being Reviewed by the Federal Communications Commission | Surfaced by a single provider (would be missed without it)
    - FCC bans future Roombas from being sold in the US | Surfaced by a single provider (would be missed without it)
    - ABC argues that early license review by FCC is ‘retaliation’ for network’s coverage - The Guardian | Surfaced by a single provider (would be missed without it)
    - What the FCC Ban on Foreign-Made Robot Vacuums Means for U.S. Consumers - consumerreports.org | Surfaced by a single provider (would be missed without it)
    - Opinion | ABC is done playing defense against the FCC - Poynter | Surfaced by a single provider (would be missed without it)
    - FCC reviewing recent affiliation swap announcement, Chairman Carr says - TheDesk.net | Surfaced by a single provider (would be missed without it)
    - Arkansas Attorney General Tim Griffin calls on FCC to crack down on robocalls - KNWA FOX24 | Surfaced by a single provider (would be missed without it)
    - TENNESSEE AG JOINS 50-STATE COALITION URGING FCC TO HARDEN ROBOCALL DEFENSES - 3B Media News | Surfaced by a single provider (would be missed without it)
    - The FCC Just Banned Most Robot Vacuums. Here’s What That Means - CNET | Surfaced by a single provider (would be missed without it)
    - FCC ban on new robot imports hits Toborlife AI amid China debate - Fierce Sensors | Surfaced by a single provider (would be missed without it)
    - Media FCC ABC Licences - Washington Times | Surfaced by a single provider (would be missed without it)
    - CDT and EPIC File Comments Opposing FCC’s Proposed Identity Collection Requirements for Phone Service | Surfaced by a single provider (would be missed without it)
    - CDT and Allies Urge FCC Not to Violate Privacy of Cell Phone Buyers | Surfaced by a single provider (would be missed without it)
    - Modernization of the Nation's Alerting Systems; Protecting the Nation's Communications Systems From Cybersecurity Threats | Surfaced by a single provider (would be missed without it)
    - Brendan Carr Speaks Out on Jimmy Kimmel, the Media and Trump - Politico | Surfaced by a single provider (would be missed without it)
    - This Week in Regulation for Broadcasters: July 27, 2026 to July 31, 2026 | Surfaced by a single provider (would be missed without it)
    - Seeking Comment on Prohibiting the Importation and Marketing of Certain Foreign-Produced Military-Grade Uncrewed Aircraft Systems (UAS) and UAS Critical Compone | Surfaced by a single provider (would be missed without it)
    - Information Collection Being Submitted for Review and Approval to Office of Management and Budget | Surfaced by a single provider (would be missed without it)
    - New Security Obligations for Broadcasters Required by September 29 – Strong Passwords, Updated Software and Hardware, and Firewalls to Protect All Parts of the  | Surfaced by a single provider (would be missed without it)
    - FCC Defines Free Speech as Speech Approved by FCC

FCC Chairman Brendan Carr announced Friday that American broadcasters | Surfaced by a single provider (would be missed without it)
    - VIDEO: FCC Chairman Brendan Carr defends regulatory warnings against legacy media during. Carr justifies potential licen | Surfaced by a single provider (would be missed without it)
    - How did Brendan Carr become one of Trump's most powerful media allies? We took a closer look at the FCC chair reshaping  | Surfaced by a single provider (would be missed without it)
    - Wish the current FCC chairman operated in the public interes!

apnews.com/article/fcc-... | Surfaced by a single provider (would be missed without it)
    - The USA today.

“ABC accused the FCC of retaliation and attempted censorship over a joke Jimmy Kimmel told. They said th | Surfaced by a single provider (would be missed without it)
    - 🚨 FCC's Brendan Carr is calling 4 ABC's licenses 2 b revoked w/ concerns over media ownership.
He's pushing 4 more tran | Surfaced by a single provider (would be missed without it)
    - FCC Confirms Free Speech Requires Government Approval

FCC Chairman Brendan Carr defended his pressure campaign against  | Surfaced by a single provider (would be missed without it)
    - FCC Chair Brendan Carr Exposes ‘The View’ by Posting Video Montage of the Hosts Basically Campaigning for the Democrats  | Surfaced by a single provider (would be missed without it)
    - Politico: What would you say if a future Democratic FCC chair apply pressure on conservative talk show programs. 

Brend | Surfaced by a single provider (would be missed without it)
    - [CSPAN3] FCC Chair Testifies on 2025 Budget Request: statutory obligation? i'm glad you asked. i do know at present there is conversa... | Surfaced by a single provider (would be missed without it)
    - An FCC representative confirmed to CNET that vacuum devices are covered in the latest updates. Pool-cleaning robots and  | Surfaced by a single provider (would be missed without it)
    - Busted: 'The View' Hosts (Slightly) Fewer Liberal Guests to Prove to FCC It's a News Show | Surfaced by a single provider (would be missed without it)
    - In case anyone was wondering why the FCC and DoE were among the first to be assimilated | Surfaced by a single provider (would be missed without it)
    - Sorry I can’t, I have to work overtime to pay off my FCC fines. I plan on saying that again on air too so I’ll miss next | Surfaced by a single provider (would be missed without it)
    - 🔥🔥🔥 EXPLOSIVE

🎯 Trump
🌡️ 100°

📰 Disney and ABC Ask FCC to Reject Petitions to Deny TV License Renewals, Say Agency Is  | Surfaced by a single provider (would be missed without it)
    - Movie TV Tech Geeks #TVFeatures #JimmyKimmel #JimmyKimmelLive #ABC Jimmy Kimmel’s FCC Fight Could Officially Mark the En | Surfaced by a single provider (would be missed without it)
    - So now the FCC is banning foreign-made robot vacuum cleaners? These people are idiots. | Surfaced by a single provider (would be missed without it)
    - It means they didn’t pay whatever bribe the fcc was asking for | Surfaced by a single provider (would be missed without it)
    - The FCC Just Banned Most Robot Vacuums. www.cnet.com/tech/computi... | Surfaced by a single provider (would be missed without it)
    - Talk Around Town: The FCC Just Slammed the Gate on Foreign Robots—and One Shaky Company Claims It's Holding the Key | Surfaced by a single provider (would be missed without it)
    - Reverend Donald Wildman

Drumpf might give the Rev a posthumous Peace Prize as this guy started the FCC Fuss during the  | Surfaced by a single provider (would be missed without it)
    - FCC Bans Chinese Humanoid Robots Nationwide Citing National Security Risks

The Federal Communications Commission (FCC)  | Surfaced by a single provider (would be missed without it)
    - Read "ABC is done playing defense against the FCC" on SmartNews: l.smartnews.com/p-8dbMrIdi/M...

It took you long enoug | Surfaced by a single provider (would be missed without it)
    - apnews.com/article/fcc-... chairman defends actions against ABC, says broadcasters must operate 'in the public interest' | Surfaced by a single provider (would be missed without it)
    - They want state run propaganda, not factual reporting.

apnews.com/article/fcc-... | Surfaced by a single provider (would be missed without it)
    - ABC local stations battle the FCC as regulators launch rare early license reviews for eight network channels. Citing pub | Surfaced by a single provider (would be missed without it)
    - The FCC's Robot Ban Has a Weight Limit, and Most Robot Vacuums Exceed It

Follow for more.

https://1ban.news/us-foreign | Surfaced by a single provider (would be missed without it)
    - Bs, then why is Fox News still on the air. Carrs interests are partisan and an assault on the first amendment.

FCC's Ca | Surfaced by a single provider (would be missed without it)
    - The FCC just banned imports of Chinese-made robots — including humanoid bots and robot vacuums — over #national security | Surfaced by a single provider (would be missed without it)
    - Regulators Block EchoStar From Using $2.4 Billion 5G Fund for Internal Debts

https://wsnext.com/5ea2706-EchoStar-FCC-ru | Surfaced by a single provider (would be missed without it)
    - FCC's Carr defends actions against ABC, citing 'public interest' | AP News apnews.com/article/fcc-... | Surfaced by a single provider (would be missed without it)
    - apnews.com/article/fcc-... | Surfaced by a single provider (would be missed without it)
    - "Shares of phone and cable companies have been under pressure in recent months over fears that SpaceX will scoop up more | Surfaced by a single provider (would be missed without it)
    - Brendan Carr has direct ties to The Heritage Foundation, having authored the chapter on the Federal Communications Commi | Surfaced by a single provider (would be missed without it)
    - FCC chairman defends actions against ABC , says broadcasters must operate  in the public interest | Surfaced by a single provider (would be missed without it)
    - FCC chairman Carr defends actions against ABC | Surfaced by a single provider (would be missed without it)
    - FCC Chair Carr Defends License Review As ABC Cries Censorship | Surfaced by a single provider (would be missed without it)
    - [CSPAN2] FCC Commissioner  Others Testify on Biden Administration Policies: senior republican commissioner on the federal communications commission he's bee... | Surfaced by a single provider (would be missed without it)
    - [CSPAN3] FCC Commissioner  Others Testify on Biden Administration Policies: excellent witnesses, brandon carr is a commissioner on the federal communication... | Surfaced by a single provider (would be missed without it)
    - Watch : FCC Branden Carr Exposes Disney  The View  Repeatedly Urging Its Audience to  Vote Democrat in November | Surfaced by a single provider (would be missed without it)
    - [opens mouth and makes that data header noise that the emergency alert system makes, leading to my being fined by the fc | Surfaced by a single provider (would be missed without it)
    - Despite hundreds of public comments opposing a giant space mirror that would shine a beam of light roughly five kilometr | Surfaced by a single provider (would be missed without it)
    - Despite hundreds of public comments (new window) opposing a giant space mirror that would shine a beam of light roughly  | Surfaced by a single provider (would be missed without it)
    - Thanks to the www.lightreading.com/5g/spacex-mi.... | Surfaced by a single provider (would be missed without it)
    - @lasrina.bsky.social

 www.cnet.com/tech/computi... | Surfaced by a single provider (would be missed without it)
    - How is this being covered on SportsCenter? If this is covered I demand that General Hospital also get covered.  This is  | Surfaced by a single provider (would be missed without it)
    - Just likehis LORD AND MASTER, all he knows how to do is LIE...did anyone from CNN counter his statement, or are they run | Surfaced by a single provider (would be missed without it)
    - ⚡ A successful prototype does not always mean certification success.

PCBA manufacturing quality can directly affect:

R | Surfaced by a single provider (would be missed without it)
    - Trump bans robot vacuums, really. 

apple.news/Az-zPdjIgTwi... | Surfaced by a single provider (would be missed without it)
    - youtube.com/shorts/252Se... | Surfaced by a single provider (would be missed without it)

========================================================================
========================================================================
FCC BULLETIN — EDITOR AUDIT   agency=fcc   2026-08-03T00:14:14
========================================================================

SECTION 1 — ARTICLES COLLECTED
  Total collected (post domain-exclusion): 330
  Unique after dedup: 301   Classified: 295   In briefing: 150
  Provider breakdown:
    Talkwalker       0
    NewsAPI.ai       0
    Event Registry   0
    RSS              108
    Government       0
    GDELT            0
    Other            222

SECTION 2 — ARTICLES REMOVED
  Total removed: 179
  [Duplicate] — 28
    - FCC Holds Lifeline Mobile and Broadband Standards Flat for Another Year - Broadband Breakfast  | provider=RSS | reason=Duplicate
    - FCC: Dish $2.4B trust fund only for outsiders that built its 5G network - Light Reading  | provider=RSS | reason=Duplicate
    - FCC Probing Recent Flurry of Big Four Affiliation Swaps – ‘This is not the Wild West ... It's not Nam,’ Chairman Carr Says - Broadband Breakfast  | provider=RSS | reason=Duplicate
    - Carr Talk: FCC Taking ‘Investigatory Action’ Over TV Network Moves - Radio & Television Business Report  | provider=RSS | reason=Duplicate
    - FCC reviewing recent affiliation swap announcement, Chairman Carr says  | provider=RSS | reason=Duplicate
    - FCC chairman defends actions against ABC, says broadcasters must operate 'in the public interest' - WHEC.com  | provider=RSS | reason=Duplicate
    - FCC joins growing chorus of officials concerned about AI use in political ads - National News Desk  | provider=RSS | reason=Duplicate
    - FCC chairman defends actions against ABC, says broadcasters must operate ‘in the public interest’ - Washington Times  | provider=RSS | reason=Duplicate
    - 5G没拦住中国 ， 美国又想在6G上使绊｜真相  | provider=World.Qianlong.Com | reason=Duplicate
    - 千兆光网应用创新大赛收官 重庆3个项目获一等奖  | provider=163.Com | reason=Duplicate
    - 信息量密集 ！ 围绕人工智能 多部门最新部署  | provider=Baijiahao.Baidu.Com | reason=Duplicate
    - Η COSMOTE TELEKOM στους  Europe Climate Leaders  των Financial Times για 4η συνεχόμενη χρονιά  | provider=Lykavitos.Gr | reason=Duplicate
    - Εάν θέλεις να νικήσεις ένα δαίμονα μάθε το όνομα του - Οι ΗΠΑ ονομάτισαν τον κύριο εχθρό τους είναι ο « τριτοκοσμισμός »  | provider=Bankingnews.Gr | reason=Duplicate
    - [CSPAN] Federalist Society Previews Supreme Court Term Part 1: delegation something we should consider. the inspector general's office has aske...  | provider=Cspan | reason=Duplicate
    - [CSPAN] Federalist Society Previews Supreme Court Term Part 1: has asked for a search warrant in that case. there are a bunch of cases involvin...  | provider=Cspan | reason=Duplicate
    - [CSPAN] Federalist Society Previews Supreme Court Term: delegation something we should consider. the inspector general's office has aske...  | provider=Cspan | reason=Duplicate
    - [CSPAN2] FCC Commissioner  Others Testify on Biden Administration Policies: okay. today were joined by excellent witnesses and the honorable senior republic...  | provider=Cspan2 | reason=Duplicate
    - [CSPAN3] Discussion on Emerging AI Technologies: media attack new media and try to use regulation to deal with that. it is really...  | provider=Cspan3 | reason=Duplicate
    - [CSPAN3] Discussion on Emerging AI Technologies: to use regulation to deal with that. it is really because of newspapers lobbying...  | provider=Cspan3 | reason=Duplicate
    - [CSPAN] U.S. House of Representatives U.S. House of Representatives: sector. the fact act will require the federal communications commission to publi...  | provider=Cspan | reason=Duplicate
    - [CSPAN] U.S. House of Representatives U.S. House of Representatives: magnifies this target. this helps address these concerns. this would require the...  | provider=Cspan | reason=Duplicate
    - [CSPAN] U.S. House of Representatives U.S. House of Representatives: h.r. 820. a bill to direct the federal communications commission to publish a li...  | provider=Cspan | reason=Duplicate
    - [CSPAN] U.S. House of Representatives U.S. House of Representatives: recognized as the equipment and services used in their drones to the federal com...  | provider=Cspan | reason=Duplicate
    - [CSPAN3] Nixon Administration 1970s Womens Initiatives: summary was urging the appointment of a woman to the federal communications comm...  | provider=Cspan3 | reason=Duplicate
    - [CSPAN3] Nixon Administration 1970s Womens Initiatives: nixon. this is an item in his news summary was urging the appointment of a woman...  | provider=Cspan3 | reason=Duplicate
    - [CSPAN] NTSB Chair and Others Discuss New Vehicle Technology and Safety Standards: yet, there is more work to be done. the federal communications commission wil  | provider=Cspan | reason=Duplicate
    - apnews.com/article/fcc-... chairman defends actions against ABC, says broadcasters must operate 'in the public interest'  | provider=BlueSky | reason=Duplicate
    - apnews.com/article/fcc-...  | provider=BlueSky | reason=Duplicate
  [Corporate Noise] — 6
    - Aaron Carreno Exits Civic Media  | provider=RSS | reason=Corporate Noise
    - Beasley Augusta OM Tee Gentry Retires  | provider=RSS | reason=Corporate Noise
    - WorldCast Systems Introduces Ecreso SwitchOver  | provider=RSS | reason=Corporate Noise
    - Delta Media Promotes Two In Lafayette & Lake Charles  | provider=RSS | reason=Corporate Noise
    - WSEO Joins Southeast Ohio's Wolf  | provider=RSS | reason=Corporate Noise
    - Bay State Rises to 15th for Businesses , Dragged Down by Costs  | provider=Bankerandtradesman.Com | reason=Corporate Noise
  [Low Confidence] — 145
    - clicksp.doseofdemocracy.com/f/a/9PRfLinC...  | provider=BlueSky | reason=Low Confidence
    - www.propublica.org/article/para...  | provider=BlueSky | reason=Low Confidence
    - 5G没拦住中国 ， 美国又想在6G上使绊｜真相  | provider=Baijiahao.Baidu.Com | reason=Low Confidence
    - 【 钛晨报 】 事关货币政策 、 债券市场 ， 央行明确下半年重点 ； 亚马逊完成对OpenAI总计500亿美元全额投资 ； 欧佩克+  主要产油国宣布9月继 ... |外汇|美联储|知名企业|亚马逊公司|openai|中国人民银行  | provider=163.Com | reason=Low Confidence
    - IT sector sets sights high to gain AI edge  | provider=Tribune.Com.Pk | reason=Low Confidence
    - FAA Proposes Waiving Environmental Laws for Commercial Space Launches and Reentries – NaturalNews . com  | provider=Naturalnews.Com | reason=Low Confidence
    - 大摩邢自强 ： AI投资将进入  半场休息 ， 9 . 24  式反转暂时不会到来 _ 新浪财经 _ 新浪网  | provider=Finance.Sina.Com.Cn | reason=Low Confidence
    - الإمارات تسابق الزمن استعداداً لتقنيات الجيل السادس  | provider=Albayan.Ae | reason=Low Confidence
    - Nebius Aktie : Hauptversammlung am 25 . August  | provider=Boerse-Express.Com | reason=Low Confidence
    - Milijardieriaus širdį užkariavusi kambarinė paveldėjo pasakiškus turtus : Amerika jai to niekada neatleido  | provider=Lrytas.Lt | reason=Low Confidence
    - On LLMs and Intelligence  | provider=Freethoughtblogs.Com | reason=Low Confidence
    - PH slavish embrace of America and reflexive loathing of China  | provider=Manilatimes.Net | reason=Low Confidence
    - Blackbox SpaceX : Bevorstehende Zahlen und Aktienschwemme machen die Anleger nervös  | provider=Boerse-Online.De | reason=Low Confidence
    - #censorship #freespeech #freeexpression  | provider=BlueSky | reason=Low Confidence
    - share.google/JvINK4mwZANF...  | provider=BlueSky | reason=Low Confidence
    - www.usatoday.com/story/tech/2...  | provider=BlueSky | reason=Low Confidence
    - 5G没拦住中国 ， 美国又想在6G上使绊｜真相 _ 腾讯新闻  | provider=News.Qq.Com | reason=Low Confidence
    - 5G没拦住中国 ， 美国又想在6G上使绊｜真相 - 大河网  | provider=News.Dahe.Cn | reason=Low Confidence
    - 5G没拦住中国 ， 美国又想在6G上使绊  | provider=163.Com | reason=Low Confidence
    - Kaushik Basu : Why political gutfeel on economic policy is no substitute for rigorous analysis  | provider=Livemint.Com | reason=Low Confidence
    - Ghana Extends 5G Spectrum Auction Timeline Amid Stricter Regulatory Controls – Ghanamma . com  | provider=Ghanamma.Com | reason=Low Confidence
    - EXCLUSIVE : Inside G - Shock Secret Programme Making Watches for Elite Military Units  | provider=Esquire.Com | reason=Low Confidence
    - The high - stakes battle for invisible real estate in space  | provider=Businesstimes.Com.Sg | reason=Low Confidence
    - 大摩邢自强 ： AI投资将进入  半场休息 ， 9 . 24  式反转暂时不会到来  | provider=Wallstreetcn.Com | reason=Low Confidence
    - 千兆光网应用创新大赛收官 重庆3个项目获一等奖  | provider=Baijiahao.Baidu.Com | reason=Low Confidence
    - 35岁成通信套餐  分水岭 ？ 老用户直呼  被区别对待  | provider=Baijiahao.Baidu.Com | reason=Low Confidence
    - Professor Pantami and Rarara : What the North Will Choose to Celebrate - By Sani Danaudi Mohammed  | provider=Opinionnigeria.Com | reason=Low Confidence
    - 合肥和长鑫也是崩老头 - 虎嗅网  | provider=Huxiu.Com | reason=Low Confidence
    - Singdollar strengthens , yen recovers : Markets this week  | provider=Straitstimes.Com | reason=Low Confidence
    - 太空算力无需复刻马斯克 ， 中国走通导遥渐进天地协同之路 - 虎嗅网  | provider=Huxiu.Com | reason=Low Confidence
    - Nebius Aktie : Zahlen - Countdown läuft  | provider=Stock-World.De | reason=Low Confidence
    - Γαλάζια Σημαία 2026 : Πώς κερδίζεται , γιατί αφαιρείται και ποιες ελληνικές ακτές την κατέκτησαν  | provider=Newsbomb.Gr | reason=Low Confidence
    - Nama Water Services moots production of biofuel through cultivation of Camelina plants  | provider=Timesofoman.Com | reason=Low Confidence
    - STMicroelectronics Aktie : 35 , 5 Prozent Umsatzplus ()  | provider=Aktiencheck.De | reason=Low Confidence
    - POLITICS NEEDS ECONOMICS - OrissaPOST  | provider=Orissapost.Com | reason=Low Confidence
    - This is why our First Amendment Rights are worth fighting and if need be dying for ...
Source: AP News
 share.google/D6J  | provider=BlueSky | reason=Low Confidence
    - Our First Amendment Rights are worth fighting and dying for ... Source: AP News
 share.google/D6J7jfh9VYiR...  | provider=BlueSky | reason=Low Confidence
    - What does that look like ?? Lies ?? That’s why we are here on Bluesky 🦋 everyone. 
TV IS DEAD AND WAS BEFORE TRUMP. Amer  | provider=BlueSky | reason=Low Confidence
    - If they want broadcasters to act in the public interests why haven't they shut down Fox News?  Ah that's right because F  | provider=BlueSky | reason=Low Confidence
    - Get the Flock Out of Here  | provider=Sott.Net | reason=Low Confidence
    - How tradwives took over the book industry  | provider=Nypost.Com | reason=Low Confidence
    - Ghana Delays 5G Spectrum Auction Timeline Amid Stricter Regulatory Ownership Policies – Ghanamma . com  | provider=Ghanamma.Com | reason=Low Confidence
    - Vodafone Idea gets ₹26 . 8 crore DoT notice for alleged default in spectrum - related rollout obligations  | provider=Thehindu.Com | reason=Low Confidence
    - Voda Idea gets Rs 26 . 8 cr DoT notice for alleged  default in spectrum - related rollout obligations  | provider=Dailyexcelsior.Com | reason=Low Confidence
    - Voda Idea gets Rs 26 . 8 cr DoT notice for alleged default in spectrum - related rollout obligations  | provider=Economictimes.Indiatimes.Com | reason=Low Confidence
    - Voda Idea gets ₹26 . 8 cr DoT notice for alleged default in spectrum - related rollout obligations  | provider=Thehindubusinessline.Com | reason=Low Confidence
    - Vodafone Idea ਨੂੰ ਵੱਡਾ ਝਟਕਾ , ਦੂਰਸੰਚਾਰ ਵਿਭਾਗ ਨੇ ਠੋਕਿਆ ₹27 ਕਰੋੜ ਦਾ ਜੁਰਮਾਨਾ ਨੋਟਿਸ ; ਸ਼ੇਅਰਾਂ  ਚ ਦਿਖੇਗੀ ਹਲਚਲ ? - Big blow to Vodafone Idea Department of Telecom iss  | provider=Punjabijagran.Com | reason=Low Confidence
    - Licitație de până la 26 , 9 milioane lei la CFR Călători pentru asigurarea ramelor PESA : Clauzele prevăd și daune produse de mecanici beți  | provider=Libertatea.Ro | reason=Low Confidence
    - 拉丁美洲私有 5G 市場 2029 年上看 7 億美元 年複合成長率達 36 %  | provider=N.Yam.Com | reason=Low Confidence
    - Top Local News – Thurston County – August 1 , 2026  | provider=Thurstontalk.Com | reason=Low Confidence
    - 视频丨  县县通千兆  之后 ， 有小区已通了万兆光网  | provider=Baijiahao.Baidu.Com | reason=Low Confidence
    - 号卡新规后 ， 运营商线下门店的失血和回血在同时发生  | provider=163.Com | reason=Low Confidence
    - How to jet off on a golden gap year in your 40s or 50s - WITHOUT derailing your retirement plans : Here exactly what to do , and how much money you need ...  | provider=Dailymail.Com | reason=Low Confidence
    - 信息量密集 ！ 围绕人工智能 多部门最新部署  | provider=Baijiahao.Baidu.Com | reason=Low Confidence
    - Households can claim free cash payments for 9 key reasons under Andy Burnham  | provider=Express.Co.Uk | reason=Low Confidence
    - 摩根士丹利邢自强 ： AI投资  半场休息 ， 下半场逻辑已变  | provider=Baijiahao.Baidu.Com | reason=Low Confidence
    - Glasfaser - Krise : Verband fordert Subventionen für Hausanschlüsse  | provider=Winfuture.De | reason=Low Confidence
    - 中国联通在烟台开展结对帮扶上门服务活动  | provider=Baijiahao.Baidu.Com | reason=Low Confidence
    - Nigeria Stock Market Delivers N58 . 9trn Return to Investors in Seven Months – THISDAYLIVE  | provider=Thisdaylive.Com | reason=Low Confidence
    - 摩根士丹利邢自强 ： AI投资  半场休息  下半场逻辑已变 _ 东方财富网  | provider=Finance.Eastmoney.Com | reason=Low Confidence
    - Opinion : Making history while moving Alaska forward  | provider=Adn.Com | reason=Low Confidence
    - 第四届  光华杯  千兆光网应用创新大赛全国总决赛及颁奖仪式在渝举办 _ 中华网  | provider=M.Tech.China.Com | reason=Low Confidence
    - Volkswagen Aktie : Gigacasting senkt Herstellungskosten um 15 Prozent  | provider=Boerse-Express.Com | reason=Low Confidence
    - BASF Aktie : 4 , 1 Milliarden Euro Konzernergebnis  | provider=Boerse-Express.Com | reason=Low Confidence
    - Kohl Dividenenstarker Titel mit Aufwärtspotential ? - 500 Beiträge pro Seite  | provider=Wallstreet-Online.De | reason=Low Confidence
    - Arvind Gupta : India Rise as a Digital Power • Stimson Center  | provider=Stimson.Org | reason=Low Confidence
    - Partners Group Aktie : Royalty - Portfolio wächst um 50 Prozent  | provider=Boerse-Express.Com | reason=Low Confidence
    - Auto cinesi nella Top 10 mondiale : lallarme di De Rosa ( SMET )  | provider=Motorionline.Com | reason=Low Confidence
    - Hadapi Kekeringan akibat El Nino , PMI DIY Luncurkan Siaga Tirto Aji  | provider=Jogja.Tribunnews.Com | reason=Low Confidence
    - الرهان الأخير لنبيل فهمي .. هل ينقذ ابن  جيل 242  الجامعة العربية ؟  | provider=Aljazeera.Net | reason=Low Confidence
    - Gerak Cepat Cegah Jatuh Korban , PMI DIY Distribusikan Air Bersih 149 . 000 Liter Ke Wilayah Kekeringan  | provider=Koran-Jakarta.Com | reason=Low Confidence
    - PMI DIY distribusikan air bersih 149 . 000 liter ke wilayah kekeringan  | provider=Antaranews.Com | reason=Low Confidence
    - OK忠訓貸款好嗎dcard民間借貸與高利貸的區別 ？ - 台南柳營區小額借款2萬 , 全車貸免保人 , 連江北竿鄉小額借款5萬  | provider=Blog.Udn.Com | reason=Low Confidence
    - La sostenibilità non è unetichetta - La Nuova Ecologia  | provider=Lanuovaecologia.It | reason=Low Confidence
    - Cómo reducir legalmente el IRPF en España con inversión en AIE  | provider=Diaridetarragona.Com | reason=Low Confidence
    - Dino : Perubahan iklim seharusnya jadi prioritas utama dunia  | provider=Antaranews.Com | reason=Low Confidence
    - 1 серпня Всесвітній день боротьби з раком легенів . Історія , заборони та прикмети - 20 хвилин  | provider=Vn.20Minut.Ua | reason=Low Confidence
    - Your modem firmware might be a privacy time bomb  | provider=Howtogeek.Com | reason=Low Confidence
    - Vestor Capital LLC Has $12 . 36 Million Position in Verizon Communications Inc . $VZ  | provider=Themarketsdaily.Com | reason=Low Confidence
    - 信息量密集 ！ 围绕人工智能 多部门最新部署 _ 央广网  | provider=Tech.Cnr.Cn | reason=Low Confidence
    - مقدمات نشرات الأخبار المسائية  | provider=Lebanon24.Com | reason=Low Confidence
    - Marketing Return on Investment in Zimbabwe : Why the Next Competitive Advantage Will Not Be Bigger Marketing Budgets , But Smarter Marketing Capital Allocation   | provider=Thezimbabwemail.Com | reason=Low Confidence
    - AST SpaceMobile vs . Rocket Lab : Which Space - Based Network Stock Is a Better Buy in 2026 ?  | provider=Fool.Com | reason=Low Confidence
    - Ranking Member Luján Leads Telecommunications , Media Subcommittee Hearing On Artificial Intelligence In Communications Networks  | provider=Ladailypost.Com | reason=Low Confidence
    - August 2026 : News and announcements from NVDA | Vermont Business Magazine  | provider=Vermontbiz.Com | reason=Low Confidence
    - 新一代通信网加速构建  数字新底座  | provider=Baijiahao.Baidu.Com | reason=Low Confidence
    - How to Fight Back Against Fraudulent Robocalls  | provider=Broadbandbreakfast.Com | reason=Low Confidence
    - Econet , UNDP partner to accelerate digital transformation and AI agenda  | provider=Lestimes.Com | reason=Low Confidence
    - 第四届  光华杯  千兆光网应用创新大赛收官 重庆3个项目斩获一等奖  | provider=Baijiahao.Baidu.Com | reason=Low Confidence
    - Kluczem do skutecznych działań ratowniczych jest sprawna łączność . Technologii nie brakuje  | provider=Portalsamorzadowy.Pl | reason=Low Confidence
    - 杠杆热钱吹大泡沫 ， 韩国股市经历  七月风暴  | provider=Stcn.Com | reason=Low Confidence
    - 中共刷屏太空 美国坐不住了  | provider=Aboluowang.Com | reason=Low Confidence
    - 杠杆热钱吹大泡沫 ， 韩国股市经历  七月风暴 - 股票 - 金融界  | provider=Stock.Jrj.Com.Cn | reason=Low Confidence
    - 中国联通在烟台开展结对帮扶上门服务活动 - 商讯 - 水母网  | provider=News.Shm.Com.Cn | reason=Low Confidence
    - 1 серпня - Маковея , що сьогодні не можна робити , все про цей день , традиції та прикмети  | provider=Kp.Ua | reason=Low Confidence
    - Investicije cementarne Alpacem v produktivnost in zelene naložbe  | provider=Delo.Si | reason=Low Confidence
    - Die beste Trinkflasche für Kinder | Test 07 / 2026  | provider=Faz.Net | reason=Low Confidence
    - Quem é Tereza Cristina , o  sonho de consumo  de Flávio para vice  | provider=G1.Globo.Com | reason=Low Confidence
    - The unsexy layer AI agents actually need : DataBahn raises $40m to sell it  | provider=Thenextweb.Com | reason=Low Confidence
    - Udine lancia il Catasto Solare : una mappa interattiva per conoscere il potenziale energetico di ogni edificio  | provider=Ilfriuli.It | reason=Low Confidence
    - Які напої можна зберігати у скляній сулії - Новини Івано - Франківська  | provider=Pravda.If.Ua | reason=Low Confidence
    - Η COSMOTE TELEKOM στους  Europe Climate Leaders  των Financial Times για 4η συνεχόμενη χρονιά  | provider=Mikrometoxos.Gr | reason=Low Confidence
    - Moto Guzzi V85 TT : prova , prezzo , pregi , difetti e scheda tecnica  | provider=Gazzetta.It | reason=Low Confidence
    - Barcelona se prepara para acoger la inauguración del Explora III , el nuevo gigante del lujo marítimo  | provider=Cronicadecantabria.Com | reason=Low Confidence
    - Neutralità e alimentazione : le due iniziative sono ancora molto aperte  | provider=Cdt.Ch | reason=Low Confidence
    - Εάν θέλεις να νικήσεις ένα δαίμονα μάθε το όνομα του - Οι ΗΠΑ ονομάτισαν τον κύριο εχθρό τους είναι ο « τριτοκοσμισμός »  | provider=Bankingnews.Gr | reason=Low Confidence
    - India Considers Revamping Net Neutrality for Enhanced 5G Services , ETTelecom  | provider=Telecom.Economictimes.Indiatimes.Com | reason=Low Confidence
    - Govt Review May Let Telcos Slice Up Net Neutrality  | provider=Economictimes.Indiatimes.Com | reason=Low Confidence
    - How The Car Lobby And Oil Companies Are Slowing The Shift To Electric Vehicles  | provider=Scoop.Co.Nz | reason=Low Confidence
    - 灵心巧手 ， 具身卖铲人的自我修养 - 钛媒体官方网站  | provider=Tmtpost.Com | reason=Low Confidence
    - Disturbing Montana Lab Details Emerge in Fauci Probe  | provider=K96Fm.Com | reason=Low Confidence
    - [FOX Business] Kudlow: well know. i mean, do you know this story, perhaps, but the federal communicatio...  | provider=Fox Business | reason=Low Confidence
    - [CSPAN3] Nixon Administration 1970s Womens Initiatives: nixon. this is an item in his news summary was urging the appointment of a woman...  | provider=Cspan3 | reason=Low Confidence
    - [CSPAN3] Stacy Schiff The Revolutionary - Samuel Adams: summary, a group called american in television and radio urged nixon. this is an...  | provider=Cspan3 | reason=Low Confidence
    - [CSPAN3] Nixon Administration 1970s Womens Initiatives: summary was urging the appointment of a woman to the federal communications comm...  | provider=Cspan3 | reason=Low Confidence
    - [CSPAN3] Nixon Administration 1970s Womens Initiatives: is just a summary -- was urging the appointment of a woman to the federal commun...  | provider=Cspan3 | reason=Low Confidence
    - [FOX Business] Mornings With Maria Bartiromo: less lag, better gaming! i'm gonna need to charge you for three people. . maria:...  | provider=Fox Business | reason=Low Confidence
    - [CSPAN] Federalist Society Previews Supreme Court Term Part 1: has asked for a search warrant in that case. there are a bunch of cases involvin...  | provider=Cspan | reason=Low Confidence
    - [CSPAN2] Book TV: not allowed to own stocks that are regulated by the federal communications commi...  | provider=Cspan2 | reason=Low Confidence
    - [CSPAN2] Author Discussion on Journalism: not allowed to own stocks that are regulated by the federal communications commi...  | provider=Cspan2 | reason=Low Confidence
    - [CSPAN2] Book TV: stacks, trading forms. and we thought, you know how the heck we're going to go t...  | provider=Cspan2 | reason=Low Confidence
    - [CSPAN2] Author Discussion on Journalism: stacks, trading forms. and we thought, you know how the heck we're going to go t...  | provider=Cspan2 | reason=Low Confidence
    - [CSPAN2] Author Discussion on Journalism: that. and the idea was my my dad worked for the federal communications commissio...  | provider=Cspan2 | reason=Low Confidence
    - [MSNBC] Velshi: distort of tony him from a nuclear reactor? you know, you want a scientist doing...  | provider=Msnbc | reason=Low Confidence
    - [CSPAN] Federalist Society Previews Supreme Court Term: delegation something we should consider. the inspector general's office has aske...  | provider=Cspan | reason=Low Confidence
    - [FOX News] Special Report With Bret Baier: services. the debt exchange deal includes payment of $1 and the assumption of ar...  | provider=Fox News | reason=Low Confidence
    - [MSNBC] Katy Tur Reports: recover. in addition to fema, that includes the federal communications commissio...  | provider=Msnbc | reason=Low Confidence
    - [CNN] Inside Politics With Dana Bash: available resources fast as possible. well to your communities. the rescue, reco...  | provider=Cnn | reason=Low Confidence
    - [MSNBC] Jose Diaz-Balart Reports: he said that fema administrator is still on the ground there. he also talked abo...  | provider=Msnbc | reason=Low Confidence
    - [FOX News] The Faulkner Focus: rebuilding. in addition to fema including the federal communications commission ...  | provider=Fox News | reason=Low Confidence
    - [CNN] CNN Newsroom With Pamela Brown: every every available resources fast as possible to your communities. the rescue...  | provider=Cnn | reason=Low Confidence
    - [MSNBC] Jose Diaz-Balart Reports: every available resource as fast as possible to your communities, to rescue, rec...  | provider=Msnbc | reason=Low Confidence
    - [CSPAN2] Hearing on Oversight of FBIs Security Clearances for Whistleblowers: s. 275, a bill to require the federal communications commission to establish a v..  | provider=Cspan2 | reason=Low Confidence
    - [CSPAN2] U.S. Senate U.S. Senate: it's been more than 1500 days since the last federal communications commission h...  | provider=Cspan2 | reason=Low Confidence
    - [CSPAN] U.S. House of Representatives U.S. House of Representatives: federal communications commission to establish a task force to be known as a 6-g...  | provider=Cspan | reason=Low Confidence
    - [CSPAN3] Discussion on Emerging AI Technologies: media attack new media and try to use regulation to deal with that. it is really...  | provider=Cspan3 | reason=Low Confidence
    - [CSPAN3] Discussion on Emerging AI Technologies: to use regulation to deal with that. it is really because of newspapers lobbying...  | provider=Cspan3 | reason=Low Confidence
    - [CSPAN2] U.S. Senate U.S. Senate: the presiding officer: the clerk will read the title of the bill for the second ...  | provider=Cspan2 | reason=Low Confidence
    - [CSPAN2] U.S. Senate U.S. Senate: -- an act to direct the federal communications commission to publish a list of e...  | provider=Cspan2 | reason=Low Confidence
    - [CSPAN2] The Civil War Tom Wheeler Mr. Lincolns T-Mails: read out the list of his accomplishments. a few highlights include his service a...  | provider=Cspan2 | reason=Low Confidence
    - [CSPAN2] The Civil War Tom Wheeler Mr. Lincolns T-Mails: businessman, an author and a public figure. i'm not even going to try and read o...  | provider=Cspan2 | reason=Low Confidence
    - [CSPAN2] Nixon Administration 1970s Womens Initiatives: federal communications commission. nixon, scrawled in the margin, why not? so, y...  | provider=Cspan2 | reason=Low Confidence
    - [CSPAN2] American History TV: nixon. this is an item in his news summary was urging the appointment of a woman...  | provider=Cspan2 | reason=Low Confidence
    - [CSPAN] NTSB Chair and Others Discuss New Vehicle Technology and Safety Standards: technology, in vehicles on roadways. i will say, as i mentioned in my remarks  | provider=Cspan | reason=Low Confidence
    - [CSPAN3] Public Affairs Events: conversation on the senate spectrum auction. that would help support the removal...  | provider=Cspan3 | reason=Low Confidence
  [Non-FCC (blocked domain)] — 0

SECTION 3 — HIGH PRIORITY ARTICLES
    [INCLUDED] term=Satellite | PROMTEL, Viasat Partner to Expand Broadband Access Across Mexico | reason=kept in briefing (priority-protected)
    [INCLUDED] term=AT&T | Thursday (telco diary) | Vodafone resets, AT&T reloads | reason=kept in briefing (priority-protected)
    [INCLUDED] term=AT&T | California Asks Court to Toss AT&T’s Copper Retirement Suit | reason=kept in briefing (priority-protected)
    [INCLUDED] term=iHeart | Good Morning Orlando Comes To An End At 540 WFLF | reason=kept in briefing (priority-protected)
    [INCLUDED] term=Cybersecurity | Rogue AI hacking incidents amplify debate over open-source tech | reason=kept in briefing (priority-protected)
    [INCLUDED] term=Cybersecurity | Cybersecurity expert: 'Moderate confidence' Iran attacked Minnesota water facilities | reason=kept in briefing (priority-protected)
    [INCLUDED] term=Wireless | [Federal Register] Upper C-Band (3.98-4.2 GHz); Expanding Flexible Use of the 3.7 to 4.2 GHz Band | reason=kept in briefing (priority-protected)
    [INCLUDED] term=Wireless | [Federal Register] Auction of Flexible-Use Licenses in the Upper C-Band for Next-Generation Wireless Services Scheduled for April 27, 2027; Comment Sought on Co | reason=kept in briefing (priority-protected)
    [INCLUDED] term=Spectrum | FCC: Dish $2.4B trust fund only for outsiders that built its 5G network | reason=kept in briefing (priority-protected)
    [INCLUDED] term=Spectrum | ASTS Stock Slides After FCC Decision Signals Spectrum Turf War — Analyst Says SpaceX, Rivals Told To 'Stay In Their Lane' - Stocktwits | reason=kept in briefing (priority-protected)
    [INCLUDED] term=ABC | ABC License Probe Proves Unconstitutional, Former FCC Chairs Say 07/29/2026 - MediaPost | reason=kept in briefing (priority-protected)
    [INCLUDED] term=Space | U.S. FCC approves giant space mirror to deliver 'sunlight on demand' | reason=kept in briefing (priority-protected)
    [INCLUDED] term=ABC | FCC chairman defends actions against ABC, says broadcasters must operate 'in the public interest' - AP News | reason=kept in briefing (priority-protected)
    [INCLUDED] term=ABC | ‘A putz’: Michael Steele slams Trump FCC commissioner’s latest ABC attack - MS NOW | reason=kept in briefing (priority-protected)
    [INCLUDED] term=ABC | ABC is done playing defense against the FCC | reason=kept in briefing (priority-protected)
    [INCLUDED] term=ABC | ABC fights FCC order to renew broadcast licenses early - Northeast Times | reason=kept in briefing (priority-protected)
    [INCLUDED] term=ABC | Opinion | ABC is done playing defense against the FCC - Editor and Publisher | reason=kept in briefing (priority-protected)
    [INCLUDED] term=ABC | Public Interest and Labor Organizations Challenge President Trump’s FCC’s Unprecedented Effort to Target ABC Stations Over Broadcast Content, Democracy Forward  | reason=kept in briefing (priority-protected)
    [INCLUDED] term=AT&T | AT&T CEO Says He Can't Deploy Robocall Blockers Without FCC Approval. He's Wrong (2016) | reason=kept in briefing (priority-protected)
    [INCLUDED] term=ABC | ABC accuses FCC of trying to censor its stations - Washington Times | reason=kept in briefing (priority-protected)
    [INCLUDED] term=ABC | ABC Blasts 'Extraordinary And Unprecedented' FCC License Probe 07/31/2026 - MediaPost | reason=kept in briefing (priority-protected)
    [INCLUDED] term=ABC | NAB: FCC Pressure On ABC Licenses Will Loom Over Radio. - Insideradio.com | reason=kept in briefing (priority-protected)
    [INCLUDED] term=ABC | ABC argues that early license review by FCC is ‘retaliation’ for network’s coverage - The Guardian | reason=kept in briefing (priority-protected)
    [INCLUDED] term=ABC | Opinion | ABC is done playing defense against the FCC - Poynter | reason=kept in briefing (priority-protected)
    [INCLUDED] term=Robocall | TENNESSEE AG JOINS 50-STATE COALITION URGING FCC TO HARDEN ROBOCALL DEFENSES - 3B Media News | reason=kept in briefing (priority-protected)
    [INCLUDED] term=ABC | Media FCC ABC Licences - Washington Times | reason=kept in briefing (priority-protected)
    [INCLUDED] term=Robocall | CDT and Allies Urge FCC Not to Violate Privacy of Cell Phone Buyers | reason=kept in briefing (priority-protected)
    [INCLUDED] term=ABC | The USA today.

“ABC accused the FCC of retaliation and attempted censorship over a joke Jimmy Kimmel told. They said th | reason=kept in briefing (priority-protected)
    [INCLUDED] term=ABC | 🚨 FCC's Brendan Carr is calling 4 ABC's licenses 2 b revoked w/ concerns over media ownership.
He's pushing 4 more tran | reason=kept in briefing (priority-protected)
    [INCLUDED] term=ABC | FCC Confirms Free Speech Requires Government Approval

FCC Chairman Brendan Carr defended his pressure campaign against | reason=kept in briefing (priority-protected)
    [INCLUDED] term=The View | FCC Chair Brendan Carr Exposes ‘The View’ by Posting Video Montage of the Hosts Basically Campaigning for the Democrats | reason=kept in briefing (priority-protected)
    [INCLUDED] term=Spectrum | [CSPAN3] FCC Chair Testifies on 2025 Budget Request: statutory obligation? i'm glad you asked. i do know at present there is conversa... | reason=kept in briefing (priority-protected)
    [INCLUDED] term=The View | Busted: 'The View' Hosts (Slightly) Fewer Liberal Guests to Prove to FCC It's a News Show | reason=kept in briefing (priority-protected)
    [INCLUDED] term=ABC | 🔥🔥🔥 EXPLOSIVE

🎯 Trump
🌡️ 100°

📰 Disney and ABC Ask FCC to Reject Petitions to Deny TV License Renewals, Say Agency Is | reason=kept in briefing (priority-protected)
    [INCLUDED] term=ABC | Movie TV Tech Geeks #TVFeatures #JimmyKimmel #JimmyKimmelLive #ABC Jimmy Kimmel’s FCC Fight Could Officially Mark the En | reason=kept in briefing (priority-protected)
    [INCLUDED] term=ABC | Read "ABC is done playing defense against the FCC" on SmartNews: l.smartnews.com/p-8dbMrIdi/M...

It took you long enoug | reason=kept in briefing (priority-protected)
    [INCLUDED] term=ABC | apnews.com/article/fcc-... chairman defends actions against ABC, says broadcasters must operate 'in the public interest' | reason=kept in briefing (priority-protected)
    [INCLUDED] term=ABC | ABC local stations battle the FCC as regulators launch rare early license reviews for eight network channels. Citing pub | reason=kept in briefing (priority-protected)
    [INCLUDED] term=ABC | Bs, then why is Fox News still on the air. Carrs interests are partisan and an assault on the first amendment.

FCC's Ca | reason=kept in briefing (priority-protected)
    [INCLUDED] term=ABC | FCC's Carr defends actions against ABC, citing 'public interest' | AP News apnews.com/article/fcc-... | reason=kept in briefing (priority-protected)
    [INCLUDED] term=Spectrum | "Shares of phone and cable companies have been under pressure in recent months over fears that SpaceX will scoop up more | reason=kept in briefing (priority-protected)
    [INCLUDED] term=Space | Despite hundreds of public comments opposing a giant space mirror that would shine a beam of light roughly five kilometr | reason=kept in briefing (priority-protected)
    [INCLUDED] term=Space | Despite hundreds of public comments (new window) opposing a giant space mirror that would shine a beam of light roughly | reason=kept in briefing (priority-protected)
    [INCLUDED] term=ABC | The headline’s broad strokes are accurate, but it compresses two separate Kimmel incidents into one and presents ABC’s a | reason=kept in briefing (priority-protected)
    [REJECTED] term=ABC | FCC chairman defends actions against ABC, says broadcasters must operate 'in the public interest' - WHEC.com | reason=Duplicate
    [REJECTED] term=ABC | FCC chairman defends actions against ABC, says broadcasters must operate ‘in the public interest’ - Washington Times | reason=Duplicate
    [REJECTED] term=Wireless | [CSPAN] U.S. House of Representatives U.S. House of Representatives: magnifies this target. this helps address these concerns. this would require the... | reason=Duplicate
    [REJECTED] term=Foreign Ownership | [CSPAN] U.S. House of Representatives U.S. House of Representatives: h.r. 820. a bill to direct the federal communications commission to publish a li... | reason=Duplicate
    [REJECTED] term=ABC | apnews.com/article/fcc-... chairman defends actions against ABC, says broadcasters must operate 'in the public interest' | reason=Duplicate
    [REJECTED] term=Space | FAA Proposes Waiving Environmental Laws for Commercial Space Launches and Reentries – NaturalNews . com | reason=Low Confidence
    [REJECTED] term=Spectrum | Ghana Extends 5G Spectrum Auction Timeline Amid Stricter Regulatory Controls – Ghanamma . com | reason=Low Confidence
    [REJECTED] term=Space | The high - stakes battle for invisible real estate in space | reason=Low Confidence
    [REJECTED] term=Spectrum | Ghana Delays 5G Spectrum Auction Timeline Amid Stricter Regulatory Ownership Policies – Ghanamma . com | reason=Low Confidence
    [REJECTED] term=Spectrum | Vodafone Idea gets ₹26 . 8 crore DoT notice for alleged default in spectrum - related rollout obligations | reason=Low Confidence
    [REJECTED] term=Spectrum | Voda Idea gets Rs 26 . 8 cr DoT notice for alleged  default in spectrum - related rollout obligations | reason=Low Confidence
    [REJECTED] term=Spectrum | Voda Idea gets Rs 26 . 8 cr DoT notice for alleged default in spectrum - related rollout obligations | reason=Low Confidence
    [REJECTED] term=Spectrum | Voda Idea gets ₹26 . 8 cr DoT notice for alleged default in spectrum - related rollout obligations | reason=Low Confidence
    [REJECTED] term=Space | AST SpaceMobile vs . Rocket Lab : Which Space - Based Network Stock Is a Better Buy in 2026 ? | reason=Low Confidence
    [REJECTED] term=Artificial Intelligence | Ranking Member Luján Leads Telecommunications , Media Subcommittee Hearing On Artificial Intelligence In Communications Networks | reason=Low Confidence
    [REJECTED] term=AT&T | [CSPAN2] Book TV: not allowed to own stocks that are regulated by the federal communications commi... | reason=Low Confidence
    [REJECTED] term=AT&T | [CSPAN2] Author Discussion on Journalism: not allowed to own stocks that are regulated by the federal communications commi... | reason=Low Confidence
    [REJECTED] term=AT&T | [CSPAN2] Author Discussion on Journalism: that. and the idea was my my dad worked for the federal communications commissio... | reason=Low Confidence
    [REJECTED] term=Foreign Ownership | [CSPAN2] U.S. Senate U.S. Senate: -- an act to direct the federal communications commission to publish a list of e... | reason=Low Confidence
    [REJECTED] term=Spectrum | [CSPAN3] Public Affairs Events: conversation on the senate spectrum auction. that would help support the removal... | reason=Low Confidence

SECTION 4 — COVERAGE GAP
  Coverage gaps flagged: 150
    - Carr Talk: FCC Taking ‘Investigatory Action’ Over TV Network Moves | provider=RSS | why=Surfaced by a single provider (would be missed without it)
    - FCC Releases Details For Upcoming FM CP Auction | provider=RSS | why=Surfaced by a single provider (would be missed without it)
    - FCC Establishes Filing and Auction Dates to Bid on FM CPs | provider=RSS | why=Surfaced by a single provider (would be missed without it)
    - Sixth Circuit to Rehear Case on FCC Data Breach Rules Case | provider=RSS | why=Surfaced by a single provider (would be missed without it)
    - FCC Holds Lifeline Mobile and Broadband Standards Flat for Another Year | provider=RSS | why=Surfaced by a single provider (would be missed without it)
    - Lawmakers Want FCC, NTIA to Protect Wi-Fi at WRC | provider=RSS | why=Surfaced by a single provider (would be missed without it)
    - FCC Probing Recent Flurry of Big Four Affiliation Swaps – ‘This is not the Wild West ... It's not Nam,’ Chairman Carr Says | provider=RSS | why=Surfaced by a single provider (would be missed without it)
    - FCC Clarifies EchoStar/DISH Trust Fund is Only for 5G Network Buildout Suppliers | provider=RSS | why=Surfaced by a single provider (would be missed without it)
    - FCC Report 8/3: Date & Rules Set For FM Auction 114 | provider=RSS | why=Surfaced by a single provider (would be missed without it)
    - PROMTEL, Viasat Partner to Expand Broadband Access Across Mexico | provider=RSS | why=Surfaced by a single provider (would be missed without it)
    - Energy Department to Turn Kentucky Uranium Plant into Data Center and Gas Complex | provider=RSS | why=Surfaced by a single provider (would be missed without it)
    - Anthropic Says Its AI Modeals Hacked 3 Organizations During Testing | provider=RSS | why=Surfaced by a single provider (would be missed without it)
    - Thursday (telco diary) | Vodafone resets, AT&T reloads | provider=RSS | why=Surfaced by a single provider (would be missed without it)
    - California Asks Court to Toss AT&T’s Copper Retirement Suit | provider=RSS | why=Surfaced by a single provider (would be missed without it)
    - BEAD Participants Could Face Tough Finances: Moffett | provider=RSS | why=Surfaced by a single provider (would be missed without it)
    - EU to Crack Down on AI Deepfakes, Illicit Imagery and Hacking with New Team in Brussels | provider=RSS | why=Surfaced by a single provider (would be missed without it)
    - NTIA Clears Remaining 4.4 GigaHertz Study Plans | provider=RSS | why=Surfaced by a single provider (would be missed without it)
    - Jonathan Williams: Super-Sizing Benefits of the Big Beautiful Bill | provider=RSS | why=Surfaced by a single provider (would be missed without it)
    - Letters: Tower Light Logging, VOMs and Plain Talk | provider=RSS | why=Surfaced by a single provider (would be missed without it)
    - Good Morning Orlando Comes To An End At 540 WFLF | provider=RSS | why=Surfaced by a single provider (would be missed without it)
    - “Summer in the Heights”: Radio and TV for High School Kids | provider=RSS | why=Surfaced by a single provider (would be missed without it)
    - Customer service emerges as an early test of AI's impact on jobs | provider=RSS | why=Surfaced by a single provider (would be missed without it)
    - Building the AI backbone, waiting on the AI billions | provider=RSS | why=Surfaced by a single provider (would be missed without it)
    - Ensuring colocation success by eliminating network observability blind spots (Reader Forum) | provider=RSS | why=Surfaced by a single provider (would be missed without it)
    - Savard To Serve As KSDK-5’s Main Anchor | provider=RSS | why=Surfaced by a single provider (would be missed without it)
    - California’s Streaming Loudness Law: One Month On | provider=RSS | why=Surfaced by a single provider (would be missed without it)
    - From the Studio to the C-Suite for Karen Feagins | provider=RSS | why=Surfaced by a single provider (would be missed without it)
    - An Up Quarter For TV At Graham Media | provider=RSS | why=Surfaced by a single provider (would be missed without it)
    - Syracuse Retrans Impasse Irks The ATVA | provider=RSS | why=Surfaced by a single provider (would be missed without it)
    - For This Transaction, Thy Word Is Done | provider=RSS | why=Surfaced by a single provider (would be missed without it)
    - A Power Outage Looms For A Mississippi R&B Outlet | provider=RSS | why=Surfaced by a single provider (would be missed without it)
    - Jayhawk Jilt: NE Kansas Deal Ends In Non-Consummation | provider=RSS | why=Surfaced by a single provider (would be missed without it)
    - Retail Relief: Everpass Makes NFL Sunday Ticket Available Via DirecTV | provider=RSS | why=Surfaced by a single provider (would be missed without it)
    - Letter: Keeping the WBT Site as a Landmark Just Isn’t Logical | provider=RSS | why=Surfaced by a single provider (would be missed without it)
    - Draper Asks for Consolidation Waiver on Delmarva Peninsula | provider=RSS | why=Surfaced by a single provider (would be missed without it)
    - Broadcast Depot to Carry Wheatstone Products in U.S. | provider=RSS | why=Surfaced by a single provider (would be missed without it)
    - Audio Production (From Anywhere) | provider=RSS | why=Surfaced by a single provider (would be missed without it)
    - SBE Announces 2026 National Awards Winners | provider=RSS | why=Surfaced by a single provider (would be missed without it)
    - Rogue AI hacking incidents amplify debate over open-source tech | provider=RSS | why=Surfaced by a single provider (would be missed without it)
    - George Santos settles with CFTC over Kalshi bets | provider=RSS | why=Surfaced by a single provider (would be missed without it)
    - Cybersecurity expert: 'Moderate confidence' Iran attacked Minnesota water facilities | provider=RSS | why=Surfaced by a single provider (would be missed without it)
    - New York alleges Kalshi running illegal gambling operation | provider=RSS | why=Surfaced by a single provider (would be missed without it)
    - T-Mobile Outlook Lacks Transparency | provider=RSS | why=Surfaced by a single provider (would be missed without it)
    - Administration Reworks Federal Land for Data Centers | provider=RSS | why=Surfaced by a single provider (would be missed without it)
    - Eastlan June 2026 Ratings Releases | provider=RSS | why=Surfaced by a single provider (would be missed without it)
    - Nielsen Spring & June 2026 Ratings Releases 7/31 | provider=RSS | why=Surfaced by a single provider (would be missed without it)
    - 96.7 KCAL-FM To Flip To Classic Rock | provider=RSS | why=Surfaced by a single provider (would be missed without it)
    - Audacy To Consolidate Las Vegas Talkers; Shut Down 840 KXNT | provider=RSS | why=Surfaced by a single provider (would be missed without it)
    - MeTVFM Returns To Coachella Valley | provider=RSS | why=Surfaced by a single provider (would be missed without it)
    - Domain Insight 7/31: Will Los Angeles Remember Recuerdo? | provider=RSS | why=Surfaced by a single provider (would be missed without it)
    - [Federal Register] Upper C-Band (3.98-4.2 GHz); Expanding Flexible Use of the 3.7 to 4.2 GHz Band | provider=Federal Register | why=Surfaced by a single provider (would be missed without it)
    - [Federal Register] Requirements for Interference-Tolerant Radio Altimeter Systems | provider=Federal Register | why=Surfaced by a single provider (would be missed without it)
    - [Federal Register] Information Collection Being Reviewed by the Federal Communications Commission | provider=Federal Register | why=Surfaced by a single provider (would be missed without it)
    - [Federal Register] Auction of Flexible-Use Licenses in the Upper C-Band for Next-Generation Wireless Services Scheduled for April 27, 2027; Comment Sought on Co | provider=Federal Register | why=Surfaced by a single provider (would be missed without it)
    - FCC: Dish $2.4B trust fund only for outsiders that built its 5G network | provider=RSS | why=Surfaced by a single provider (would be missed without it)
    - ASTS Stock Slides After FCC Decision Signals Spectrum Turf War — Analyst Says SpaceX, Rivals Told To 'Stay In Their Lane' - Stocktwits | provider=RSS | why=Surfaced by a single provider (would be missed without it)
    - ABC License Probe Proves Unconstitutional, Former FCC Chairs Say 07/29/2026 - MediaPost | provider=RSS | why=Surfaced by a single provider (would be missed without it)
    - U.S. FCC approves giant space mirror to deliver 'sunlight on demand' | provider=RSS | why=Surfaced by a single provider (would be missed without it)
    - FCC chairman defends actions against ABC, says broadcasters must operate 'in the public interest' - AP News | provider=RSS | why=Surfaced by a single provider (would be missed without it)
    - Brendan Carr: ‘I don't view the FCC as the speech police’ - Politico | provider=RSS | why=Surfaced by a single provider (would be missed without it)
    - Brendan Carr | FCC Chair, Jimmy Kimmel, James Talarico, Charlie Kirk, Project 2025, & Biography - Encyclopedia Britannica | provider=RSS | why=Surfaced by a single provider (would be missed without it)
    - ‘A putz’: Michael Steele slams Trump FCC commissioner’s latest ABC attack - MS NOW | provider=RSS | why=Surfaced by a single provider (would be missed without it)
    - ABC is done playing defense against the FCC | provider=RSS | why=Surfaced by a single provider (would be missed without it)
    - FCC Establishes Filing and Auction Dates to Bid on FM CPs - radioworld.com | provider=RSS | why=Surfaced by a single provider (would be missed without it)
    - Lawmakers Want FCC, NTIA to Protect Wi-Fi at WRC - Broadband Breakfast | provider=RSS | why=Surfaced by a single provider (would be missed without it)
    - Sixth Circuit to Rehear Case on FCC Data Breach Rules Case - Broadband Breakfast | provider=RSS | why=Surfaced by a single provider (would be missed without it)
    - FCC Updates Broadband Label Requirements - JD Supra | provider=RSS | why=Surfaced by a single provider (would be missed without it)
    - FCC vote on ownership cap coincides with broadcast-related financial earnings releases | provider=RSS | why=Surfaced by a single provider (would be missed without it)
    - ABC fights FCC order to renew broadcast licenses early - Northeast Times | provider=RSS | why=Surfaced by a single provider (would be missed without it)
    - U.S. exempts SpaceX's Starlink from FCC ban on foreign-made routers | provider=RSS | why=Surfaced by a single provider (would be missed without it)
    - ATTORNEY GENERAL TONG URGES FCC TO STRENGTHEN KNOW YOUR CUSTOMER RULES TO COMBAT ILLEGAL ROBOCALLS - DoingItLocal | provider=RSS | why=Surfaced by a single provider (would be missed without it)
    - Jimmy Kimmel’s FCC Fight Could Officially Mark the End of an Era for Late-Night TV - Collider | provider=RSS | why=Surfaced by a single provider (would be missed without it)
    - Opinion | ABC is done playing defense against the FCC - Editor and Publisher | provider=RSS | why=Surfaced by a single provider (would be missed without it)
    - FCC Report 8/3: Date & Rules Set For FM Auction 114 - RadioInsight | provider=RSS | why=Surfaced by a single provider (would be missed without it)
    - Public Interest and Labor Organizations Challenge President Trump’s FCC’s Unprecedented Effort to Target ABC Stations Over Broadcast Content, Democracy Forward  | provider=RSS | why=Surfaced by a single provider (would be missed without it)
    - AT&T CEO Says He Can't Deploy Robocall Blockers Without FCC Approval. He's Wrong (2016) | provider=RSS | why=Surfaced by a single provider (would be missed without it)
    - ABC accuses FCC of trying to censor its stations - Washington Times | provider=RSS | why=Surfaced by a single provider (would be missed without it)
    - ABC Blasts 'Extraordinary And Unprecedented' FCC License Probe 07/31/2026 - MediaPost | provider=RSS | why=Surfaced by a single provider (would be missed without it)
    - FCC Restricts New Foreign-Produced Robotics and Power Inverter Devices Over National Security Concerns - Homeland Security Today | provider=RSS | why=Surfaced by a single provider (would be missed without it)
    - FCC joins growing chorus of officials concerned about AI use in political ads - National News Desk | provider=RSS | why=Surfaced by a single provider (would be missed without it)
    - Arkansas Joins Nationwide Push for Stronger FCC Rules to Combat Illegal Robocalls - KVOM 101.7 | provider=RSS | why=Surfaced by a single provider (would be missed without it)
    - The FCC spends hundreds of millions subsidizing internet for Alaska schools and libraries. Now it might cut the program. - Anchorage Daily News | provider=RSS | why=Surfaced by a single provider (would be missed without it)
    - NAB: FCC Pressure On ABC Licenses Will Loom Over Radio. - Insideradio.com | provider=RSS | why=Surfaced by a single provider (would be missed without it)
    - FCC bans future Roombas from being sold in the US | provider=RSS | why=Surfaced by a single provider (would be missed without it)
    - ABC argues that early license review by FCC is ‘retaliation’ for network’s coverage - The Guardian | provider=RSS | why=Surfaced by a single provider (would be missed without it)
    - What the FCC Ban on Foreign-Made Robot Vacuums Means for U.S. Consumers - consumerreports.org | provider=RSS | why=Surfaced by a single provider (would be missed without it)
    - FCC Releases Details For Upcoming FM CP Auction - Radio & Television Business Report | provider=RSS | why=Surfaced by a single provider (would be missed without it)
    - Opinion | ABC is done playing defense against the FCC - Poynter | provider=RSS | why=Surfaced by a single provider (would be missed without it)
    - FCC reviewing recent affiliation swap announcement, Chairman Carr says - TheDesk.net | provider=RSS | why=Surfaced by a single provider (would be missed without it)
    - The FCC Just Banned Most Robot Vacuums. Here’s What That Means - CNET | provider=RSS | why=Surfaced by a single provider (would be missed without it)
    - FCC ban on new robot imports hits Toborlife AI amid China debate - Fierce Sensors | provider=RSS | why=Surfaced by a single provider (would be missed without it)
    - Arkansas Attorney General Tim Griffin calls on FCC to crack down on robocalls - KNWA FOX24 | provider=RSS | why=Surfaced by a single provider (would be missed without it)
    - TENNESSEE AG JOINS 50-STATE COALITION URGING FCC TO HARDEN ROBOCALL DEFENSES - 3B Media News | provider=RSS | why=Surfaced by a single provider (would be missed without it)
    - Media FCC ABC Licences - Washington Times | provider=RSS | why=Surfaced by a single provider (would be missed without it)
    - CDT and EPIC File Comments Opposing FCC’s Proposed Identity Collection Requirements for Phone Service | provider=RSS | why=Surfaced by a single provider (would be missed without it)
    - CDT and Allies Urge FCC Not to Violate Privacy of Cell Phone Buyers | provider=RSS | why=Surfaced by a single provider (would be missed without it)
    - Brendan Carr Speaks Out on Jimmy Kimmel, the Media and Trump - Politico | provider=RSS | why=Surfaced by a single provider (would be missed without it)
    - This Week in Regulation for Broadcasters: July 27, 2026 to July 31, 2026 | provider=RSS | why=Surfaced by a single provider (would be missed without it)
    - New Security Obligations for Broadcasters Required by September 29 – Strong Passwords, Updated Software and Hardware, and Firewalls to Protect All Parts of the  | provider=RSS | why=Surfaced by a single provider (would be missed without it)
    - FCC Defines Free Speech as Speech Approved by FCC

FCC Chairman Brendan Carr announced Friday that American broadcasters | provider=BlueSky | why=Surfaced by a single provider (would be missed without it)
    - VIDEO: FCC Chairman Brendan Carr defends regulatory warnings against legacy media during. Carr justifies potential licen | provider=BlueSky | why=Surfaced by a single provider (would be missed without it)
    - How did Brendan Carr become one of Trump's most powerful media allies? We took a closer look at the FCC chair reshaping  | provider=BlueSky | why=Surfaced by a single provider (would be missed without it)
    - Wish the current FCC chairman operated in the public interes!

apnews.com/article/fcc-... | provider=BlueSky | why=Surfaced by a single provider (would be missed without it)
    - The USA today.

“ABC accused the FCC of retaliation and attempted censorship over a joke Jimmy Kimmel told. They said th | provider=BlueSky | why=Surfaced by a single provider (would be missed without it)
    - 🚨 FCC's Brendan Carr is calling 4 ABC's licenses 2 b revoked w/ concerns over media ownership.
He's pushing 4 more tran | provider=BlueSky | why=Surfaced by a single provider (would be missed without it)
    - FCC Confirms Free Speech Requires Government Approval

FCC Chairman Brendan Carr defended his pressure campaign against  | provider=BlueSky | why=Surfaced by a single provider (would be missed without it)
    - FCC Chair Brendan Carr Exposes ‘The View’ by Posting Video Montage of the Hosts Basically Campaigning for the Democrats  | provider=BlueSky | why=Surfaced by a single provider (would be missed without it)
    - Politico: What would you say if a future Democratic FCC chair apply pressure on conservative talk show programs. 

Brend | provider=BlueSky | why=Surfaced by a single provider (would be missed without it)
    - [CSPAN3] FCC Chair Testifies on 2025 Budget Request: statutory obligation? i'm glad you asked. i do know at present there is conversa... | provider=Cspan3 | why=Surfaced by a single provider (would be missed without it)
    - but why does the fcc get to ban them? | provider=BlueSky | why=Surfaced by a single provider (would be missed without it)
    - so wait a sec

why is the fcc banning chinese humanoid robots?

what does the fcc have to do with these things?

i'm on  | provider=BlueSky | why=Surfaced by a single provider (would be missed without it)
    - An FCC representative confirmed to CNET that vacuum devices are covered in the latest updates. Pool-cleaning robots and  | provider=BlueSky | why=Surfaced by a single provider (would be missed without it)
    - Busted: 'The View' Hosts (Slightly) Fewer Liberal Guests to Prove to FCC It's a News Show | provider=BlueSky | why=Surfaced by a single provider (would be missed without it)
    - In case anyone was wondering why the FCC and DoE were among the first to be assimilated | provider=BlueSky | why=Surfaced by a single provider (would be missed without it)
    - Sorry I can’t, I have to work overtime to pay off my FCC fines. I plan on saying that again on air too so I’ll miss next | provider=BlueSky | why=Surfaced by a single provider (would be missed without it)
    - 🔥🔥🔥 EXPLOSIVE

🎯 Trump
🌡️ 100°

📰 Disney and ABC Ask FCC to Reject Petitions to Deny TV License Renewals, Say Agency Is  | provider=BlueSky | why=Surfaced by a single provider (would be missed without it)
    - Movie TV Tech Geeks #TVFeatures #JimmyKimmel #JimmyKimmelLive #ABC Jimmy Kimmel’s FCC Fight Could Officially Mark the En | provider=BlueSky | why=Surfaced by a single provider (would be missed without it)
    - So now the FCC is banning foreign-made robot vacuum cleaners? These people are idiots. | provider=BlueSky | why=Surfaced by a single provider (would be missed without it)
    - It means they didn’t pay whatever bribe the fcc was asking for | provider=BlueSky | why=Surfaced by a single provider (would be missed without it)
    - The FCC Just Banned Most Robot Vacuums. www.cnet.com/tech/computi... | provider=BlueSky | why=Surfaced by a single provider (would be missed without it)
    - Talk Around Town: The FCC Just Slammed the Gate on Foreign Robots—and One Shaky Company Claims It's Holding the Key | provider=BlueSky | why=Surfaced by a single provider (would be missed without it)
    - Reverend Donald Wildman

Drumpf might give the Rev a posthumous Peace Prize as this guy started the FCC Fuss during the  | provider=BlueSky | why=Surfaced by a single provider (would be missed without it)
    - FCC Bans Chinese Humanoid Robots Nationwide Citing National Security Risks

The Federal Communications Commission (FCC)  | provider=BlueSky | why=Surfaced by a single provider (would be missed without it)
    - Read "ABC is done playing defense against the FCC" on SmartNews: l.smartnews.com/p-8dbMrIdi/M...

It took you long enoug | provider=BlueSky | why=Surfaced by a single provider (would be missed without it)
    - apnews.com/article/fcc-... chairman defends actions against ABC, says broadcasters must operate 'in the public interest' | provider=BlueSky | why=Surfaced by a single provider (would be missed without it)
    - They want state run propaganda, not factual reporting.

apnews.com/article/fcc-... | provider=BlueSky | why=Surfaced by a single provider (would be missed without it)
    - ABC local stations battle the FCC as regulators launch rare early license reviews for eight network channels. Citing pub | provider=BlueSky | why=Surfaced by a single provider (would be missed without it)
    - The FCC's Robot Ban Has a Weight Limit, and Most Robot Vacuums Exceed It

Follow for more.

https://1ban.news/us-foreign | provider=BlueSky | why=Surfaced by a single provider (would be missed without it)
    - Bs, then why is Fox News still on the air. Carrs interests are partisan and an assault on the first amendment.

FCC's Ca | provider=BlueSky | why=Surfaced by a single provider (would be missed without it)
    - The FCC just banned imports of Chinese-made robots — including humanoid bots and robot vacuums — over #national security | provider=BlueSky | why=Surfaced by a single provider (would be missed without it)
    - Regulators Block EchoStar From Using $2.4 Billion 5G Fund for Internal Debts

https://wsnext.com/5ea2706-EchoStar-FCC-ru | provider=BlueSky | why=Surfaced by a single provider (would be missed without it)
    - FCC's Carr defends actions against ABC, citing 'public interest' | AP News apnews.com/article/fcc-... | provider=BlueSky | why=Surfaced by a single provider (would be missed without it)
    - apnews.com/article/fcc-... | provider=BlueSky | why=Surfaced by a single provider (would be missed without it)
    - "Shares of phone and cable companies have been under pressure in recent months over fears that SpaceX will scoop up more | provider=BlueSky | why=Surfaced by a single provider (would be missed without it)
    - Brendan Carr has direct ties to The Heritage Foundation, having authored the chapter on the Federal Communications Commi | provider=BlueSky | why=Surfaced by a single provider (would be missed without it)
    - [CSPAN2] FCC Commissioner  Others Testify on Biden Administration Policies: senior republican commissioner on the federal communications commission he's bee... | provider=Cspan2 | why=Surfaced by a single provider (would be missed without it)
    - [CSPAN3] FCC Commissioner  Others Testify on Biden Administration Policies: excellent witnesses, brandon carr is a commissioner on the federal communication... | provider=Cspan3 | why=Surfaced by a single provider (would be missed without it)
    - [opens mouth and makes that data header noise that the emergency alert system makes, leading to my being fined by the fc | provider=BlueSky | why=Surfaced by a single provider (would be missed without it)
    - Despite hundreds of public comments opposing a giant space mirror that would shine a beam of light roughly five kilometr | provider=BlueSky | why=Surfaced by a single provider (would be missed without it)
    - Despite hundreds of public comments (new window) opposing a giant space mirror that would shine a beam of light roughly  | provider=BlueSky | why=Surfaced by a single provider (would be missed without it)
    - Thanks to the www.lightreading.com/5g/spacex-mi.... | provider=BlueSky | why=Surfaced by a single provider (would be missed without it)
    - @lasrina.bsky.social

 www.cnet.com/tech/computi... | provider=BlueSky | why=Surfaced by a single provider (would be missed without it)
    - How is this being covered on SportsCenter? If this is covered I demand that General Hospital also get covered.  This is  | provider=BlueSky | why=Surfaced by a single provider (would be missed without it)
    - Just likehis LORD AND MASTER, all he knows how to do is LIE...did anyone from CNN counter his statement, or are they run | provider=BlueSky | why=Surfaced by a single provider (would be missed without it)
    - ⚡ A successful prototype does not always mean certification success.

PCBA manufacturing quality can directly affect:

R | provider=BlueSky | why=Surfaced by a single provider (would be missed without it)
    - Trump bans robot vacuums, really. 

apple.news/Az-zPdjIgTwi... | provider=BlueSky | why=Surfaced by a single provider (would be missed without it)
    - youtube.com/shorts/252Se... | provider=BlueSky | why=Surfaced by a single provider (would be missed without it)
    - Biden v. Nebraska, Bost v. Illinois Board of Elections, Brown v. Department of Education, Calcutt v. FDIC, Corner Post v | provider=BlueSky | why=Surfaced by a single provider (would be missed without it)
    - The headline’s broad strokes are accurate, but it compresses two separate Kimmel incidents into one and presents ABC’s a | provider=BlueSky | why=Surfaced by a single provider (would be missed without it)
    - Source: www.usatoday.com/story/tech/2... | provider=BlueSky | why=Surfaced by a single provider (would be missed without it)

SECTION 5 — EDITORIAL QUEUE (requires human review)
  Items requiring review: 150
    - Carr Talk: FCC Taking ‘Investigatory Action’ Over TV Network Moves | Surfaced by a single provider (would be missed without it)
    - FCC Releases Details For Upcoming FM CP Auction | Surfaced by a single provider (would be missed without it)
    - FCC Establishes Filing and Auction Dates to Bid on FM CPs | Surfaced by a single provider (would be missed without it)
    - Sixth Circuit to Rehear Case on FCC Data Breach Rules Case | Surfaced by a single provider (would be missed without it)
    - FCC Holds Lifeline Mobile and Broadband Standards Flat for Another Year | Surfaced by a single provider (would be missed without it)
    - Lawmakers Want FCC, NTIA to Protect Wi-Fi at WRC | Surfaced by a single provider (would be missed without it)
    - FCC Probing Recent Flurry of Big Four Affiliation Swaps – ‘This is not the Wild West ... It's not Nam,’ Chairman Carr Says | Surfaced by a single provider (would be missed without it)
    - FCC Clarifies EchoStar/DISH Trust Fund is Only for 5G Network Buildout Suppliers | Surfaced by a single provider (would be missed without it)
    - FCC Report 8/3: Date & Rules Set For FM Auction 114 | Surfaced by a single provider (would be missed without it)
    - PROMTEL, Viasat Partner to Expand Broadband Access Across Mexico | Surfaced by a single provider (would be missed without it)
    - Energy Department to Turn Kentucky Uranium Plant into Data Center and Gas Complex | Surfaced by a single provider (would be missed without it)
    - Anthropic Says Its AI Modeals Hacked 3 Organizations During Testing | Surfaced by a single provider (would be missed without it)
    - Thursday (telco diary) | Vodafone resets, AT&T reloads | Surfaced by a single provider (would be missed without it)
    - California Asks Court to Toss AT&T’s Copper Retirement Suit | Surfaced by a single provider (would be missed without it)
    - BEAD Participants Could Face Tough Finances: Moffett | Surfaced by a single provider (would be missed without it)
    - EU to Crack Down on AI Deepfakes, Illicit Imagery and Hacking with New Team in Brussels | Surfaced by a single provider (would be missed without it)
    - NTIA Clears Remaining 4.4 GigaHertz Study Plans | Surfaced by a single provider (would be missed without it)
    - Jonathan Williams: Super-Sizing Benefits of the Big Beautiful Bill | Surfaced by a single provider (would be missed without it)
    - Letters: Tower Light Logging, VOMs and Plain Talk | Surfaced by a single provider (would be missed without it)
    - Good Morning Orlando Comes To An End At 540 WFLF | Surfaced by a single provider (would be missed without it)
    - “Summer in the Heights”: Radio and TV for High School Kids | Surfaced by a single provider (would be missed without it)
    - Customer service emerges as an early test of AI's impact on jobs | Surfaced by a single provider (would be missed without it)
    - Building the AI backbone, waiting on the AI billions | Surfaced by a single provider (would be missed without it)
    - Ensuring colocation success by eliminating network observability blind spots (Reader Forum) | Surfaced by a single provider (would be missed without it)
    - Savard To Serve As KSDK-5’s Main Anchor | Surfaced by a single provider (would be missed without it)
    - California’s Streaming Loudness Law: One Month On | Surfaced by a single provider (would be missed without it)
    - From the Studio to the C-Suite for Karen Feagins | Surfaced by a single provider (would be missed without it)
    - An Up Quarter For TV At Graham Media | Surfaced by a single provider (would be missed without it)
    - Syracuse Retrans Impasse Irks The ATVA | Surfaced by a single provider (would be missed without it)
    - For This Transaction, Thy Word Is Done | Surfaced by a single provider (would be missed without it)
    - A Power Outage Looms For A Mississippi R&B Outlet | Surfaced by a single provider (would be missed without it)
    - Jayhawk Jilt: NE Kansas Deal Ends In Non-Consummation | Surfaced by a single provider (would be missed without it)
    - Retail Relief: Everpass Makes NFL Sunday Ticket Available Via DirecTV | Surfaced by a single provider (would be missed without it)
    - Letter: Keeping the WBT Site as a Landmark Just Isn’t Logical | Surfaced by a single provider (would be missed without it)
    - Draper Asks for Consolidation Waiver on Delmarva Peninsula | Surfaced by a single provider (would be missed without it)
    - Broadcast Depot to Carry Wheatstone Products in U.S. | Surfaced by a single provider (would be missed without it)
    - Audio Production (From Anywhere) | Surfaced by a single provider (would be missed without it)
    - SBE Announces 2026 National Awards Winners | Surfaced by a single provider (would be missed without it)
    - Rogue AI hacking incidents amplify debate over open-source tech | Surfaced by a single provider (would be missed without it)
    - George Santos settles with CFTC over Kalshi bets | Surfaced by a single provider (would be missed without it)
    - Cybersecurity expert: 'Moderate confidence' Iran attacked Minnesota water facilities | Surfaced by a single provider (would be missed without it)
    - New York alleges Kalshi running illegal gambling operation | Surfaced by a single provider (would be missed without it)
    - T-Mobile Outlook Lacks Transparency | Surfaced by a single provider (would be missed without it)
    - Administration Reworks Federal Land for Data Centers | Surfaced by a single provider (would be missed without it)
    - Eastlan June 2026 Ratings Releases | Surfaced by a single provider (would be missed without it)
    - Nielsen Spring & June 2026 Ratings Releases 7/31 | Surfaced by a single provider (would be missed without it)
    - 96.7 KCAL-FM To Flip To Classic Rock | Surfaced by a single provider (would be missed without it)
    - Audacy To Consolidate Las Vegas Talkers; Shut Down 840 KXNT | Surfaced by a single provider (would be missed without it)
    - MeTVFM Returns To Coachella Valley | Surfaced by a single provider (would be missed without it)
    - Domain Insight 7/31: Will Los Angeles Remember Recuerdo? | Surfaced by a single provider (would be missed without it)
    - [Federal Register] Upper C-Band (3.98-4.2 GHz); Expanding Flexible Use of the 3.7 to 4.2 GHz Band | Surfaced by a single provider (would be missed without it)
    - [Federal Register] Requirements for Interference-Tolerant Radio Altimeter Systems | Surfaced by a single provider (would be missed without it)
    - [Federal Register] Information Collection Being Reviewed by the Federal Communications Commission | Surfaced by a single provider (would be missed without it)
    - [Federal Register] Auction of Flexible-Use Licenses in the Upper C-Band for Next-Generation Wireless Services Scheduled for April 27, 2027; Comment Sought on Co | Surfaced by a single provider (would be missed without it)
    - FCC: Dish $2.4B trust fund only for outsiders that built its 5G network | Surfaced by a single provider (would be missed without it)
    - ASTS Stock Slides After FCC Decision Signals Spectrum Turf War — Analyst Says SpaceX, Rivals Told To 'Stay In Their Lane' - Stocktwits | Surfaced by a single provider (would be missed without it)
    - ABC License Probe Proves Unconstitutional, Former FCC Chairs Say 07/29/2026 - MediaPost | Surfaced by a single provider (would be missed without it)
    - U.S. FCC approves giant space mirror to deliver 'sunlight on demand' | Surfaced by a single provider (would be missed without it)
    - FCC chairman defends actions against ABC, says broadcasters must operate 'in the public interest' - AP News | Surfaced by a single provider (would be missed without it)
    - Brendan Carr: ‘I don't view the FCC as the speech police’ - Politico | Surfaced by a single provider (would be missed without it)
    - Brendan Carr | FCC Chair, Jimmy Kimmel, James Talarico, Charlie Kirk, Project 2025, & Biography - Encyclopedia Britannica | Surfaced by a single provider (would be missed without it)
    - ‘A putz’: Michael Steele slams Trump FCC commissioner’s latest ABC attack - MS NOW | Surfaced by a single provider (would be missed without it)
    - ABC is done playing defense against the FCC | Surfaced by a single provider (would be missed without it)
    - FCC Establishes Filing and Auction Dates to Bid on FM CPs - radioworld.com | Surfaced by a single provider (would be missed without it)
    - Lawmakers Want FCC, NTIA to Protect Wi-Fi at WRC - Broadband Breakfast | Surfaced by a single provider (would be missed without it)
    - Sixth Circuit to Rehear Case on FCC Data Breach Rules Case - Broadband Breakfast | Surfaced by a single provider (would be missed without it)
    - FCC Updates Broadband Label Requirements - JD Supra | Surfaced by a single provider (would be missed without it)
    - FCC vote on ownership cap coincides with broadcast-related financial earnings releases | Surfaced by a single provider (would be missed without it)
    - ABC fights FCC order to renew broadcast licenses early - Northeast Times | Surfaced by a single provider (would be missed without it)
    - U.S. exempts SpaceX's Starlink from FCC ban on foreign-made routers | Surfaced by a single provider (would be missed without it)
    - ATTORNEY GENERAL TONG URGES FCC TO STRENGTHEN KNOW YOUR CUSTOMER RULES TO COMBAT ILLEGAL ROBOCALLS - DoingItLocal | Surfaced by a single provider (would be missed without it)
    - Jimmy Kimmel’s FCC Fight Could Officially Mark the End of an Era for Late-Night TV - Collider | Surfaced by a single provider (would be missed without it)
    - Opinion | ABC is done playing defense against the FCC - Editor and Publisher | Surfaced by a single provider (would be missed without it)
    - FCC Report 8/3: Date & Rules Set For FM Auction 114 - RadioInsight | Surfaced by a single provider (would be missed without it)
    - Public Interest and Labor Organizations Challenge President Trump’s FCC’s Unprecedented Effort to Target ABC Stations Over Broadcast Content, Democracy Forward  | Surfaced by a single provider (would be missed without it)
    - AT&T CEO Says He Can't Deploy Robocall Blockers Without FCC Approval. He's Wrong (2016) | Surfaced by a single provider (would be missed without it)
    - ABC accuses FCC of trying to censor its stations - Washington Times | Surfaced by a single provider (would be missed without it)
    - ABC Blasts 'Extraordinary And Unprecedented' FCC License Probe 07/31/2026 - MediaPost | Surfaced by a single provider (would be missed without it)
    - FCC Restricts New Foreign-Produced Robotics and Power Inverter Devices Over National Security Concerns - Homeland Security Today | Surfaced by a single provider (would be missed without it)
    - FCC joins growing chorus of officials concerned about AI use in political ads - National News Desk | Surfaced by a single provider (would be missed without it)
    - Arkansas Joins Nationwide Push for Stronger FCC Rules to Combat Illegal Robocalls - KVOM 101.7 | Surfaced by a single provider (would be missed without it)
    - The FCC spends hundreds of millions subsidizing internet for Alaska schools and libraries. Now it might cut the program. - Anchorage Daily News | Surfaced by a single provider (would be missed without it)
    - NAB: FCC Pressure On ABC Licenses Will Loom Over Radio. - Insideradio.com | Surfaced by a single provider (would be missed without it)
    - FCC bans future Roombas from being sold in the US | Surfaced by a single provider (would be missed without it)
    - ABC argues that early license review by FCC is ‘retaliation’ for network’s coverage - The Guardian | Surfaced by a single provider (would be missed without it)
    - What the FCC Ban on Foreign-Made Robot Vacuums Means for U.S. Consumers - consumerreports.org | Surfaced by a single provider (would be missed without it)
    - FCC Releases Details For Upcoming FM CP Auction - Radio & Television Business Report | Surfaced by a single provider (would be missed without it)
    - Opinion | ABC is done playing defense against the FCC - Poynter | Surfaced by a single provider (would be missed without it)
    - FCC reviewing recent affiliation swap announcement, Chairman Carr says - TheDesk.net | Surfaced by a single provider (would be missed without it)
    - The FCC Just Banned Most Robot Vacuums. Here’s What That Means - CNET | Surfaced by a single provider (would be missed without it)
    - FCC ban on new robot imports hits Toborlife AI amid China debate - Fierce Sensors | Surfaced by a single provider (would be missed without it)
    - Arkansas Attorney General Tim Griffin calls on FCC to crack down on robocalls - KNWA FOX24 | Surfaced by a single provider (would be missed without it)
    - TENNESSEE AG JOINS 50-STATE COALITION URGING FCC TO HARDEN ROBOCALL DEFENSES - 3B Media News | Surfaced by a single provider (would be missed without it)
    - Media FCC ABC Licences - Washington Times | Surfaced by a single provider (would be missed without it)
    - CDT and EPIC File Comments Opposing FCC’s Proposed Identity Collection Requirements for Phone Service | Surfaced by a single provider (would be missed without it)
    - CDT and Allies Urge FCC Not to Violate Privacy of Cell Phone Buyers | Surfaced by a single provider (would be missed without it)
    - Brendan Carr Speaks Out on Jimmy Kimmel, the Media and Trump - Politico | Surfaced by a single provider (would be missed without it)
    - This Week in Regulation for Broadcasters: July 27, 2026 to July 31, 2026 | Surfaced by a single provider (would be missed without it)
    - New Security Obligations for Broadcasters Required by September 29 – Strong Passwords, Updated Software and Hardware, and Firewalls to Protect All Parts of the  | Surfaced by a single provider (would be missed without it)
    - FCC Defines Free Speech as Speech Approved by FCC

FCC Chairman Brendan Carr announced Friday that American broadcasters | Surfaced by a single provider (would be missed without it)
    - VIDEO: FCC Chairman Brendan Carr defends regulatory warnings against legacy media during. Carr justifies potential licen | Surfaced by a single provider (would be missed without it)
    - How did Brendan Carr become one of Trump's most powerful media allies? We took a closer look at the FCC chair reshaping  | Surfaced by a single provider (would be missed without it)
    - Wish the current FCC chairman operated in the public interes!

apnews.com/article/fcc-... | Surfaced by a single provider (would be missed without it)
    - The USA today.

“ABC accused the FCC of retaliation and attempted censorship over a joke Jimmy Kimmel told. They said th | Surfaced by a single provider (would be missed without it)
    - 🚨 FCC's Brendan Carr is calling 4 ABC's licenses 2 b revoked w/ concerns over media ownership.
He's pushing 4 more tran | Surfaced by a single provider (would be missed without it)
    - FCC Confirms Free Speech Requires Government Approval

FCC Chairman Brendan Carr defended his pressure campaign against  | Surfaced by a single provider (would be missed without it)
    - FCC Chair Brendan Carr Exposes ‘The View’ by Posting Video Montage of the Hosts Basically Campaigning for the Democrats  | Surfaced by a single provider (would be missed without it)
    - Politico: What would you say if a future Democratic FCC chair apply pressure on conservative talk show programs. 

Brend | Surfaced by a single provider (would be missed without it)
    - [CSPAN3] FCC Chair Testifies on 2025 Budget Request: statutory obligation? i'm glad you asked. i do know at present there is conversa... | Surfaced by a single provider (would be missed without it)
    - but why does the fcc get to ban them? | Surfaced by a single provider (would be missed without it)
    - so wait a sec

why is the fcc banning chinese humanoid robots?

what does the fcc have to do with these things?

i'm on  | Surfaced by a single provider (would be missed without it)
    - An FCC representative confirmed to CNET that vacuum devices are covered in the latest updates. Pool-cleaning robots and  | Surfaced by a single provider (would be missed without it)
    - Busted: 'The View' Hosts (Slightly) Fewer Liberal Guests to Prove to FCC It's a News Show | Surfaced by a single provider (would be missed without it)
    - In case anyone was wondering why the FCC and DoE were among the first to be assimilated | Surfaced by a single provider (would be missed without it)
    - Sorry I can’t, I have to work overtime to pay off my FCC fines. I plan on saying that again on air too so I’ll miss next | Surfaced by a single provider (would be missed without it)
    - 🔥🔥🔥 EXPLOSIVE

🎯 Trump
🌡️ 100°

📰 Disney and ABC Ask FCC to Reject Petitions to Deny TV License Renewals, Say Agency Is  | Surfaced by a single provider (would be missed without it)
    - Movie TV Tech Geeks #TVFeatures #JimmyKimmel #JimmyKimmelLive #ABC Jimmy Kimmel’s FCC Fight Could Officially Mark the En | Surfaced by a single provider (would be missed without it)
    - So now the FCC is banning foreign-made robot vacuum cleaners? These people are idiots. | Surfaced by a single provider (would be missed without it)
    - It means they didn’t pay whatever bribe the fcc was asking for | Surfaced by a single provider (would be missed without it)
    - The FCC Just Banned Most Robot Vacuums. www.cnet.com/tech/computi... | Surfaced by a single provider (would be missed without it)
    - Talk Around Town: The FCC Just Slammed the Gate on Foreign Robots—and One Shaky Company Claims It's Holding the Key | Surfaced by a single provider (would be missed without it)
    - Reverend Donald Wildman

Drumpf might give the Rev a posthumous Peace Prize as this guy started the FCC Fuss during the  | Surfaced by a single provider (would be missed without it)
    - FCC Bans Chinese Humanoid Robots Nationwide Citing National Security Risks

The Federal Communications Commission (FCC)  | Surfaced by a single provider (would be missed without it)
    - Read "ABC is done playing defense against the FCC" on SmartNews: l.smartnews.com/p-8dbMrIdi/M...

It took you long enoug | Surfaced by a single provider (would be missed without it)
    - apnews.com/article/fcc-... chairman defends actions against ABC, says broadcasters must operate 'in the public interest' | Surfaced by a single provider (would be missed without it)
    - They want state run propaganda, not factual reporting.

apnews.com/article/fcc-... | Surfaced by a single provider (would be missed without it)
    - ABC local stations battle the FCC as regulators launch rare early license reviews for eight network channels. Citing pub | Surfaced by a single provider (would be missed without it)
    - The FCC's Robot Ban Has a Weight Limit, and Most Robot Vacuums Exceed It

Follow for more.

https://1ban.news/us-foreign | Surfaced by a single provider (would be missed without it)
    - Bs, then why is Fox News still on the air. Carrs interests are partisan and an assault on the first amendment.

FCC's Ca | Surfaced by a single provider (would be missed without it)
    - The FCC just banned imports of Chinese-made robots — including humanoid bots and robot vacuums — over #national security | Surfaced by a single provider (would be missed without it)
    - Regulators Block EchoStar From Using $2.4 Billion 5G Fund for Internal Debts

https://wsnext.com/5ea2706-EchoStar-FCC-ru | Surfaced by a single provider (would be missed without it)
    - FCC's Carr defends actions against ABC, citing 'public interest' | AP News apnews.com/article/fcc-... | Surfaced by a single provider (would be missed without it)
    - apnews.com/article/fcc-... | Surfaced by a single provider (would be missed without it)
    - "Shares of phone and cable companies have been under pressure in recent months over fears that SpaceX will scoop up more | Surfaced by a single provider (would be missed without it)
    - Brendan Carr has direct ties to The Heritage Foundation, having authored the chapter on the Federal Communications Commi | Surfaced by a single provider (would be missed without it)
    - [CSPAN2] FCC Commissioner  Others Testify on Biden Administration Policies: senior republican commissioner on the federal communications commission he's bee... | Surfaced by a single provider (would be missed without it)
    - [CSPAN3] FCC Commissioner  Others Testify on Biden Administration Policies: excellent witnesses, brandon carr is a commissioner on the federal communication... | Surfaced by a single provider (would be missed without it)
    - [opens mouth and makes that data header noise that the emergency alert system makes, leading to my being fined by the fc | Surfaced by a single provider (would be missed without it)
    - Despite hundreds of public comments opposing a giant space mirror that would shine a beam of light roughly five kilometr | Surfaced by a single provider (would be missed without it)
    - Despite hundreds of public comments (new window) opposing a giant space mirror that would shine a beam of light roughly  | Surfaced by a single provider (would be missed without it)
    - Thanks to the www.lightreading.com/5g/spacex-mi.... | Surfaced by a single provider (would be missed without it)
    - @lasrina.bsky.social

 www.cnet.com/tech/computi... | Surfaced by a single provider (would be missed without it)
    - How is this being covered on SportsCenter? If this is covered I demand that General Hospital also get covered.  This is  | Surfaced by a single provider (would be missed without it)
    - Just likehis LORD AND MASTER, all he knows how to do is LIE...did anyone from CNN counter his statement, or are they run | Surfaced by a single provider (would be missed without it)
    - ⚡ A successful prototype does not always mean certification success.

PCBA manufacturing quality can directly affect:

R | Surfaced by a single provider (would be missed without it)
    - Trump bans robot vacuums, really. 

apple.news/Az-zPdjIgTwi... | Surfaced by a single provider (would be missed without it)
    - youtube.com/shorts/252Se... | Surfaced by a single provider (would be missed without it)
    - Biden v. Nebraska, Bost v. Illinois Board of Elections, Brown v. Department of Education, Calcutt v. FDIC, Corner Post v | Surfaced by a single provider (would be missed without it)
    - The headline’s broad strokes are accurate, but it compresses two separate Kimmel incidents into one and presents ABC’s a | Surfaced by a single provider (would be missed without it)
    - Source: www.usatoday.com/story/tech/2... | Surfaced by a single provider (would be missed without it)

========================================================================
========================================================================
FCC BULLETIN — EDITOR AUDIT   agency=fcc   2026-08-03T00:31:35
========================================================================

SECTION 1 — ARTICLES COLLECTED
  Total collected (post domain-exclusion): 228
  Unique after dedup: 201   Classified: 196   In briefing: 150
  Provider breakdown:
    Talkwalker       0
    NewsAPI.ai       0
    Event Registry   0
    RSS              114
    Government       0
    GDELT            0
    Other            114

SECTION 2 — ARTICLES REMOVED
  Total removed: 77
  [Duplicate] — 26
    - FCC Holds Lifeline Mobile and Broadband Standards Flat for Another Year - Broadband Breakfast  | provider=RSS | reason=Duplicate
    - FCC: Dish $2.4B trust fund only for outsiders that built its 5G network - Light Reading  | provider=RSS | reason=Duplicate
    - FCC Probing Recent Flurry of Big Four Affiliation Swaps – ‘This is not the Wild West ... It's not Nam,’ Chairman Carr Says - Broadband Breakfast  | provider=RSS | reason=Duplicate
    - Carr Talk: FCC Taking ‘Investigatory Action’ Over TV Network Moves - Radio & Television Business Report  | provider=RSS | reason=Duplicate
    - FCC joins growing chorus of officials concerned about AI use in political ads - National News Desk  | provider=RSS | reason=Duplicate
    - Auction of Flexible-Use Licenses in the Upper C-Band for Next-Generation Wireless Services Scheduled for April 27, 2027; Comment Sought on Competitive Bidding P  | provider=RSS | reason=Duplicate
    - Information Collection Being Reviewed by the Federal Communications Commission  | provider=RSS | reason=Duplicate
    - Upper C-Band (3.98-4.2 GHz); Expanding Flexible Use of the 3.7 to 4.2 GHz Band  | provider=RSS | reason=Duplicate
    - Information Collection Being Submitted for Review and Approval to Office of Management and Budget  | provider=RSS | reason=Duplicate
    - FCC reviewing recent affiliation swap announcement, Chairman Carr says  | provider=RSS | reason=Duplicate
    - FCC chairman defends actions against ABC, says broadcasters must operate ‘in the public interest’ - Washington Times  | provider=RSS | reason=Duplicate
    - [CSPAN] Federalist Society Previews Supreme Court Term Part 1: delegation something we should consider. the inspector general's office has aske...  | provider=Cspan | reason=Duplicate
    - [CSPAN] Federalist Society Previews Supreme Court Term Part 1: has asked for a search warrant in that case. there are a bunch of cases involvin...  | provider=Cspan | reason=Duplicate
    - [CSPAN] Federalist Society Previews Supreme Court Term: delegation something we should consider. the inspector general's office has aske...  | provider=Cspan | reason=Duplicate
    - [CSPAN2] FCC Commissioner  Others Testify on Biden Administration Policies: okay. today were joined by excellent witnesses and the honorable senior republic...  | provider=Cspan2 | reason=Duplicate
    - [CSPAN3] Discussion on Emerging AI Technologies: media attack new media and try to use regulation to deal with that. it is really...  | provider=Cspan3 | reason=Duplicate
    - [CSPAN3] Discussion on Emerging AI Technologies: to use regulation to deal with that. it is really because of newspapers lobbying...  | provider=Cspan3 | reason=Duplicate
    - [CSPAN] U.S. House of Representatives U.S. House of Representatives: sector. the fact act will require the federal communications commission to publi...  | provider=Cspan | reason=Duplicate
    - [CSPAN] U.S. House of Representatives U.S. House of Representatives: magnifies this target. this helps address these concerns. this would require the...  | provider=Cspan | reason=Duplicate
    - [CSPAN] U.S. House of Representatives U.S. House of Representatives: h.r. 820. a bill to direct the federal communications commission to publish a li...  | provider=Cspan | reason=Duplicate
    - [CSPAN] U.S. House of Representatives U.S. House of Representatives: recognized as the equipment and services used in their drones to the federal com...  | provider=Cspan | reason=Duplicate
    - [CSPAN3] Nixon Administration 1970s Womens Initiatives: summary was urging the appointment of a woman to the federal communications comm...  | provider=Cspan3 | reason=Duplicate
    - [CSPAN3] Nixon Administration 1970s Womens Initiatives: nixon. this is an item in his news summary was urging the appointment of a woman...  | provider=Cspan3 | reason=Duplicate
    - [CSPAN] NTSB Chair and Others Discuss New Vehicle Technology and Safety Standards: yet, there is more work to be done. the federal communications commission wil  | provider=Cspan | reason=Duplicate
    - apnews.com/article/fcc-... chairman defends actions against ABC, says broadcasters must operate 'in the public interest'  | provider=BlueSky | reason=Duplicate
    - apnews.com/article/fcc-...  | provider=BlueSky | reason=Duplicate
  [Corporate Noise] — 5
    - Aaron Carreno Exits Civic Media  | provider=RSS | reason=Corporate Noise
    - Beasley Augusta OM Tee Gentry Retires  | provider=RSS | reason=Corporate Noise
    - WorldCast Systems Introduces Ecreso SwitchOver  | provider=RSS | reason=Corporate Noise
    - Delta Media Promotes Two In Lafayette & Lake Charles  | provider=RSS | reason=Corporate Noise
    - WSEO Joins Southeast Ohio's Wolf  | provider=RSS | reason=Corporate Noise
  [Low Confidence] — 46
    - Biden v. Nebraska, Bost v. Illinois Board of Elections, Brown v. Department of Education, Calcutt v. FDIC, Corner Post v  | provider=BlueSky | reason=Low Confidence
    - The headline’s broad strokes are accurate, but it compresses two separate Kimmel incidents into one and presents ABC’s a  | provider=BlueSky | reason=Low Confidence
    - Source: www.usatoday.com/story/tech/2...  | provider=BlueSky | reason=Low Confidence
    - clicksp.doseofdemocracy.com/f/a/9PRfLinC...  | provider=BlueSky | reason=Low Confidence
    - www.propublica.org/article/para...  | provider=BlueSky | reason=Low Confidence
    - #censorship #freespeech #freeexpression  | provider=BlueSky | reason=Low Confidence
    - share.google/JvINK4mwZANF...  | provider=BlueSky | reason=Low Confidence
    - www.usatoday.com/story/tech/2...  | provider=BlueSky | reason=Low Confidence
    - This is why our First Amendment Rights are worth fighting and if need be dying for ...
Source: AP News
 share.google/D6J  | provider=BlueSky | reason=Low Confidence
    - Our First Amendment Rights are worth fighting and dying for ... Source: AP News
 share.google/D6J7jfh9VYiR...  | provider=BlueSky | reason=Low Confidence
    - What does that look like ?? Lies ?? That’s why we are here on Bluesky 🦋 everyone. 
TV IS DEAD AND WAS BEFORE TRUMP. Amer  | provider=BlueSky | reason=Low Confidence
    - If they want broadcasters to act in the public interests why haven't they shut down Fox News?  Ah that's right because F  | provider=BlueSky | reason=Low Confidence
    - [FOX Business] Kudlow: well know. i mean, do you know this story, perhaps, but the federal communicatio...  | provider=Fox Business | reason=Low Confidence
    - [CSPAN3] Nixon Administration 1970s Womens Initiatives: nixon. this is an item in his news summary was urging the appointment of a woman...  | provider=Cspan3 | reason=Low Confidence
    - [CSPAN3] Stacy Schiff The Revolutionary - Samuel Adams: summary, a group called american in television and radio urged nixon. this is an...  | provider=Cspan3 | reason=Low Confidence
    - [CSPAN3] Nixon Administration 1970s Womens Initiatives: summary was urging the appointment of a woman to the federal communications comm...  | provider=Cspan3 | reason=Low Confidence
    - [CSPAN3] Nixon Administration 1970s Womens Initiatives: is just a summary -- was urging the appointment of a woman to the federal commun...  | provider=Cspan3 | reason=Low Confidence
    - [FOX Business] Mornings With Maria Bartiromo: less lag, better gaming! i'm gonna need to charge you for three people. . maria:...  | provider=Fox Business | reason=Low Confidence
    - [CSPAN] Federalist Society Previews Supreme Court Term Part 1: has asked for a search warrant in that case. there are a bunch of cases involvin...  | provider=Cspan | reason=Low Confidence
    - [CSPAN2] Book TV: not allowed to own stocks that are regulated by the federal communications commi...  | provider=Cspan2 | reason=Low Confidence
    - [CSPAN2] Author Discussion on Journalism: not allowed to own stocks that are regulated by the federal communications commi...  | provider=Cspan2 | reason=Low Confidence
    - [CSPAN2] Book TV: stacks, trading forms. and we thought, you know how the heck we're going to go t...  | provider=Cspan2 | reason=Low Confidence
    - [CSPAN2] Author Discussion on Journalism: stacks, trading forms. and we thought, you know how the heck we're going to go t...  | provider=Cspan2 | reason=Low Confidence
    - [CSPAN2] Author Discussion on Journalism: that. and the idea was my my dad worked for the federal communications commissio...  | provider=Cspan2 | reason=Low Confidence
    - [MSNBC] Velshi: distort of tony him from a nuclear reactor? you know, you want a scientist doing...  | provider=Msnbc | reason=Low Confidence
    - [CSPAN] Federalist Society Previews Supreme Court Term: delegation something we should consider. the inspector general's office has aske...  | provider=Cspan | reason=Low Confidence
    - [FOX News] Special Report With Bret Baier: services. the debt exchange deal includes payment of $1 and the assumption of ar...  | provider=Fox News | reason=Low Confidence
    - [MSNBC] Katy Tur Reports: recover. in addition to fema, that includes the federal communications commissio...  | provider=Msnbc | reason=Low Confidence
    - [CNN] Inside Politics With Dana Bash: available resources fast as possible. well to your communities. the rescue, reco...  | provider=Cnn | reason=Low Confidence
    - [MSNBC] Jose Diaz-Balart Reports: he said that fema administrator is still on the ground there. he also talked abo...  | provider=Msnbc | reason=Low Confidence
    - [FOX News] The Faulkner Focus: rebuilding. in addition to fema including the federal communications commission ...  | provider=Fox News | reason=Low Confidence
    - [CNN] CNN Newsroom With Pamela Brown: every every available resources fast as possible to your communities. the rescue...  | provider=Cnn | reason=Low Confidence
    - [MSNBC] Jose Diaz-Balart Reports: every available resource as fast as possible to your communities, to rescue, rec...  | provider=Msnbc | reason=Low Confidence
    - [CSPAN2] Hearing on Oversight of FBIs Security Clearances for Whistleblowers: s. 275, a bill to require the federal communications commission to establish a v..  | provider=Cspan2 | reason=Low Confidence
    - [CSPAN2] U.S. Senate U.S. Senate: it's been more than 1500 days since the last federal communications commission h...  | provider=Cspan2 | reason=Low Confidence
    - [CSPAN] U.S. House of Representatives U.S. House of Representatives: federal communications commission to establish a task force to be known as a 6-g...  | provider=Cspan | reason=Low Confidence
    - [CSPAN3] Discussion on Emerging AI Technologies: media attack new media and try to use regulation to deal with that. it is really...  | provider=Cspan3 | reason=Low Confidence
    - [CSPAN3] Discussion on Emerging AI Technologies: to use regulation to deal with that. it is really because of newspapers lobbying...  | provider=Cspan3 | reason=Low Confidence
    - [CSPAN2] U.S. Senate U.S. Senate: the presiding officer: the clerk will read the title of the bill for the second ...  | provider=Cspan2 | reason=Low Confidence
    - [CSPAN2] U.S. Senate U.S. Senate: -- an act to direct the federal communications commission to publish a list of e...  | provider=Cspan2 | reason=Low Confidence
    - [CSPAN2] The Civil War Tom Wheeler Mr. Lincolns T-Mails: read out the list of his accomplishments. a few highlights include his service a...  | provider=Cspan2 | reason=Low Confidence
    - [CSPAN2] The Civil War Tom Wheeler Mr. Lincolns T-Mails: businessman, an author and a public figure. i'm not even going to try and read o...  | provider=Cspan2 | reason=Low Confidence
    - [CSPAN2] Nixon Administration 1970s Womens Initiatives: federal communications commission. nixon, scrawled in the margin, why not? so, y...  | provider=Cspan2 | reason=Low Confidence
    - [CSPAN2] American History TV: nixon. this is an item in his news summary was urging the appointment of a woman...  | provider=Cspan2 | reason=Low Confidence
    - [CSPAN] NTSB Chair and Others Discuss New Vehicle Technology and Safety Standards: technology, in vehicles on roadways. i will say, as i mentioned in my remarks  | provider=Cspan | reason=Low Confidence
    - [CSPAN3] Public Affairs Events: conversation on the senate spectrum auction. that would help support the removal...  | provider=Cspan3 | reason=Low Confidence
  [Non-FCC (blocked domain)] — 0

SECTION 3 — HIGH PRIORITY ARTICLES
    [INCLUDED] term=Satellite | PROMTEL, Viasat Partner to Expand Broadband Access Across Mexico | reason=kept in briefing (priority-protected)
    [INCLUDED] term=AT&T | Thursday (telco diary) | Vodafone resets, AT&T reloads | reason=kept in briefing (priority-protected)
    [INCLUDED] term=AT&T | California Asks Court to Toss AT&T’s Copper Retirement Suit | reason=kept in briefing (priority-protected)
    [INCLUDED] term=iHeart | Good Morning Orlando Comes To An End At 540 WFLF | reason=kept in briefing (priority-protected)
    [INCLUDED] term=Cybersecurity | Rogue AI hacking incidents amplify debate over open-source tech | reason=kept in briefing (priority-protected)
    [INCLUDED] term=Cybersecurity | Cybersecurity expert: 'Moderate confidence' Iran attacked Minnesota water facilities | reason=kept in briefing (priority-protected)
    [INCLUDED] term=Wireless | [Federal Register] Upper C-Band (3.98-4.2 GHz); Expanding Flexible Use of the 3.7 to 4.2 GHz Band | reason=kept in briefing (priority-protected)
    [INCLUDED] term=Wireless | [Federal Register] Auction of Flexible-Use Licenses in the Upper C-Band for Next-Generation Wireless Services Scheduled for April 27, 2027; Comment Sought on Co | reason=kept in briefing (priority-protected)
    [INCLUDED] term=Spectrum | FCC: Dish $2.4B trust fund only for outsiders that built its 5G network | reason=kept in briefing (priority-protected)
    [INCLUDED] term=Spectrum | ASTS Stock Slides After FCC Decision Signals Spectrum Turf War — Analyst Says SpaceX, Rivals Told To 'Stay In Their Lane' - Stocktwits | reason=kept in briefing (priority-protected)
    [INCLUDED] term=ABC | FCC chairman defends actions against ABC, says broadcasters must operate 'in the public interest' - AP News | reason=kept in briefing (priority-protected)
    [INCLUDED] term=ABC | ‘A putz’: Michael Steele slams Trump FCC commissioner’s latest ABC attack - MS NOW | reason=kept in briefing (priority-protected)
    [INCLUDED] term=ABC | FCC’s Gomez Comments on ABC-Disney Case After Public Comment Period Closes | reason=kept in briefing (priority-protected)
    [INCLUDED] term=ABC | ABC is done playing defense against the FCC | reason=kept in briefing (priority-protected)
    [INCLUDED] term=ABC | ABC Urges FCC to Drop "Unprecedented" License Renewal Proceedings Against Its Stations - lawcommentary.com | reason=kept in briefing (priority-protected)
    [INCLUDED] term=ABC | ABC fights FCC order to renew broadcast licenses early - Northeast Times | reason=kept in briefing (priority-protected)
    [INCLUDED] term=Wireless | Wireless Emergency Alerts; The Emergency Alert System; Modernization of the Nation's Alerting Systems | reason=kept in briefing (priority-protected)
    [INCLUDED] term=ABC | Opinion | ABC is done playing defense against the FCC - Editor and Publisher | reason=kept in briefing (priority-protected)
    [INCLUDED] term=ABC | Public Interest and Labor Organizations Challenge President Trump’s FCC’s Unprecedented Effort to Target ABC Stations Over Broadcast Content, Democracy Forward  | reason=kept in briefing (priority-protected)
    [INCLUDED] term=ABC | ABC accuses FCC of trying to censor its stations - Washington Times | reason=kept in briefing (priority-protected)
    [INCLUDED] term=ABC | ABC Blasts 'Extraordinary And Unprecedented' FCC License Probe 07/31/2026 - MediaPost | reason=kept in briefing (priority-protected)
    [INCLUDED] term=ABC | NAB: FCC Pressure On ABC Licenses Will Loom Over Radio. - Insideradio.com | reason=kept in briefing (priority-protected)
    [INCLUDED] term=ABC | ABC argues that early license review by FCC is ‘retaliation’ for network’s coverage - The Guardian | reason=kept in briefing (priority-protected)
    [INCLUDED] term=ABC | Opinion | ABC is done playing defense against the FCC - Poynter | reason=kept in briefing (priority-protected)
    [INCLUDED] term=Robocall | TENNESSEE AG JOINS 50-STATE COALITION URGING FCC TO HARDEN ROBOCALL DEFENSES - 3B Media News | reason=kept in briefing (priority-protected)
    [INCLUDED] term=ABC | Media FCC ABC Licences - Washington Times | reason=kept in briefing (priority-protected)
    [INCLUDED] term=Robocall | CDT and Allies Urge FCC Not to Violate Privacy of Cell Phone Buyers | reason=kept in briefing (priority-protected)
    [INCLUDED] term=Cybersecurity | Modernization of the Nation's Alerting Systems; Protecting the Nation's Communications Systems From Cybersecurity Threats | reason=kept in briefing (priority-protected)
    [INCLUDED] term=Public Safety | Seeking Comment on Prohibiting the Importation and Marketing of Certain Foreign-Produced Military-Grade Uncrewed Aircraft Systems (UAS) and UAS Critical Compone | reason=kept in briefing (priority-protected)
    [INCLUDED] term=ABC | The USA today.

“ABC accused the FCC of retaliation and attempted censorship over a joke Jimmy Kimmel told. They said th | reason=kept in briefing (priority-protected)
    [INCLUDED] term=ABC | FCC Confirms Free Speech Requires Government Approval

FCC Chairman Brendan Carr defended his pressure campaign against | reason=kept in briefing (priority-protected)
    [INCLUDED] term=ABC | 🚨 FCC's Brendan Carr is calling 4 ABC's licenses 2 b revoked w/ concerns over media ownership.
He's pushing 4 more tran | reason=kept in briefing (priority-protected)
    [INCLUDED] term=The View | FCC Chair Brendan Carr Exposes ‘The View’ by Posting Video Montage of the Hosts Basically Campaigning for the Democrats | reason=kept in briefing (priority-protected)
    [INCLUDED] term=Spectrum | [CSPAN3] FCC Chair Testifies on 2025 Budget Request: statutory obligation? i'm glad you asked. i do know at present there is conversa... | reason=kept in briefing (priority-protected)
    [INCLUDED] term=The View | Busted: 'The View' Hosts (Slightly) Fewer Liberal Guests to Prove to FCC It's a News Show | reason=kept in briefing (priority-protected)
    [INCLUDED] term=ABC | 🔥🔥🔥 EXPLOSIVE

🎯 Trump
🌡️ 100°

📰 Disney and ABC Ask FCC to Reject Petitions to Deny TV License Renewals, Say Agency Is | reason=kept in briefing (priority-protected)
    [INCLUDED] term=ABC | Movie TV Tech Geeks #TVFeatures #JimmyKimmel #JimmyKimmelLive #ABC Jimmy Kimmel’s FCC Fight Could Officially Mark the En | reason=kept in briefing (priority-protected)
    [INCLUDED] term=ABC | Read "ABC is done playing defense against the FCC" on SmartNews: l.smartnews.com/p-8dbMrIdi/M...

It took you long enoug | reason=kept in briefing (priority-protected)
    [INCLUDED] term=ABC | apnews.com/article/fcc-... chairman defends actions against ABC, says broadcasters must operate 'in the public interest' | reason=kept in briefing (priority-protected)
    [INCLUDED] term=ABC | ABC local stations battle the FCC as regulators launch rare early license reviews for eight network channels. Citing pub | reason=kept in briefing (priority-protected)
    [INCLUDED] term=ABC | Bs, then why is Fox News still on the air. Carrs interests are partisan and an assault on the first amendment.

FCC's Ca | reason=kept in briefing (priority-protected)
    [INCLUDED] term=ABC | FCC's Carr defends actions against ABC, citing 'public interest' | AP News apnews.com/article/fcc-... | reason=kept in briefing (priority-protected)
    [INCLUDED] term=Spectrum | "Shares of phone and cable companies have been under pressure in recent months over fears that SpaceX will scoop up more | reason=kept in briefing (priority-protected)
    [INCLUDED] term=Space | Despite hundreds of public comments opposing a giant space mirror that would shine a beam of light roughly five kilometr | reason=kept in briefing (priority-protected)
    [INCLUDED] term=Space | Despite hundreds of public comments (new window) opposing a giant space mirror that would shine a beam of light roughly | reason=kept in briefing (priority-protected)
    [REJECTED] term=Wireless | Auction of Flexible-Use Licenses in the Upper C-Band for Next-Generation Wireless Services Scheduled for April 27, 2027; Comment Sought on Competitive Bidding P | reason=Duplicate
    [REJECTED] term=Wireless | Upper C-Band (3.98-4.2 GHz); Expanding Flexible Use of the 3.7 to 4.2 GHz Band | reason=Duplicate
    [REJECTED] term=ABC | FCC chairman defends actions against ABC, says broadcasters must operate ‘in the public interest’ - Washington Times | reason=Duplicate
    [REJECTED] term=Wireless | [CSPAN] U.S. House of Representatives U.S. House of Representatives: magnifies this target. this helps address these concerns. this would require the... | reason=Duplicate
    [REJECTED] term=Foreign Ownership | [CSPAN] U.S. House of Representatives U.S. House of Representatives: h.r. 820. a bill to direct the federal communications commission to publish a li... | reason=Duplicate
    [REJECTED] term=ABC | apnews.com/article/fcc-... chairman defends actions against ABC, says broadcasters must operate 'in the public interest' | reason=Duplicate
    [REJECTED] term=ABC | The headline’s broad strokes are accurate, but it compresses two separate Kimmel incidents into one and presents ABC’s a | reason=Low Confidence
    [REJECTED] term=AT&T | [CSPAN2] Book TV: not allowed to own stocks that are regulated by the federal communications commi... | reason=Low Confidence
    [REJECTED] term=AT&T | [CSPAN2] Author Discussion on Journalism: not allowed to own stocks that are regulated by the federal communications commi... | reason=Low Confidence
    [REJECTED] term=AT&T | [CSPAN2] Author Discussion on Journalism: that. and the idea was my my dad worked for the federal communications commissio... | reason=Low Confidence
    [REJECTED] term=Foreign Ownership | [CSPAN2] U.S. Senate U.S. Senate: -- an act to direct the federal communications commission to publish a list of e... | reason=Low Confidence
    [REJECTED] term=Spectrum | [CSPAN3] Public Affairs Events: conversation on the senate spectrum auction. that would help support the removal... | reason=Low Confidence

SECTION 4 — COVERAGE GAP
  Coverage gaps flagged: 150
    - Carr Talk: FCC Taking ‘Investigatory Action’ Over TV Network Moves | provider=RSS | why=Surfaced by a single provider (would be missed without it)
    - FCC Releases Details For Upcoming FM CP Auction | provider=RSS | why=Surfaced by a single provider (would be missed without it)
    - FCC Establishes Filing and Auction Dates to Bid on FM CPs | provider=RSS | why=Surfaced by a single provider (would be missed without it)
    - Sixth Circuit to Rehear Case on FCC Data Breach Rules Case | provider=RSS | why=Surfaced by a single provider (would be missed without it)
    - FCC Holds Lifeline Mobile and Broadband Standards Flat for Another Year | provider=RSS | why=Surfaced by a single provider (would be missed without it)
    - Lawmakers Want FCC, NTIA to Protect Wi-Fi at WRC | provider=RSS | why=Surfaced by a single provider (would be missed without it)
    - FCC Probing Recent Flurry of Big Four Affiliation Swaps – ‘This is not the Wild West ... It's not Nam,’ Chairman Carr Says | provider=RSS | why=Surfaced by a single provider (would be missed without it)
    - FCC Clarifies EchoStar/DISH Trust Fund is Only for 5G Network Buildout Suppliers | provider=RSS | why=Surfaced by a single provider (would be missed without it)
    - FCC Report 8/3: Date & Rules Set For FM Auction 114 | provider=RSS | why=Surfaced by a single provider (would be missed without it)
    - PROMTEL, Viasat Partner to Expand Broadband Access Across Mexico | provider=RSS | why=Surfaced by a single provider (would be missed without it)
    - Energy Department to Turn Kentucky Uranium Plant into Data Center and Gas Complex | provider=RSS | why=Surfaced by a single provider (would be missed without it)
    - Anthropic Says Its AI Modeals Hacked 3 Organizations During Testing | provider=RSS | why=Surfaced by a single provider (would be missed without it)
    - Thursday (telco diary) | Vodafone resets, AT&T reloads | provider=RSS | why=Surfaced by a single provider (would be missed without it)
    - California Asks Court to Toss AT&T’s Copper Retirement Suit | provider=RSS | why=Surfaced by a single provider (would be missed without it)
    - BEAD Participants Could Face Tough Finances: Moffett | provider=RSS | why=Surfaced by a single provider (would be missed without it)
    - EU to Crack Down on AI Deepfakes, Illicit Imagery and Hacking with New Team in Brussels | provider=RSS | why=Surfaced by a single provider (would be missed without it)
    - NTIA Clears Remaining 4.4 GigaHertz Study Plans | provider=RSS | why=Surfaced by a single provider (would be missed without it)
    - Jonathan Williams: Super-Sizing Benefits of the Big Beautiful Bill | provider=RSS | why=Surfaced by a single provider (would be missed without it)
    - Letters: Tower Light Logging, VOMs and Plain Talk | provider=RSS | why=Surfaced by a single provider (would be missed without it)
    - Good Morning Orlando Comes To An End At 540 WFLF | provider=RSS | why=Surfaced by a single provider (would be missed without it)
    - Customer service emerges as an early test of AI's impact on jobs | provider=RSS | why=Surfaced by a single provider (would be missed without it)
    - “Summer in the Heights”: Radio and TV for High School Kids | provider=RSS | why=Surfaced by a single provider (would be missed without it)
    - Building the AI backbone, waiting on the AI billions | provider=RSS | why=Surfaced by a single provider (would be missed without it)
    - Ensuring colocation success by eliminating network observability blind spots (Reader Forum) | provider=RSS | why=Surfaced by a single provider (would be missed without it)
    - Rogue AI hacking incidents amplify debate over open-source tech | provider=RSS | why=Surfaced by a single provider (would be missed without it)
    - George Santos settles with CFTC over Kalshi bets | provider=RSS | why=Surfaced by a single provider (would be missed without it)
    - Cybersecurity expert: 'Moderate confidence' Iran attacked Minnesota water facilities | provider=RSS | why=Surfaced by a single provider (would be missed without it)
    - New York alleges Kalshi running illegal gambling operation | provider=RSS | why=Surfaced by a single provider (would be missed without it)
    - Savard To Serve As KSDK-5’s Main Anchor | provider=RSS | why=Surfaced by a single provider (would be missed without it)
    - California’s Streaming Loudness Law: One Month On | provider=RSS | why=Surfaced by a single provider (would be missed without it)
    - From the Studio to the C-Suite for Karen Feagins | provider=RSS | why=Surfaced by a single provider (would be missed without it)
    - An Up Quarter For TV At Graham Media | provider=RSS | why=Surfaced by a single provider (would be missed without it)
    - Syracuse Retrans Impasse Irks The ATVA | provider=RSS | why=Surfaced by a single provider (would be missed without it)
    - For This Transaction, Thy Word Is Done | provider=RSS | why=Surfaced by a single provider (would be missed without it)
    - A Power Outage Looms For A Mississippi R&B Outlet | provider=RSS | why=Surfaced by a single provider (would be missed without it)
    - Jayhawk Jilt: NE Kansas Deal Ends In Non-Consummation | provider=RSS | why=Surfaced by a single provider (would be missed without it)
    - Retail Relief: Everpass Makes NFL Sunday Ticket Available Via DirecTV | provider=RSS | why=Surfaced by a single provider (would be missed without it)
    - Letter: Keeping the WBT Site as a Landmark Just Isn’t Logical | provider=RSS | why=Surfaced by a single provider (would be missed without it)
    - Draper Asks for Consolidation Waiver on Delmarva Peninsula | provider=RSS | why=Surfaced by a single provider (would be missed without it)
    - Broadcast Depot to Carry Wheatstone Products in U.S. | provider=RSS | why=Surfaced by a single provider (would be missed without it)
    - Audio Production (From Anywhere) | provider=RSS | why=Surfaced by a single provider (would be missed without it)
    - SBE Announces 2026 National Awards Winners | provider=RSS | why=Surfaced by a single provider (would be missed without it)
    - Eastlan June 2026 Ratings Releases | provider=RSS | why=Surfaced by a single provider (would be missed without it)
    - Nielsen Spring & June 2026 Ratings Releases 7/31 | provider=RSS | why=Surfaced by a single provider (would be missed without it)
    - 96.7 KCAL-FM To Flip To Classic Rock | provider=RSS | why=Surfaced by a single provider (would be missed without it)
    - Audacy To Consolidate Las Vegas Talkers; Shut Down 840 KXNT | provider=RSS | why=Surfaced by a single provider (would be missed without it)
    - MeTVFM Returns To Coachella Valley | provider=RSS | why=Surfaced by a single provider (would be missed without it)
    - Domain Insight 7/31: Will Los Angeles Remember Recuerdo? | provider=RSS | why=Surfaced by a single provider (would be missed without it)
    - T-Mobile Outlook Lacks Transparency | provider=RSS | why=Surfaced by a single provider (would be missed without it)
    - Administration Reworks Federal Land for Data Centers | provider=RSS | why=Surfaced by a single provider (would be missed without it)
    - [Federal Register] Upper C-Band (3.98-4.2 GHz); Expanding Flexible Use of the 3.7 to 4.2 GHz Band | provider=Federal Register | why=Surfaced by a single provider (would be missed without it)
    - [Federal Register] Requirements for Interference-Tolerant Radio Altimeter Systems | provider=Federal Register | why=Surfaced by a single provider (would be missed without it)
    - [Federal Register] Information Collection Being Reviewed by the Federal Communications Commission | provider=Federal Register | why=Surfaced by a single provider (would be missed without it)
    - [Federal Register] Auction of Flexible-Use Licenses in the Upper C-Band for Next-Generation Wireless Services Scheduled for April 27, 2027; Comment Sought on Co | provider=Federal Register | why=Surfaced by a single provider (would be missed without it)
    - FCC: Dish $2.4B trust fund only for outsiders that built its 5G network | provider=RSS | why=Surfaced by a single provider (would be missed without it)
    - ASTS Stock Slides After FCC Decision Signals Spectrum Turf War — Analyst Says SpaceX, Rivals Told To 'Stay In Their Lane' - Stocktwits | provider=RSS | why=Surfaced by a single provider (would be missed without it)
    - FCC chairman defends actions against ABC, says broadcasters must operate 'in the public interest' - AP News | provider=RSS | why=Surfaced by a single provider (would be missed without it)
    - Brendan Carr: ‘I don't view the FCC as the speech police’ - Politico | provider=RSS | why=Surfaced by a single provider (would be missed without it)
    - Brendan Carr | FCC Chair, Jimmy Kimmel, James Talarico, Charlie Kirk, Project 2025, & Biography - Encyclopedia Britannica | provider=RSS | why=Surfaced by a single provider (would be missed without it)
    - ‘A putz’: Michael Steele slams Trump FCC commissioner’s latest ABC attack - MS NOW | provider=RSS | why=Surfaced by a single provider (would be missed without it)
    - FCC Chairman Brendan Carr Speaks Out on Jimmy Kimmel, the Media and President Trump (Politico) | provider=RSS | why=Surfaced by a single provider (would be missed without it)
    - FCC’s Gomez Comments on ABC-Disney Case After Public Comment Period Closes | provider=RSS | why=Surfaced by a single provider (would be missed without it)
    - ABC is done playing defense against the FCC | provider=RSS | why=Surfaced by a single provider (would be missed without it)
    - FCC Establishes Filing and Auction Dates to Bid on FM CPs - radioworld.com | provider=RSS | why=Surfaced by a single provider (would be missed without it)
    - ABC Urges FCC to Drop "Unprecedented" License Renewal Proceedings Against Its Stations - lawcommentary.com | provider=RSS | why=Surfaced by a single provider (would be missed without it)
    - Sixth Circuit to Rehear Case on FCC Data Breach Rules Case - Broadband Breakfast | provider=RSS | why=Surfaced by a single provider (would be missed without it)
    - Lawmakers Want FCC, NTIA to Protect Wi-Fi at WRC - Broadband Breakfast | provider=RSS | why=Surfaced by a single provider (would be missed without it)
    - FCC Updates Broadband Label Requirements - JD Supra | provider=RSS | why=Surfaced by a single provider (would be missed without it)
    - ABC fights FCC order to renew broadcast licenses early - Northeast Times | provider=RSS | why=Surfaced by a single provider (would be missed without it)
    - FCC vote on ownership cap coincides with broadcast-related financial earnings releases | provider=RSS | why=Surfaced by a single provider (would be missed without it)
    - Wireless Emergency Alerts; The Emergency Alert System; Modernization of the Nation's Alerting Systems | provider=RSS | why=Surfaced by a single provider (would be missed without it)
    - Information Collection Being Reviewed by the Federal Communications Commission | provider=RSS | why=Surfaced by a single provider (would be missed without it)
    - ATTORNEY GENERAL TONG URGES FCC TO STRENGTHEN KNOW YOUR CUSTOMER RULES TO COMBAT ILLEGAL ROBOCALLS - DoingItLocal | provider=RSS | why=Surfaced by a single provider (would be missed without it)
    - Jimmy Kimmel’s FCC Fight Could Officially Mark the End of an Era for Late-Night TV - Collider | provider=RSS | why=Surfaced by a single provider (would be missed without it)
    - Opinion | ABC is done playing defense against the FCC - Editor and Publisher | provider=RSS | why=Surfaced by a single provider (would be missed without it)
    - FCC Report 8/3: Date & Rules Set For FM Auction 114 - RadioInsight | provider=RSS | why=Surfaced by a single provider (would be missed without it)
    - Public Interest and Labor Organizations Challenge President Trump’s FCC’s Unprecedented Effort to Target ABC Stations Over Broadcast Content, Democracy Forward  | provider=RSS | why=Surfaced by a single provider (would be missed without it)
    - ABC accuses FCC of trying to censor its stations - Washington Times | provider=RSS | why=Surfaced by a single provider (would be missed without it)
    - Arkansas Joins Nationwide Push for Stronger FCC Rules to Combat Illegal Robocalls - KVOM 101.7 | provider=RSS | why=Surfaced by a single provider (would be missed without it)
    - ABC Blasts 'Extraordinary And Unprecedented' FCC License Probe 07/31/2026 - MediaPost | provider=RSS | why=Surfaced by a single provider (would be missed without it)
    - FCC Restricts New Foreign-Produced Robotics and Power Inverter Devices Over National Security Concerns - Homeland Security Today | provider=RSS | why=Surfaced by a single provider (would be missed without it)
    - FCC joins growing chorus of officials concerned about AI use in political ads - National News Desk | provider=RSS | why=Surfaced by a single provider (would be missed without it)
    - NAB: FCC Pressure On ABC Licenses Will Loom Over Radio. - Insideradio.com | provider=RSS | why=Surfaced by a single provider (would be missed without it)
    - Information Collections Being Reviewed by the Federal Communications Commission | provider=RSS | why=Surfaced by a single provider (would be missed without it)
    - ABC argues that early license review by FCC is ‘retaliation’ for network’s coverage - The Guardian | provider=RSS | why=Surfaced by a single provider (would be missed without it)
    - What the FCC Ban on Foreign-Made Robot Vacuums Means for U.S. Consumers - Consumer Reports | provider=RSS | why=Surfaced by a single provider (would be missed without it)
    - Opinion | ABC is done playing defense against the FCC - Poynter | provider=RSS | why=Surfaced by a single provider (would be missed without it)
    - FCC reviewing recent affiliation swap announcement, Chairman Carr says - TheDesk.net | provider=RSS | why=Surfaced by a single provider (would be missed without it)
    - FCC Releases Details For Upcoming FM CP Auction - Radio & Television Business Report | provider=RSS | why=Surfaced by a single provider (would be missed without it)
    - Arkansas Attorney General Tim Griffin calls on FCC to crack down on robocalls - KNWA FOX24 | provider=RSS | why=Surfaced by a single provider (would be missed without it)
    - TENNESSEE AG JOINS 50-STATE COALITION URGING FCC TO HARDEN ROBOCALL DEFENSES - 3B Media News | provider=RSS | why=Surfaced by a single provider (would be missed without it)
    - The FCC Just Banned Most Robot Vacuums. Here’s What That Means - CNET | provider=RSS | why=Surfaced by a single provider (would be missed without it)
    - FCC ban on new robot imports hits Toborlife AI amid China debate - Fierce Sensors | provider=RSS | why=Surfaced by a single provider (would be missed without it)
    - Media FCC ABC Licences - Washington Times | provider=RSS | why=Surfaced by a single provider (would be missed without it)
    - CDT and EPIC File Comments Opposing FCC’s Proposed Identity Collection Requirements for Phone Service | provider=RSS | why=Surfaced by a single provider (would be missed without it)
    - CDT and Allies Urge FCC Not to Violate Privacy of Cell Phone Buyers | provider=RSS | why=Surfaced by a single provider (would be missed without it)
    - Modernization of the Nation's Alerting Systems; Protecting the Nation's Communications Systems From Cybersecurity Threats | provider=RSS | why=Surfaced by a single provider (would be missed without it)
    - Brendan Carr Speaks Out on Jimmy Kimmel, the Media and Trump - Politico | provider=RSS | why=Surfaced by a single provider (would be missed without it)
    - This Week in Regulation for Broadcasters: July 27, 2026 to July 31, 2026 | provider=RSS | why=Surfaced by a single provider (would be missed without it)
    - Seeking Comment on Prohibiting the Importation and Marketing of Certain Foreign-Produced Military-Grade Uncrewed Aircraft Systems (UAS) and UAS Critical Compone | provider=RSS | why=Surfaced by a single provider (would be missed without it)
    - Information Collection Being Submitted for Review and Approval to Office of Management and Budget | provider=RSS | why=Surfaced by a single provider (would be missed without it)
    - New Security Obligations for Broadcasters Required by September 29 – Strong Passwords, Updated Software and Hardware, and Firewalls to Protect All Parts of the  | provider=RSS | why=Surfaced by a single provider (would be missed without it)
    - FCC Defines Free Speech as Speech Approved by FCC

FCC Chairman Brendan Carr announced Friday that American broadcasters | provider=BlueSky | why=Surfaced by a single provider (would be missed without it)
    - VIDEO: FCC Chairman Brendan Carr defends regulatory warnings against legacy media during. Carr justifies potential licen | provider=BlueSky | why=Surfaced by a single provider (would be missed without it)
    - How did Brendan Carr become one of Trump's most powerful media allies? We took a closer look at the FCC chair reshaping  | provider=BlueSky | why=Surfaced by a single provider (would be missed without it)
    - Wish the current FCC chairman operated in the public interes!

apnews.com/article/fcc-... | provider=BlueSky | why=Surfaced by a single provider (would be missed without it)
    - The USA today.

“ABC accused the FCC of retaliation and attempted censorship over a joke Jimmy Kimmel told. They said th | provider=BlueSky | why=Surfaced by a single provider (would be missed without it)
    - FCC Confirms Free Speech Requires Government Approval

FCC Chairman Brendan Carr defended his pressure campaign against  | provider=BlueSky | why=Surfaced by a single provider (would be missed without it)
    - 🚨 FCC's Brendan Carr is calling 4 ABC's licenses 2 b revoked w/ concerns over media ownership.
He's pushing 4 more tran | provider=BlueSky | why=Surfaced by a single provider (would be missed without it)
    - FCC Chair Brendan Carr Exposes ‘The View’ by Posting Video Montage of the Hosts Basically Campaigning for the Democrats  | provider=BlueSky | why=Surfaced by a single provider (would be missed without it)
    - Politico: What would you say if a future Democratic FCC chair apply pressure on conservative talk show programs. 

Brend | provider=BlueSky | why=Surfaced by a single provider (would be missed without it)
    - [CSPAN3] FCC Chair Testifies on 2025 Budget Request: statutory obligation? i'm glad you asked. i do know at present there is conversa... | provider=Cspan3 | why=Surfaced by a single provider (would be missed without it)
    - but why does the fcc get to ban them? | provider=BlueSky | why=Surfaced by a single provider (would be missed without it)
    - so wait a sec

why is the fcc banning chinese humanoid robots?

what does the fcc have to do with these things?

i'm on  | provider=BlueSky | why=Surfaced by a single provider (would be missed without it)
    - An FCC representative confirmed to CNET that vacuum devices are covered in the latest updates. Pool-cleaning robots and  | provider=BlueSky | why=Surfaced by a single provider (would be missed without it)
    - Busted: 'The View' Hosts (Slightly) Fewer Liberal Guests to Prove to FCC It's a News Show | provider=BlueSky | why=Surfaced by a single provider (would be missed without it)
    - In case anyone was wondering why the FCC and DoE were among the first to be assimilated | provider=BlueSky | why=Surfaced by a single provider (would be missed without it)
    - Sorry I can’t, I have to work overtime to pay off my FCC fines. I plan on saying that again on air too so I’ll miss next | provider=BlueSky | why=Surfaced by a single provider (would be missed without it)
    - 🔥🔥🔥 EXPLOSIVE

🎯 Trump
🌡️ 100°

📰 Disney and ABC Ask FCC to Reject Petitions to Deny TV License Renewals, Say Agency Is  | provider=BlueSky | why=Surfaced by a single provider (would be missed without it)
    - Movie TV Tech Geeks #TVFeatures #JimmyKimmel #JimmyKimmelLive #ABC Jimmy Kimmel’s FCC Fight Could Officially Mark the En | provider=BlueSky | why=Surfaced by a single provider (would be missed without it)
    - So now the FCC is banning foreign-made robot vacuum cleaners? These people are idiots. | provider=BlueSky | why=Surfaced by a single provider (would be missed without it)
    - It means they didn’t pay whatever bribe the fcc was asking for | provider=BlueSky | why=Surfaced by a single provider (would be missed without it)
    - The FCC Just Banned Most Robot Vacuums. www.cnet.com/tech/computi... | provider=BlueSky | why=Surfaced by a single provider (would be missed without it)
    - Talk Around Town: The FCC Just Slammed the Gate on Foreign Robots—and One Shaky Company Claims It's Holding the Key | provider=BlueSky | why=Surfaced by a single provider (would be missed without it)
    - Reverend Donald Wildman

Drumpf might give the Rev a posthumous Peace Prize as this guy started the FCC Fuss during the  | provider=BlueSky | why=Surfaced by a single provider (would be missed without it)
    - FCC Bans Chinese Humanoid Robots Nationwide Citing National Security Risks

The Federal Communications Commission (FCC)  | provider=BlueSky | why=Surfaced by a single provider (would be missed without it)
    - Read "ABC is done playing defense against the FCC" on SmartNews: l.smartnews.com/p-8dbMrIdi/M...

It took you long enoug | provider=BlueSky | why=Surfaced by a single provider (would be missed without it)
    - apnews.com/article/fcc-... chairman defends actions against ABC, says broadcasters must operate 'in the public interest' | provider=BlueSky | why=Surfaced by a single provider (would be missed without it)
    - They want state run propaganda, not factual reporting.

apnews.com/article/fcc-... | provider=BlueSky | why=Surfaced by a single provider (would be missed without it)
    - ABC local stations battle the FCC as regulators launch rare early license reviews for eight network channels. Citing pub | provider=BlueSky | why=Surfaced by a single provider (would be missed without it)
    - The FCC's Robot Ban Has a Weight Limit, and Most Robot Vacuums Exceed It

Follow for more.

https://1ban.news/us-foreign | provider=BlueSky | why=Surfaced by a single provider (would be missed without it)
    - Bs, then why is Fox News still on the air. Carrs interests are partisan and an assault on the first amendment.

FCC's Ca | provider=BlueSky | why=Surfaced by a single provider (would be missed without it)
    - The FCC just banned imports of Chinese-made robots — including humanoid bots and robot vacuums — over #national security | provider=BlueSky | why=Surfaced by a single provider (would be missed without it)
    - Regulators Block EchoStar From Using $2.4 Billion 5G Fund for Internal Debts

https://wsnext.com/5ea2706-EchoStar-FCC-ru | provider=BlueSky | why=Surfaced by a single provider (would be missed without it)
    - FCC's Carr defends actions against ABC, citing 'public interest' | AP News apnews.com/article/fcc-... | provider=BlueSky | why=Surfaced by a single provider (would be missed without it)
    - apnews.com/article/fcc-... | provider=BlueSky | why=Surfaced by a single provider (would be missed without it)
    - "Shares of phone and cable companies have been under pressure in recent months over fears that SpaceX will scoop up more | provider=BlueSky | why=Surfaced by a single provider (would be missed without it)
    - Brendan Carr has direct ties to The Heritage Foundation, having authored the chapter on the Federal Communications Commi | provider=BlueSky | why=Surfaced by a single provider (would be missed without it)
    - [CSPAN2] FCC Commissioner  Others Testify on Biden Administration Policies: senior republican commissioner on the federal communications commission he's bee... | provider=Cspan2 | why=Surfaced by a single provider (would be missed without it)
    - [CSPAN3] FCC Commissioner  Others Testify on Biden Administration Policies: excellent witnesses, brandon carr is a commissioner on the federal communication... | provider=Cspan3 | why=Surfaced by a single provider (would be missed without it)
    - [opens mouth and makes that data header noise that the emergency alert system makes, leading to my being fined by the fc | provider=BlueSky | why=Surfaced by a single provider (would be missed without it)
    - Despite hundreds of public comments opposing a giant space mirror that would shine a beam of light roughly five kilometr | provider=BlueSky | why=Surfaced by a single provider (would be missed without it)
    - Despite hundreds of public comments (new window) opposing a giant space mirror that would shine a beam of light roughly  | provider=BlueSky | why=Surfaced by a single provider (would be missed without it)
    - Thanks to the www.lightreading.com/5g/spacex-mi.... | provider=BlueSky | why=Surfaced by a single provider (would be missed without it)
    - @lasrina.bsky.social

 www.cnet.com/tech/computi... | provider=BlueSky | why=Surfaced by a single provider (would be missed without it)
    - How is this being covered on SportsCenter? If this is covered I demand that General Hospital also get covered.  This is  | provider=BlueSky | why=Surfaced by a single provider (would be missed without it)
    - Just likehis LORD AND MASTER, all he knows how to do is LIE...did anyone from CNN counter his statement, or are they run | provider=BlueSky | why=Surfaced by a single provider (would be missed without it)
    - ⚡ A successful prototype does not always mean certification success.

PCBA manufacturing quality can directly affect:

R | provider=BlueSky | why=Surfaced by a single provider (would be missed without it)
    - Trump bans robot vacuums, really. 

apple.news/Az-zPdjIgTwi... | provider=BlueSky | why=Surfaced by a single provider (would be missed without it)
    - youtube.com/shorts/252Se... | provider=BlueSky | why=Surfaced by a single provider (would be missed without it)

SECTION 5 — EDITORIAL QUEUE (requires human review)
  Items requiring review: 150
    - Carr Talk: FCC Taking ‘Investigatory Action’ Over TV Network Moves | Surfaced by a single provider (would be missed without it)
    - FCC Releases Details For Upcoming FM CP Auction | Surfaced by a single provider (would be missed without it)
    - FCC Establishes Filing and Auction Dates to Bid on FM CPs | Surfaced by a single provider (would be missed without it)
    - Sixth Circuit to Rehear Case on FCC Data Breach Rules Case | Surfaced by a single provider (would be missed without it)
    - FCC Holds Lifeline Mobile and Broadband Standards Flat for Another Year | Surfaced by a single provider (would be missed without it)
    - Lawmakers Want FCC, NTIA to Protect Wi-Fi at WRC | Surfaced by a single provider (would be missed without it)
    - FCC Probing Recent Flurry of Big Four Affiliation Swaps – ‘This is not the Wild West ... It's not Nam,’ Chairman Carr Says | Surfaced by a single provider (would be missed without it)
    - FCC Clarifies EchoStar/DISH Trust Fund is Only for 5G Network Buildout Suppliers | Surfaced by a single provider (would be missed without it)
    - FCC Report 8/3: Date & Rules Set For FM Auction 114 | Surfaced by a single provider (would be missed without it)
    - PROMTEL, Viasat Partner to Expand Broadband Access Across Mexico | Surfaced by a single provider (would be missed without it)
    - Energy Department to Turn Kentucky Uranium Plant into Data Center and Gas Complex | Surfaced by a single provider (would be missed without it)
    - Anthropic Says Its AI Modeals Hacked 3 Organizations During Testing | Surfaced by a single provider (would be missed without it)
    - Thursday (telco diary) | Vodafone resets, AT&T reloads | Surfaced by a single provider (would be missed without it)
    - California Asks Court to Toss AT&T’s Copper Retirement Suit | Surfaced by a single provider (would be missed without it)
    - BEAD Participants Could Face Tough Finances: Moffett | Surfaced by a single provider (would be missed without it)
    - EU to Crack Down on AI Deepfakes, Illicit Imagery and Hacking with New Team in Brussels | Surfaced by a single provider (would be missed without it)
    - NTIA Clears Remaining 4.4 GigaHertz Study Plans | Surfaced by a single provider (would be missed without it)
    - Jonathan Williams: Super-Sizing Benefits of the Big Beautiful Bill | Surfaced by a single provider (would be missed without it)
    - Letters: Tower Light Logging, VOMs and Plain Talk | Surfaced by a single provider (would be missed without it)
    - Good Morning Orlando Comes To An End At 540 WFLF | Surfaced by a single provider (would be missed without it)
    - Customer service emerges as an early test of AI's impact on jobs | Surfaced by a single provider (would be missed without it)
    - “Summer in the Heights”: Radio and TV for High School Kids | Surfaced by a single provider (would be missed without it)
    - Building the AI backbone, waiting on the AI billions | Surfaced by a single provider (would be missed without it)
    - Ensuring colocation success by eliminating network observability blind spots (Reader Forum) | Surfaced by a single provider (would be missed without it)
    - Rogue AI hacking incidents amplify debate over open-source tech | Surfaced by a single provider (would be missed without it)
    - George Santos settles with CFTC over Kalshi bets | Surfaced by a single provider (would be missed without it)
    - Cybersecurity expert: 'Moderate confidence' Iran attacked Minnesota water facilities | Surfaced by a single provider (would be missed without it)
    - New York alleges Kalshi running illegal gambling operation | Surfaced by a single provider (would be missed without it)
    - Savard To Serve As KSDK-5’s Main Anchor | Surfaced by a single provider (would be missed without it)
    - California’s Streaming Loudness Law: One Month On | Surfaced by a single provider (would be missed without it)
    - From the Studio to the C-Suite for Karen Feagins | Surfaced by a single provider (would be missed without it)
    - An Up Quarter For TV At Graham Media | Surfaced by a single provider (would be missed without it)
    - Syracuse Retrans Impasse Irks The ATVA | Surfaced by a single provider (would be missed without it)
    - For This Transaction, Thy Word Is Done | Surfaced by a single provider (would be missed without it)
    - A Power Outage Looms For A Mississippi R&B Outlet | Surfaced by a single provider (would be missed without it)
    - Jayhawk Jilt: NE Kansas Deal Ends In Non-Consummation | Surfaced by a single provider (would be missed without it)
    - Retail Relief: Everpass Makes NFL Sunday Ticket Available Via DirecTV | Surfaced by a single provider (would be missed without it)
    - Letter: Keeping the WBT Site as a Landmark Just Isn’t Logical | Surfaced by a single provider (would be missed without it)
    - Draper Asks for Consolidation Waiver on Delmarva Peninsula | Surfaced by a single provider (would be missed without it)
    - Broadcast Depot to Carry Wheatstone Products in U.S. | Surfaced by a single provider (would be missed without it)
    - Audio Production (From Anywhere) | Surfaced by a single provider (would be missed without it)
    - SBE Announces 2026 National Awards Winners | Surfaced by a single provider (would be missed without it)
    - Eastlan June 2026 Ratings Releases | Surfaced by a single provider (would be missed without it)
    - Nielsen Spring & June 2026 Ratings Releases 7/31 | Surfaced by a single provider (would be missed without it)
    - 96.7 KCAL-FM To Flip To Classic Rock | Surfaced by a single provider (would be missed without it)
    - Audacy To Consolidate Las Vegas Talkers; Shut Down 840 KXNT | Surfaced by a single provider (would be missed without it)
    - MeTVFM Returns To Coachella Valley | Surfaced by a single provider (would be missed without it)
    - Domain Insight 7/31: Will Los Angeles Remember Recuerdo? | Surfaced by a single provider (would be missed without it)
    - T-Mobile Outlook Lacks Transparency | Surfaced by a single provider (would be missed without it)
    - Administration Reworks Federal Land for Data Centers | Surfaced by a single provider (would be missed without it)
    - [Federal Register] Upper C-Band (3.98-4.2 GHz); Expanding Flexible Use of the 3.7 to 4.2 GHz Band | Surfaced by a single provider (would be missed without it)
    - [Federal Register] Requirements for Interference-Tolerant Radio Altimeter Systems | Surfaced by a single provider (would be missed without it)
    - [Federal Register] Information Collection Being Reviewed by the Federal Communications Commission | Surfaced by a single provider (would be missed without it)
    - [Federal Register] Auction of Flexible-Use Licenses in the Upper C-Band for Next-Generation Wireless Services Scheduled for April 27, 2027; Comment Sought on Co | Surfaced by a single provider (would be missed without it)
    - FCC: Dish $2.4B trust fund only for outsiders that built its 5G network | Surfaced by a single provider (would be missed without it)
    - ASTS Stock Slides After FCC Decision Signals Spectrum Turf War — Analyst Says SpaceX, Rivals Told To 'Stay In Their Lane' - Stocktwits | Surfaced by a single provider (would be missed without it)
    - FCC chairman defends actions against ABC, says broadcasters must operate 'in the public interest' - AP News | Surfaced by a single provider (would be missed without it)
    - Brendan Carr: ‘I don't view the FCC as the speech police’ - Politico | Surfaced by a single provider (would be missed without it)
    - Brendan Carr | FCC Chair, Jimmy Kimmel, James Talarico, Charlie Kirk, Project 2025, & Biography - Encyclopedia Britannica | Surfaced by a single provider (would be missed without it)
    - ‘A putz’: Michael Steele slams Trump FCC commissioner’s latest ABC attack - MS NOW | Surfaced by a single provider (would be missed without it)
    - FCC Chairman Brendan Carr Speaks Out on Jimmy Kimmel, the Media and President Trump (Politico) | Surfaced by a single provider (would be missed without it)
    - FCC’s Gomez Comments on ABC-Disney Case After Public Comment Period Closes | Surfaced by a single provider (would be missed without it)
    - ABC is done playing defense against the FCC | Surfaced by a single provider (would be missed without it)
    - FCC Establishes Filing and Auction Dates to Bid on FM CPs - radioworld.com | Surfaced by a single provider (would be missed without it)
    - ABC Urges FCC to Drop "Unprecedented" License Renewal Proceedings Against Its Stations - lawcommentary.com | Surfaced by a single provider (would be missed without it)
    - Sixth Circuit to Rehear Case on FCC Data Breach Rules Case - Broadband Breakfast | Surfaced by a single provider (would be missed without it)
    - Lawmakers Want FCC, NTIA to Protect Wi-Fi at WRC - Broadband Breakfast | Surfaced by a single provider (would be missed without it)
    - FCC Updates Broadband Label Requirements - JD Supra | Surfaced by a single provider (would be missed without it)
    - ABC fights FCC order to renew broadcast licenses early - Northeast Times | Surfaced by a single provider (would be missed without it)
    - FCC vote on ownership cap coincides with broadcast-related financial earnings releases | Surfaced by a single provider (would be missed without it)
    - Wireless Emergency Alerts; The Emergency Alert System; Modernization of the Nation's Alerting Systems | Surfaced by a single provider (would be missed without it)
    - Information Collection Being Reviewed by the Federal Communications Commission | Surfaced by a single provider (would be missed without it)
    - ATTORNEY GENERAL TONG URGES FCC TO STRENGTHEN KNOW YOUR CUSTOMER RULES TO COMBAT ILLEGAL ROBOCALLS - DoingItLocal | Surfaced by a single provider (would be missed without it)
    - Jimmy Kimmel’s FCC Fight Could Officially Mark the End of an Era for Late-Night TV - Collider | Surfaced by a single provider (would be missed without it)
    - Opinion | ABC is done playing defense against the FCC - Editor and Publisher | Surfaced by a single provider (would be missed without it)
    - FCC Report 8/3: Date & Rules Set For FM Auction 114 - RadioInsight | Surfaced by a single provider (would be missed without it)
    - Public Interest and Labor Organizations Challenge President Trump’s FCC’s Unprecedented Effort to Target ABC Stations Over Broadcast Content, Democracy Forward  | Surfaced by a single provider (would be missed without it)
    - ABC accuses FCC of trying to censor its stations - Washington Times | Surfaced by a single provider (would be missed without it)
    - Arkansas Joins Nationwide Push for Stronger FCC Rules to Combat Illegal Robocalls - KVOM 101.7 | Surfaced by a single provider (would be missed without it)
    - ABC Blasts 'Extraordinary And Unprecedented' FCC License Probe 07/31/2026 - MediaPost | Surfaced by a single provider (would be missed without it)
    - FCC Restricts New Foreign-Produced Robotics and Power Inverter Devices Over National Security Concerns - Homeland Security Today | Surfaced by a single provider (would be missed without it)
    - FCC joins growing chorus of officials concerned about AI use in political ads - National News Desk | Surfaced by a single provider (would be missed without it)
    - NAB: FCC Pressure On ABC Licenses Will Loom Over Radio. - Insideradio.com | Surfaced by a single provider (would be missed without it)
    - Information Collections Being Reviewed by the Federal Communications Commission | Surfaced by a single provider (would be missed without it)
    - ABC argues that early license review by FCC is ‘retaliation’ for network’s coverage - The Guardian | Surfaced by a single provider (would be missed without it)
    - What the FCC Ban on Foreign-Made Robot Vacuums Means for U.S. Consumers - Consumer Reports | Surfaced by a single provider (would be missed without it)
    - Opinion | ABC is done playing defense against the FCC - Poynter | Surfaced by a single provider (would be missed without it)
    - FCC reviewing recent affiliation swap announcement, Chairman Carr says - TheDesk.net | Surfaced by a single provider (would be missed without it)
    - FCC Releases Details For Upcoming FM CP Auction - Radio & Television Business Report | Surfaced by a single provider (would be missed without it)
    - Arkansas Attorney General Tim Griffin calls on FCC to crack down on robocalls - KNWA FOX24 | Surfaced by a single provider (would be missed without it)
    - TENNESSEE AG JOINS 50-STATE COALITION URGING FCC TO HARDEN ROBOCALL DEFENSES - 3B Media News | Surfaced by a single provider (would be missed without it)
    - The FCC Just Banned Most Robot Vacuums. Here’s What That Means - CNET | Surfaced by a single provider (would be missed without it)
    - FCC ban on new robot imports hits Toborlife AI amid China debate - Fierce Sensors | Surfaced by a single provider (would be missed without it)
    - Media FCC ABC Licences - Washington Times | Surfaced by a single provider (would be missed without it)
    - CDT and EPIC File Comments Opposing FCC’s Proposed Identity Collection Requirements for Phone Service | Surfaced by a single provider (would be missed without it)
    - CDT and Allies Urge FCC Not to Violate Privacy of Cell Phone Buyers | Surfaced by a single provider (would be missed without it)
    - Modernization of the Nation's Alerting Systems; Protecting the Nation's Communications Systems From Cybersecurity Threats | Surfaced by a single provider (would be missed without it)
    - Brendan Carr Speaks Out on Jimmy Kimmel, the Media and Trump - Politico | Surfaced by a single provider (would be missed without it)
    - This Week in Regulation for Broadcasters: July 27, 2026 to July 31, 2026 | Surfaced by a single provider (would be missed without it)
    - Seeking Comment on Prohibiting the Importation and Marketing of Certain Foreign-Produced Military-Grade Uncrewed Aircraft Systems (UAS) and UAS Critical Compone | Surfaced by a single provider (would be missed without it)
    - Information Collection Being Submitted for Review and Approval to Office of Management and Budget | Surfaced by a single provider (would be missed without it)
    - New Security Obligations for Broadcasters Required by September 29 – Strong Passwords, Updated Software and Hardware, and Firewalls to Protect All Parts of the  | Surfaced by a single provider (would be missed without it)
    - FCC Defines Free Speech as Speech Approved by FCC

FCC Chairman Brendan Carr announced Friday that American broadcasters | Surfaced by a single provider (would be missed without it)
    - VIDEO: FCC Chairman Brendan Carr defends regulatory warnings against legacy media during. Carr justifies potential licen | Surfaced by a single provider (would be missed without it)
    - How did Brendan Carr become one of Trump's most powerful media allies? We took a closer look at the FCC chair reshaping  | Surfaced by a single provider (would be missed without it)
    - Wish the current FCC chairman operated in the public interes!

apnews.com/article/fcc-... | Surfaced by a single provider (would be missed without it)
    - The USA today.

“ABC accused the FCC of retaliation and attempted censorship over a joke Jimmy Kimmel told. They said th | Surfaced by a single provider (would be missed without it)
    - FCC Confirms Free Speech Requires Government Approval

FCC Chairman Brendan Carr defended his pressure campaign against  | Surfaced by a single provider (would be missed without it)
    - 🚨 FCC's Brendan Carr is calling 4 ABC's licenses 2 b revoked w/ concerns over media ownership.
He's pushing 4 more tran | Surfaced by a single provider (would be missed without it)
    - FCC Chair Brendan Carr Exposes ‘The View’ by Posting Video Montage of the Hosts Basically Campaigning for the Democrats  | Surfaced by a single provider (would be missed without it)
    - Politico: What would you say if a future Democratic FCC chair apply pressure on conservative talk show programs. 

Brend | Surfaced by a single provider (would be missed without it)
    - [CSPAN3] FCC Chair Testifies on 2025 Budget Request: statutory obligation? i'm glad you asked. i do know at present there is conversa... | Surfaced by a single provider (would be missed without it)
    - but why does the fcc get to ban them? | Surfaced by a single provider (would be missed without it)
    - so wait a sec

why is the fcc banning chinese humanoid robots?

what does the fcc have to do with these things?

i'm on  | Surfaced by a single provider (would be missed without it)
    - An FCC representative confirmed to CNET that vacuum devices are covered in the latest updates. Pool-cleaning robots and  | Surfaced by a single provider (would be missed without it)
    - Busted: 'The View' Hosts (Slightly) Fewer Liberal Guests to Prove to FCC It's a News Show | Surfaced by a single provider (would be missed without it)
    - In case anyone was wondering why the FCC and DoE were among the first to be assimilated | Surfaced by a single provider (would be missed without it)
    - Sorry I can’t, I have to work overtime to pay off my FCC fines. I plan on saying that again on air too so I’ll miss next | Surfaced by a single provider (would be missed without it)
    - 🔥🔥🔥 EXPLOSIVE

🎯 Trump
🌡️ 100°

📰 Disney and ABC Ask FCC to Reject Petitions to Deny TV License Renewals, Say Agency Is  | Surfaced by a single provider (would be missed without it)
    - Movie TV Tech Geeks #TVFeatures #JimmyKimmel #JimmyKimmelLive #ABC Jimmy Kimmel’s FCC Fight Could Officially Mark the En | Surfaced by a single provider (would be missed without it)
    - So now the FCC is banning foreign-made robot vacuum cleaners? These people are idiots. | Surfaced by a single provider (would be missed without it)
    - It means they didn’t pay whatever bribe the fcc was asking for | Surfaced by a single provider (would be missed without it)
    - The FCC Just Banned Most Robot Vacuums. www.cnet.com/tech/computi... | Surfaced by a single provider (would be missed without it)
    - Talk Around Town: The FCC Just Slammed the Gate on Foreign Robots—and One Shaky Company Claims It's Holding the Key | Surfaced by a single provider (would be missed without it)
    - Reverend Donald Wildman

Drumpf might give the Rev a posthumous Peace Prize as this guy started the FCC Fuss during the  | Surfaced by a single provider (would be missed without it)
    - FCC Bans Chinese Humanoid Robots Nationwide Citing National Security Risks

The Federal Communications Commission (FCC)  | Surfaced by a single provider (would be missed without it)
    - Read "ABC is done playing defense against the FCC" on SmartNews: l.smartnews.com/p-8dbMrIdi/M...

It took you long enoug | Surfaced by a single provider (would be missed without it)
    - apnews.com/article/fcc-... chairman defends actions against ABC, says broadcasters must operate 'in the public interest' | Surfaced by a single provider (would be missed without it)
    - They want state run propaganda, not factual reporting.

apnews.com/article/fcc-... | Surfaced by a single provider (would be missed without it)
    - ABC local stations battle the FCC as regulators launch rare early license reviews for eight network channels. Citing pub | Surfaced by a single provider (would be missed without it)
    - The FCC's Robot Ban Has a Weight Limit, and Most Robot Vacuums Exceed It

Follow for more.

https://1ban.news/us-foreign | Surfaced by a single provider (would be missed without it)
    - Bs, then why is Fox News still on the air. Carrs interests are partisan and an assault on the first amendment.

FCC's Ca | Surfaced by a single provider (would be missed without it)
    - The FCC just banned imports of Chinese-made robots — including humanoid bots and robot vacuums — over #national security | Surfaced by a single provider (would be missed without it)
    - Regulators Block EchoStar From Using $2.4 Billion 5G Fund for Internal Debts

https://wsnext.com/5ea2706-EchoStar-FCC-ru | Surfaced by a single provider (would be missed without it)
    - FCC's Carr defends actions against ABC, citing 'public interest' | AP News apnews.com/article/fcc-... | Surfaced by a single provider (would be missed without it)
    - apnews.com/article/fcc-... | Surfaced by a single provider (would be missed without it)
    - "Shares of phone and cable companies have been under pressure in recent months over fears that SpaceX will scoop up more | Surfaced by a single provider (would be missed without it)
    - Brendan Carr has direct ties to The Heritage Foundation, having authored the chapter on the Federal Communications Commi | Surfaced by a single provider (would be missed without it)
    - [CSPAN2] FCC Commissioner  Others Testify on Biden Administration Policies: senior republican commissioner on the federal communications commission he's bee... | Surfaced by a single provider (would be missed without it)
    - [CSPAN3] FCC Commissioner  Others Testify on Biden Administration Policies: excellent witnesses, brandon carr is a commissioner on the federal communication... | Surfaced by a single provider (would be missed without it)
    - [opens mouth and makes that data header noise that the emergency alert system makes, leading to my being fined by the fc | Surfaced by a single provider (would be missed without it)
    - Despite hundreds of public comments opposing a giant space mirror that would shine a beam of light roughly five kilometr | Surfaced by a single provider (would be missed without it)
    - Despite hundreds of public comments (new window) opposing a giant space mirror that would shine a beam of light roughly  | Surfaced by a single provider (would be missed without it)
    - Thanks to the www.lightreading.com/5g/spacex-mi.... | Surfaced by a single provider (would be missed without it)
    - @lasrina.bsky.social

 www.cnet.com/tech/computi... | Surfaced by a single provider (would be missed without it)
    - How is this being covered on SportsCenter? If this is covered I demand that General Hospital also get covered.  This is  | Surfaced by a single provider (would be missed without it)
    - Just likehis LORD AND MASTER, all he knows how to do is LIE...did anyone from CNN counter his statement, or are they run | Surfaced by a single provider (would be missed without it)
    - ⚡ A successful prototype does not always mean certification success.

PCBA manufacturing quality can directly affect:

R | Surfaced by a single provider (would be missed without it)
    - Trump bans robot vacuums, really. 

apple.news/Az-zPdjIgTwi... | Surfaced by a single provider (would be missed without it)
    - youtube.com/shorts/252Se... | Surfaced by a single provider (would be missed without it)

========================================================================
